,Gender,Age,# of Adults in Household,# of Children 0-5,# of Children 6-12,# of Children 13-17,Race/Ethnicity,Mailing County,Mailing Zip/Postal Code,Total Household Income,Veteran,Medical Benefits,SNAP Participant,
,Male,30,2,0,1,0,Hispanic,Dallas,75006,Unknown,FALSE,Uninsured,No,
,Female,26,2,3,0,0,Hispanic,Dallas,75006,"Under $26,700",FALSE,Medicaid,Yes,
,Female,37,2,0,1,0,Hispanic,Dallas,75006,Does not want to disclose,FALSE,Uninsured,No,
,Female,38,2,0,2,0,Hispanic,Dallas,75006,Unknown,FALSE,Uninsured,No,
,Female,41,4,0,1,1,Hispanic,Dallas,75006,"Under $26,700",FALSE,Uninsured,No,
,Female,41,2,1,1,0,Hispanic,Dallas,75006,"Under $26,700",FALSE,Medicaid,Yes,
,Female,43,3,0,1,1,Hispanic,Dallas,75234,"$44,501 - $71,200",FALSE,CHIP,No,
,Female,44,2,1,1,0,Hispanic,Dallas,75006,"$44,501 - $71,200",FALSE,Uninsured,No,
,Female,46,3,0,4,0,Hispanic,Dallas,75006,Does not want to disclose,FALSE,Uninsured,No,
,Female,29,2,1,2,0,Hispanic,Dallas,75006,"$26,701 - $44,500",FALSE,CHIP,Yes,
,Female,31,4,2,1,0,Hispanic,Dallas,75006,Unknown,FALSE,Uninsured,No,
,Female,33,1,0,1,0,Hispanic,Dallas,75006,Unknown,FALSE,Medicaid,No,
,Female,34,2,1,2,0,Hispanic,Denton,75007,"Under $26,700",FALSE,Medicaid,Yes,
,Female,34,2,1,2,1,Hispanic,Dallas,75006,Does not want to disclose,FALSE,Medicaid,No,
,Female,34,1,0,1,0,Hispanic,Dallas,75254,"Under $26,700",FALSE,Uninsured,No,
,Female,36,2,2,1,0,Hispanic,Dallas,75006,"Under $26,700",FALSE,CHIP,No,
,Female,37,3,1,2,0,Hispanic,Dallas,75254,"Under $26,700",FALSE,Uninsured,No,
,Female,38,2,4,0,0,Hispanic,Dallas,75006,Unknown,FALSE,Private,No,
,Female,39,2,2,0,0,Hispanic,Dallas,75006,Does not want to disclose,FALSE,Medicaid,No,
,Female,39,3,3,1,1,Hispanic,Dallas,75006,"Under $26,700",FALSE,Medicaid,Yes,
,Female,39,4,1,1,0,Hispanic,Dallas,75006,Unknown,FALSE,Private,No,
,Female,41,2,0,2,1,Hispanic,Dallas,75006,Does not want to disclose,FALSE,Uninsured,No,
,Female,42,1,0,1,0,Hispanic,Dallas,75006,"Under $26,700",FALSE,Medicaid,Yes,
,Female,43,2,0,1,1,Hispanic,Dallas,75006,Unknown,FALSE,Medicaid,No,
,Female,45,2,0,1,1,Hispanic,Dallas,75229,Unknown,FALSE,Medicaid,No,
,Female,45,2,0,1,0,Hispanic,Denton,75007,Does not want to disclose,FALSE,Private,Yes,
,Female,47,3,0,1,1,Hispanic,Dallas,75006,Does not want to disclose,FALSE,Medicaid,No,
,Female,48,2,0,1,2,Hispanic,Dallas,75007,"$26,701 - $44,500",FALSE,Medicaid,No,
,Female,49,4,0,1,0,Hispanic,Dallas,75006,"Under $26,700",FALSE,Medicaid,Yes,
,Female,50,4,0,1,1,Hispanic,Dallas,75229,"$26,701 - $44,500",FALSE,Uninsured,No,
,Female,53,2,0,2,1,Hispanic,Dallas,75006,Unknown,FALSE,Medicaid,No,
,Female,60,3,1,1,0,Hispanic,Dallas,75234,"Under $26,700",FALSE,Medicaid,No,
,Female,60,2,0,1,0,Hispanic,Dallas,75229,"Under $26,700",FALSE,Uninsured,No,
,Female,37,2,0,1,1,Hispanic,Dallas,75234,"$26,701 - $44,500",FALSE,Uninsured,No,
,Male,38,2,0,2,1,Hispanic,Dallas,75001,"$26,701 - $44,500",FALSE,Uninsured,No,
,Female,41,2,2,0,0,Hispanic,Dallas,75006,Unknown,FALSE,Medicaid,Prefer Not to Answer,
,Female,22,1,0,0,0,Hispanic,Dallas,75229,"Under $26,700",FALSE,Private,No,
,Female,28,2,2,0,0,Hispanic,Dallas,75007,Unknown,FALSE,Uninsured,No,
,Female,30,1,0,1,1,Black or African American,Dallas,75063,"Under $26,700",FALSE,Medicaid,Yes,
,Female,30,2,2,1,1,White,Dallas,75063,"Under $26,700",FALSE,Medicaid,Yes,
,Male,31,2,1,0,0,Hispanic,Dallas,75234,"Under $26,700",FALSE,Uninsured,No,
,Female,31,2,0,1,0,Hispanic,Dallas,75216,"$44,501 - $71,200",FALSE,Medicaid,No,
,Female,31,2,0,1,1,Hispanic,Dallas,75234,"Under $26,700",FALSE,Medicaid,No,
,Female,32,2,1,0,0,Hispanic,Dallas,75234,"Under $26,700",FALSE,Uninsured,No,
,Female,34,1,0,1,0,Hispanic,Dallas,75234,"Under $26,700",FALSE,Private,No,
,Female,35,2,0,2,1,Hispanic,Dallas,75229,Unknown,FALSE,Medicaid,No,
,Female,35,1,1,1,0,Hispanic,Dallas,75234,"Under $26,700",FALSE,Uninsured,No,
,Female,35,2,0,2,0,Hispanic,Dallas,75220,"$44,501 - $71,200",FALSE,Uninsured,No,
,Female,35,3,0,2,0,Hispanic,Dallas,75235,"$26,701 - $44,500",FALSE,Medicaid,Yes,
,Female,35,1,1,1,0,Hispanic,Denton,75007,Unknown,FALSE,Medicaid,No,
,Female,37,2,0,1,2,Hispanic,Dallas,75229,"Under $26,700",FALSE,Medicaid,Yes,
,Female,37,2,1,3,1,Hispanic,Dallas,75229,Unknown,FALSE,Medicaid,No,
,Female,38,2,0,2,0,Hispanic,Dallas,75006,"Under $26,700",FALSE,Uninsured,No,
,Female,38,2,0,1,1,Hispanic,Dallas,75234,"$26,701 - $44,500",FALSE,Private,Yes,
,Female,38,2,0,1,0,Hispanic,Dallas,75229,Unknown,FALSE,Private,No,
,Female,39,2,1,1,1,Hispanic,Dallas,75229,"$26,701 - $44,500",FALSE,Medicaid,No,
,Female,39,3,2,1,0,Hispanic,Dallas,75220,"$26,701 - $44,500",FALSE,Medicaid,No,
,Female,39,2,0,1,1,Two or More Races,Dallas,75234,"Under $26,700",FALSE,Medicaid,Yes,
,Female,40,3,0,0,2,Hispanic,Dallas,75229,"Under $26,700",FALSE,Medicaid,No,
,Female,41,2,0,2,1,Hispanic,Dallas,75229,Unknown,FALSE,Medicaid,Yes,
,Female,41,2,0,2,0,Hispanic,Dallas,75007,"Under $26,700",FALSE,Medicaid,No,
,Female,41,2,0,1,0,Hispanic,Dallas,75006,Unknown,FALSE,Uninsured,No,
,Female,42,2,1,2,0,Hispanic,Dallas,75229,Unknown,FALSE,Medicaid,No,
,Female,43,5,3,3,0,Hispanic,Dallas,75234,"$26,701 - $44,500",FALSE,Uninsured,No,
,Female,44,1,0,1,1,Hispanic,Dallas,75229,"Under $26,700",FALSE,Medicaid,Yes,
,Male,44,1,2,0,0,Two or More Races,Denton,75007,Unknown,FALSE,Private,No,
,Female,46,4,2,1,1,Hispanic,Dallas,75212,Unknown,FALSE,CHIP,No,
,Female,47,2,0,1,1,Hispanic,Dallas,75229,"Under $26,700",FALSE,Medicaid,Yes,
,Female,48,2,0,0,1,Hispanic,Dallas,75234,"$26,701 - $44,500",FALSE,Medicaid,No,
,Female,50,3,0,0,1,Hispanic,Dallas,75234,"$26,701 - $44,500",FALSE,Medicaid,No,
,Female,51,1,0,1,0,Hispanic,Dallas,75006,"Under $26,700",FALSE,Uninsured,No,
,Male,51,3,0,0,0,Hispanic,Dallas,75229,"$26,701 - $44,500",FALSE,Medicaid,No,
,Female,29,2,0,1,0,Hispanic,Denton,75007,Unknown,FALSE,Uninsured,No,
,Female,33,2,0,1,0,Two or More Races,Denton,75007,"$26,701 - $44,500",FALSE,Medicaid,Yes,
,Female,40,3,0,2,1,Two or More Races,Denton,75007,Unknown,FALSE,Uninsured,No,
,Female,30,2,1,0,0,Hispanic,Dallas,75215,Does not want to disclose,FALSE,Medicaid,No,
,Female,42,2,1,1,1,Hispanic,Dallas,75215,Does not want to disclose,FALSE,Medicaid,Yes,
,Female,20,3,1,0,0,Hispanic,Dallas,75210,Does not want to disclose,FALSE,Uninsured,No,
,Female,36,2,1,1,1,Hispanic,Dallas,75215,Does not want to disclose,FALSE,Medicaid,No,
,Female,38,2,1,0,0,Hispanic,Dallas,75210,Does not want to disclose,FALSE,Medicaid,Yes,
,Female,42,1,1,0,0,Hispanic,Dallas,75215,Does not want to disclose,FALSE,Medicaid,Yes,
,Female,43,2,1,1,1,Hispanic,Dallas,75210,Unknown,FALSE,Medicaid,No,
,Female,Unknown,1,1,0,0,Black or African American,Dallas,75232,Does not want to disclose,FALSE,Prefer Not to Answer,Prefer Not to Answer,
,Female,29,2,1,0,0,Black or African American,Dallas,75224,Unknown,FALSE,Medicaid,Yes,
,Male,33,2,1,0,0,Black or African American,Dallas,75224,"Under $26,700",FALSE,Private,No,
,Female,Unknown,1,1,0,0,Black or African American,Dallas,75232,Does not want to disclose,FALSE,Prefer Not to Answer,Prefer Not to Answer,
,Female,48,5,2,1,0,Hispanic,Dallas,75232,"Under $26,700",FALSE,Medicaid,Yes,
,Female,Unknown,1,1,0,0,Hispanic,Dallas,75216,Does not want to disclose,FALSE,Prefer Not to Answer,Prefer Not to Answer,
,Female,37,2,0,2,0,Hispanic,Dallas,75227,"Under $26,700",FALSE,Prefer Not to Answer,No,
,Female,Unknown,2,2,2,0,Hispanic,Dallas,75232,Unknown,FALSE,Medicaid,Yes,
,Female,Unknown,2,1,1,0,Hispanic,Dallas,75080,"Under $26,700",FALSE,Uninsured,No,
,Female,Unknown,2,1,1,0,Hispanic,Dallas,75252,"$26,701 - $44,500",FALSE,Prefer Not to Answer,No,
,Male,Unknown,1,0,0,0,Hispanic,Dallas,75241,"Under $26,700",FALSE,Prefer Not to Answer,No,
,Female,Unknown,3,0,1,2,Hispanic,Dallas,75216,"$26,701 - $44,500",FALSE,Medicaid,No,
,Female,Unknown,1,1,2,0,Black or African American,Dallas,75241,Does not want to disclose,FALSE,Prefer Not to Answer,Prefer Not to Answer,
,Female,Unknown,1,1,1,0,Black or African American,Dallas,75141,"$26,701 - $44,500",FALSE,Medicaid,No,
,Female,Unknown,1,1,1,0,Hispanic,Dallas,75224,Does not want to disclose,FALSE,Prefer Not to Answer,Prefer Not to Answer,
,Male,Unknown,1,0,0,0,Hispanic,Dallas,75254,"Under $26,700",FALSE,Prefer Not to Answer,No,
,Male,Unknown,1,0,0,0,Hispanic,Dallas,75080,"Under $26,700",FALSE,Uninsured,No,
,Male,Unknown,1,0,0,0,Hispanic,Dallas,75241,"$44,501 - $71,200",FALSE,Private,No,
,Male,Unknown,1,0,0,0,Hispanic,Dallas,75150,"$26,701 - $44,500",FALSE,Prefer Not to Answer,Prefer Not to Answer,
,Male,Unknown,1,0,0,0,Hispanic,Dallas,75241,"Over $71,200",FALSE,Uninsured,No,
,Female,20,2,1,1,0,Black or African American,Dallas,75241,Does not want to disclose,FALSE,Medicaid,No,
,Female,21,3,1,0,0,Hispanic,Dallas,75241,Does not want to disclose,FALSE,Medicaid,No,
,Male,21,3,1,1,0,Hispanic,Dallas,75241,Does not want to disclose,FALSE,Medicaid,No,
,Female,24,2,1,0,0,Hispanic,Dallas,75254,Does not want to disclose,FALSE,Other,No,
,Female,25,2,1,1,0,Hispanic,Dallas,75241,"Over $71,200",FALSE,Uninsured,No,
,Female,26,3,1,1,0,Black or African American,Dallas,75241,"$26,701 - $44,500",FALSE,Medicaid,No,
,Female,29,2,1,0,0,Hispanic,Dallas,75237,"Under $26,700",FALSE,Uninsured,No,
,Female,29,2,2,1,1,Hispanic,Dallas,75241,"Under $26,700",FALSE,Prefer Not to Answer,No,
,Male,29,2,1,0,0,Black or African American,Dallas,75237,"$44,501 - $71,200",FALSE,Prefer Not to Answer,No,
,Female,29,2,2,0,0,Hispanic,Dallas,75254,"$26,701 - $44,500",FALSE,Prefer Not to Answer,No,
,Female,30,2,1,0,0,Black or African American,Dallas,75237,"$26,701 - $44,500",FALSE,Medicaid,Yes,
,Female,31,2,1,1,0,Hispanic,Dallas,75241,"$44,501 - $71,200",FALSE,Private,No,
,Male,31,1,0,0,0,Black or African American,Other,75165,"$44,501 - $71,200",FALSE,Private,No,
,Male,31,1,0,0,0,Hispanic,Dallas,75080,"Under $26,700",FALSE,Uninsured,No,
,Female,32,4,4,1,0,Hispanic,Dallas,75241,"$26,701 - $44,500",FALSE,Medicaid,Yes,
,Female,32,2,1,1,0,Hispanic,Dallas,75234,Unknown,FALSE,Private,No,
,Female,32,2,1,1,0,Hispanic,Dallas,75254,"Under $26,700",FALSE,Prefer Not to Answer,No,
,Female,34,1,2,1,2,Black or African American,Dallas,75241,"Under $26,700",FALSE,Medicaid,No,
,Female,34,2,0,2,0,Hispanic,Dallas,75216,"$26,701 - $44,500",FALSE,Medicaid,No,
,Female,34,2,1,1,0,Hispanic,Dallas,75254,Does not want to disclose,FALSE,Medicaid,No,
,Male,34,2,1,1,0,Hispanic,Dallas,75232,Unknown,FALSE,Medicaid,No,
,Female,35,2,1,2,0,Two or More Races,Dallas,75060,"$26,701 - $44,500",FALSE,Medicaid; Private,No,
,Female,37,2,2,2,1,Hispanic,Dallas,75080,"Under $26,700",FALSE,Uninsured,No,
,Female,37,2,0,2,2,Hispanic,Dallas,75203,"$26,701 - $44,500",FALSE,Medicaid,No,
,Female,37,1,1,2,0,Black or African American,Dallas,75204,"$44,501 - $71,200",FALSE,Medicaid,No,
,Female,38,2,0,1,0,Hispanic,Dallas,75150,Unknown,FALSE,Private,No,
,Female,38,2,0,1,0,Hispanic,Dallas,75146,Does not want to disclose,FALSE,Uninsured,No,
,Female,38,1,3,1,1,Black or African American,Dallas,75241,"$26,701 - $44,500",FALSE,Medicaid,No,
,Male,39,2,1,2,0,Hispanic,Dallas,75060,"$26,701 - $44,500",FALSE,Prefer Not to Answer,No,
,Female,39,2,1,1,0,Hispanic,Dallas,75224,"Under $26,700",FALSE,Prefer Not to Answer,No,
,Female,39,2,2,0,0,Hispanic,Dallas,75218,"$26,701 - $44,500",FALSE,Medicaid,No,
,Male,40,1,0,0,0,Hispanic,Dallas,75252,"$26,701 - $44,500",FALSE,Prefer Not to Answer,No,
,Male,42,2,1,1,0,Black or African American,Dallas,75261,Does not want to disclose,FALSE,Prefer Not to Answer,No,
,Female,43,1,1,0,0,Asian,Dallas,75224,"$44,501 - $71,200",FALSE,Private,No,
,Female,44,2,1,1,1,Hispanic,Dallas,75241,"Under $26,700",FALSE,Medicaid,No,
,Female,44,3,0,1,1,Hispanic,Dallas,75227,"$26,701 - $44,500",FALSE,Medicaid,No,
,Female,46,1,2,1,0,Black or African American,Dallas,75241,Does not want to disclose,FALSE,Medicaid,Yes,
,Female,46,3,0,1,1,Hispanic,Dallas,75134,"Under $26,700",FALSE,Medicaid,No,
,Female,46,2,1,1,0,Hispanic,Dallas,75080,"Under $26,700",FALSE,Uninsured,No,
,Female,46,2,0,2,2,Hispanic,Dallas,75220,"Under $26,700",FALSE,Medicaid,Yes,
,Female,49,2,2,2,0,Black or African American,Dallas,75241,"Under $26,700",FALSE,Prefer Not to Answer,No,
,Female,50,2,0,2,0,Black or African American,Dallas,75216,"$44,501 - $71,200",FALSE,Medicaid,No,
,Female,51,3,1,0,0,Hispanic,Dallas,75241,"$26,701 - $44,500",FALSE,Medicaid,No,
,Female,54,2,1,1,0,Black or African American,Dallas,75241,"Under $26,700",FALSE,Prefer Not to Answer,No,
,Female,60,3,1,1,0,Hispanic,Dallas,75203,"$44,501 - $71,200",FALSE,CHIP,No,
,Male,61,2,1,1,0,Black or African American,Dallas,75216,"Under $26,700",FALSE,Medicaid,No,
,Female,Unknown,1,1,0,0,Black or African American,Dallas,75216,,FALSE,Prefer Not to Answer,Prefer Not to Answer,
,Female,Unknown,1,1,0,0,Black or African American,Dallas,75216,Unknown,FALSE,Prefer Not to Answer,Prefer Not to Answer,
,Female,46,1,0,1,1,Black or African American,Dallas,75216,"Under $26,700",FALSE,Medicaid,No,
,Female,Unknown,1,1,0,0,Black or African American,Dallas,75217,"Under $26,700",FALSE,Prefer Not to Answer,Prefer Not to Answer,
,Female,Unknown,1,1,0,0,Black or African American,Dallas,75217,"Under $26,700",FALSE,Prefer Not to Answer,Prefer Not to Answer,
,Female,Unknown,1,1,0,0,Black or African American,Dallas,75215,Does not want to disclose,FALSE,Prefer Not to Answer,Prefer Not to Answer,
,Female,Unknown,1,1,0,0,Black or African American,Dallas,75022,Does not want to disclose,FALSE,Prefer Not to Answer,Prefer Not to Answer,
,Female,Unknown,1,1,0,0,Black or African American,Dallas,75215,Does not want to disclose,FALSE,Prefer Not to Answer,Prefer Not to Answer,
,Female,Unknown,1,1,0,0,Black or African American,Dallas,75215,Does not want to disclose,FALSE,Prefer Not to Answer,Prefer Not to Answer,
,Female,Unknown,1,1,0,0,Black or African American,Dallas,75215,Does not want to disclose,FALSE,Prefer Not to Answer,Prefer Not to Answer,
,Prefer Not to Answer,Unknown,1,1,0,0,Prefer Not to Answer,Dallas,75203,Does not want to disclose,FALSE,Prefer Not to Answer,Prefer Not to Answer,
,Female,Unknown,1,1,0,0,Black or African American,Dallas,75203,Does not want to disclose,FALSE,Prefer Not to Answer,Prefer Not to Answer,
,Female,Unknown,1,1,0,0,Hispanic,Dallas,75203,Does not want to disclose,FALSE,Prefer Not to Answer,Prefer Not to Answer,
,Female,44,3,1,1,0,Hispanic,Dallas,75203,"$26,701 - $44,500",FALSE,Uninsured,No,
,Female,Unknown,2,1,0,0,Hispanic,Dallas,75232,"$26,701 - $44,500",FALSE,Uninsured,No,
,Female,34,2,1,0,0,Hispanic,Dallas,75243,"$26,701 - $44,500",FALSE,Medicaid,No,
,Female,34,2,1,0,0,Hispanic,Dallas,75203,"$44,501 - $71,200",FALSE,Other,No,
,Female,43,3,1,0,0,Hispanic,Dallas,75241,"$44,501 - $71,200",FALSE,Uninsured,No,
,Female,Unknown,3,1,0,0,Hispanic,Dallas,75203,"$26,701 - $44,500",FALSE,Prefer Not to Answer,No,
,Female,Unknown,2,1,0,0,Hispanic,Dallas,75216,"$26,701 - $44,500",FALSE,Prefer Not to Answer,No,
,Female,26,2,1,0,0,Hispanic,Dallas,75203,"$44,501 - $71,200",FALSE,Other,No,
,Female,40,2,1,1,1,Hispanic,Dallas,75217,"$26,701 - $44,500",FALSE,Medicaid,No,
,Female,Unknown,1,1,0,0,Black or African American,Dallas,75210,"Under $26,700",FALSE,Prefer Not to Answer,Prefer Not to Answer,
,Female,Unknown,1,1,0,0,Black or African American,Dallas,75216,"Under $26,700",FALSE,Prefer Not to Answer,Prefer Not to Answer,
,Female,35,1,1,0,0,Black or African American,Dallas,75203,Does not want to disclose,FALSE,Medicaid,No,
,Female,Unknown,1,1,0,0,Prefer Not to Answer,Dallas,,Does not want to disclose,FALSE,Prefer Not to Answer,Prefer Not to Answer,
,Female,Unknown,1,1,0,0,Prefer Not to Answer,Dallas,,Does not want to disclose,FALSE,Prefer Not to Answer,Prefer Not to Answer,
,Prefer Not to Answer,Unknown,1,1,0,0,Prefer Not to Answer,Dallas,,Does not want to disclose,FALSE,Prefer Not to Answer,Prefer Not to Answer,
,Female,Unknown,1,1,0,0,Prefer Not to Answer,Dallas,,Does not want to disclose,FALSE,Prefer Not to Answer,Prefer Not to Answer,
,Female,Unknown,1,1,0,0,Prefer Not to Answer,Dallas,,Does not want to disclose,FALSE,Prefer Not to Answer,Prefer Not to Answer,
,Female,Unknown,1,1,0,0,Prefer Not to Answer,Dallas,,Does not want to disclose,FALSE,Prefer Not to Answer,Prefer Not to Answer,
,Female,39,2,1,0,0,Hispanic,Dallas,75248,Unknown,FALSE,Uninsured,Prefer Not to Answer,
,Female,34,2,1,0,0,Hispanic,Dallas,75248,Does not want to disclose,FALSE,Prefer Not to Answer,Prefer Not to Answer,
,Female,43,2,1,0,0,Hispanic,Dallas,75254,"$26,701 - $44,500",FALSE,Uninsured,Prefer Not to Answer,
,Female,42,1,0,1,1,Hispanic,Dallas,75254,Does not want to disclose,FALSE,Prefer Not to Answer,Prefer Not to Answer,
,Female,Unknown,1,1,0,0,Hispanic,Dallas,75254,Does not want to disclose,FALSE,Prefer Not to Answer,Prefer Not to Answer,
,Female,25,2,1,0,0,Hispanic,Dallas,75254,"Under $26,700",FALSE,Uninsured,Prefer Not to Answer,
,Female,28,2,2,0,0,Hispanic,Dallas,75240,"$26,701 - $44,500",FALSE,Medicaid,Prefer Not to Answer,
,Female,29,2,1,10,0,Hispanic,Dallas,75254,Does not want to disclose,FALSE,Prefer Not to Answer,Yes,
,Female,Unknown,1,1,0,0,Hispanic,Dallas,75254,Does not want to disclose,FALSE,Prefer Not to Answer,Prefer Not to Answer,
,Female,34,1,1,0,0,Black or African American,Dallas,75254,"Under $26,700",FALSE,Uninsured,Prefer Not to Answer,
,Male,43,2,1,1,0,Hispanic,Dallas,75254,"Under $26,700",FALSE,Uninsured,Prefer Not to Answer,
,Female,Unknown,1,1,0,0,Hispanic,Dallas,75254,Does not want to disclose,FALSE,Prefer Not to Answer,Prefer Not to Answer,
,Male,Unknown,1,1,0,0,Hispanic,Dallas,75254,Does not want to disclose,FALSE,Prefer Not to Answer,Prefer Not to Answer,
,Female,26,1,0,1,0,Hispanic,Dallas,75254,"Under $26,700",FALSE,Prefer Not to Answer,Prefer Not to Answer,
,Female,26,1,1,0,0,Hispanic,Dallas,75254,Does not want to disclose,FALSE,Medicaid,Prefer Not to Answer,
,Female,35,2,2,1,1,Hispanic,Dallas,75254,"$26,701 - $44,500",FALSE,Medicaid,Yes,
,Male,55,1,0,1,0,Black or African American,Dallas,75254,"Under $26,700",FALSE,Medicaid,Prefer Not to Answer,
,Male,Unknown,1,1,0,0,Hispanic,Dallas,75254,Does not want to disclose,FALSE,Prefer Not to Answer,Prefer Not to Answer,
,Male,31,2,1,0,0,Black or African American,Dallas,75254,"$44,501 - $71,200",FALSE,Private,Prefer Not to Answer,
,Female,Unknown,1,1,0,0,Hispanic,Dallas,75254,Does not want to disclose,FALSE,Prefer Not to Answer,Prefer Not to Answer,
,Female,56,3,1,0,0,Hispanic,Dallas,75254,Does not want to disclose,FALSE,Prefer Not to Answer,Prefer Not to Answer,
,Female,Unknown,2,1,1,0,Hispanic,Dallas,75254,Does not want to disclose,FALSE,Uninsured,No,
,Female,27,2,1,0,0,Hispanic,Dallas,75254,"Under $26,700",FALSE,Medicaid,No,
,Female,28,2,1,0,0,Hispanic,Dallas,75254,Unknown,FALSE,Prefer Not to Answer,No,
,Female,29,2,1,0,0,Black or African American,Dallas,75254,"$44,501 - $71,200",FALSE,Medicaid,No,
,Female,31,4,0,1,0,Hispanic,Dallas,75258,Does not want to disclose,FALSE,Uninsured,No,
,Female,32,2,0,2,0,Hispanic,Dallas,75254,"Under $26,700",FALSE,Medicaid,No,
,Female,32,2,1,1,0,Hispanic,Dallas,75254,"Under $26,700",FALSE,Prefer Not to Answer,No,
,Female,33,4,0,1,0,Hispanic,Dallas,75288,Does not want to disclose,FALSE,Prefer Not to Answer,No,
,Female,34,2,0,1,1,Hispanic,Dallas,75254,"Under $26,700",FALSE,Prefer Not to Answer,No,
,Female,34,2,1,0,2,Hispanic,Dallas,75254,"$26,701 - $44,500",FALSE,Medicaid,Prefer Not to Answer,
,Female,35,1,0,1,0,Hispanic,Dallas,75254,"Under $26,700",FALSE,CHIP,Yes,
,Female,37,2,0,1,0,Hispanic,Dallas,75254,Unknown,FALSE,Prefer Not to Answer,No,
,Female,37,2,0,1,0,Hispanic,Dallas,75254,Does not want to disclose,FALSE,Prefer Not to Answer,No,
,Female,38,2,1,1,1,Hispanic,Dallas,75254,Does not want to disclose,FALSE,Medicaid,No,
,Male,38,2,0,1,0,Hispanic,Dallas,75254,"Under $26,700",FALSE,Prefer Not to Answer,Yes,
,Female,39,2,0,2,0,Hispanic,Dallas,75254,"Under $26,700",FALSE,Medicaid,No,
,Female,39,1,1,1,1,Hispanic,Dallas,75254,Does not want to disclose,FALSE,Prefer Not to Answer,No,
,Female,40,1,1,0,0,Hispanic,Dallas,75254,Does not want to disclose,FALSE,Medicaid,No,
,Female,41,2,0,1,1,Hispanic,Dallas,75254,Unknown,FALSE,Uninsured,No,
,Female,43,2,0,1,1,Hispanic,Dallas,75254,"$26,701 - $44,500",FALSE,CHIP,No,
,Male,44,2,1,1,0,Black or African American,Dallas,75240,"Under $26,700",FALSE,Private,Prefer Not to Answer,
,Female,44,2,0,1,2,Hispanic,Dallas,75254,Does not want to disclose,FALSE,Uninsured,No,
,Male,44,2,1,1,0,Hispanic,Dallas,75240,Does not want to disclose,FALSE,Prefer Not to Answer,No,
,Female,44,3,0,1,0,Hispanic,Dallas,75254,"$26,701 - $44,500",FALSE,Prefer Not to Answer,No,
,Female,44,2,0,2,0,Hispanic,Dallas,75254,"Under $26,700",FALSE,Medicaid,No,
,Male,46,2,0,1,1,Hispanic,Dallas,75254,"$26,701 - $44,500",FALSE,Medicaid,No,
,Male,46,2,0,1,1,Hispanic,Dallas,75254,"$26,701 - $44,500",FALSE,Medicaid,No,
,Male,46,2,1,0,0,Hispanic,Dallas,75254,"Under $26,700",FALSE,Prefer Not to Answer,No,
,Male,46,3,0,1,0,Hispanic,Dallas,75254,"$26,701 - $44,500",FALSE,Medicaid,No,
,Female,55,2,0,1,0,Hispanic,Dallas,75254,Does not want to disclose,FALSE,Medicaid,No,
,Female,58,2,1,0,0,Hispanic,Dallas,75240,"Under $26,700",FALSE,Other,No,
,Female,44,2,0,3,0,Hispanic,Dallas,75254,"Under $26,700",FALSE,Medicaid,Yes,
,Male,32,2,1,1,0,Hispanic,Dallas,75287,"$44,501 - $71,200",FALSE,Private,Prefer Not to Answer,
,Male,36,2,1,2,1,Black or African American,Dallas,75254,"$26,701 - $44,500",FALSE,Prefer Not to Answer,Prefer Not to Answer,
,Female,Unknown,1,1,0,0,Black or African American,Dallas,75254,Does not want to disclose,FALSE,Prefer Not to Answer,Prefer Not to Answer,
,Female,34,2,1,0,0,Black or African American,Dallas,75243,"$26,701 - $44,500",FALSE,Uninsured,Prefer Not to Answer,
,Male,34,2,1,0,0,Black or African American,Dallas,75243,"$26,701 - $44,500",FALSE,Uninsured,Prefer Not to Answer,
,Female,44,1,1,0,0,Hispanic,Dallas,75254,"$26,701 - $44,500",FALSE,Medicaid,Prefer Not to Answer,
,Female,42,2,1,1,0,Hispanic,Dallas,75254,"Under $26,700",FALSE,Medicaid,Prefer Not to Answer,
,Female,34,2,1,1,0,Hispanic,Dallas,75254,Unknown,FALSE,Medicaid,Prefer Not to Answer,
,Female,43,2,2,2,1,Hispanic,Dallas,75254,"Under $26,700",FALSE,Medicaid,Prefer Not to Answer,
,Male,40,2,0,1,0,Black or African American,Dallas,75254,"Over $71,200",FALSE,Medicaid,Prefer Not to Answer,
,Female,42,2,1,0,0,Hispanic,Dallas,75254,Does not want to disclose,FALSE,Uninsured,Prefer Not to Answer,
,Female,27,3,2,0,0,Hispanic,Dallas,75254,"Under $26,700",FALSE,Prefer Not to Answer,Prefer Not to Answer,
,Female,26,1,1,0,0,Hispanic,Dallas,75243,"Under $26,700",FALSE,Medicaid,Yes,
,Female,28,2,1,2,0,Hispanic,Dallas,75254,"$26,701 - $44,500",FALSE,Medicaid,Prefer Not to Answer,
,Female,33,4,3,0,0,Hispanic,Dallas,75254,"$26,701 - $44,500",FALSE,Medicaid,Prefer Not to Answer,
,Female,31,1,1,0,0,Hispanic,Dallas,75254,Does not want to disclose,FALSE,Medicaid,Prefer Not to Answer,
,Female,27,2,1,0,0,Hispanic,Dallas,75254,"Under $26,700",FALSE,Prefer Not to Answer,Prefer Not to Answer,
,Female,Unknown,1,1,0,0,Hispanic,Dallas,75254,Does not want to disclose,FALSE,Prefer Not to Answer,Prefer Not to Answer,
,Female,37,2,1,0,0,Black or African American,Dallas,75254,"$44,501 - $71,200",FALSE,Other,Prefer Not to Answer,
,Male,47,2,0,3,2,Black or African American,Dallas,75254,"$44,501 - $71,200",FALSE,CHIP,Prefer Not to Answer,
,Male,39,2,1,2,0,Black or African American,Dallas,75254,"$26,701 - $44,500",FALSE,Medicaid,Prefer Not to Answer,
,Female,Unknown,1,1,0,0,Hispanic,Dallas,75254,Does not want to disclose,FALSE,Prefer Not to Answer,Prefer Not to Answer,
,Female,Unknown,2,0,1,0,Hispanic,Dallas,75254,Does not want to disclose,FALSE,Uninsured,No,
,Female,26,2,1,0,0,Hispanic,Dallas,75254,Does not want to disclose,FALSE,Uninsured,Prefer Not to Answer,
,Female,Unknown,1,1,0,0,Black or African American,Dallas,75254,Does not want to disclose,FALSE,Prefer Not to Answer,Prefer Not to Answer,
,Female,Unknown,1,1,0,0,Hispanic,Dallas,75254,Does not want to disclose,FALSE,Prefer Not to Answer,Prefer Not to Answer,
,Male,42,2,1,1,0,Hispanic,Dallas,75254,"$44,501 - $71,200",FALSE,Prefer Not to Answer,Prefer Not to Answer,
,Female,Unknown,2,1,0,0,Hispanic,Dallas,75254,"Under $26,700",FALSE,Medicaid,No,
,Female,39,2,0,4,0,Hispanic,Dallas,75254,Does not want to disclose,FALSE,Prefer Not to Answer,Prefer Not to Answer,
,Male,38,2,1,1,0,Hispanic,Dallas,75254,Does not want to disclose,FALSE,Uninsured,Prefer Not to Answer,
,Female,26,2,2,0,0,Hispanic,Dallas,75254,"Under $26,700",FALSE,Uninsured,No,
,Female,28,2,1,0,0,Hispanic,Dallas,75248,"Under $26,700",FALSE,Other,No,
,Male,28,2,1,0,0,Hispanic,Dallas,75248,"Under $26,700",FALSE,Prefer Not to Answer,No,
,Female,30,2,1,3,0,Hispanic,Dallas,75254,"$26,701 - $44,500",FALSE,Medicaid,Yes,
,Female,30,2,1,1,0,Hispanic,Dallas,75254,"$26,701 - $44,500",FALSE,Uninsured,No,
,Female,31,2,1,0,0,Hispanic,Dallas,75254,"Under $26,700",FALSE,Prefer Not to Answer,No,
,Female,32,3,1,0,0,Hispanic,Dallas,75254,"Under $26,700",FALSE,Private,No,
,Male,33,2,2,1,0,Hispanic,Dallas,75254,"$26,701 - $44,500",FALSE,Prefer Not to Answer,No,
,Female,33,2,2,1,0,Hispanic,Dallas,75254,"$26,701 - $44,500",FALSE,Medicaid,No,
,Female,34,1,1,0,0,Hispanic,Dallas,75254,Does not want to disclose,FALSE,Prefer Not to Answer,Prefer Not to Answer,
,Male,34,3,1,0,0,Hispanic,Dallas,75254,"Under $26,700",FALSE,Private,No,
,Female,35,2,1,1,0,Hispanic,Dallas,75254,"Under $26,700",FALSE,Medicaid,No,
,Female,36,2,1,0,1,Hispanic,Dallas,75254,"Under $26,700",FALSE,Uninsured,No,
,Male,36,1,1,0,0,Black or African American,Dallas,75254,Does not want to disclose,FALSE,Prefer Not to Answer,Prefer Not to Answer,
,Female,38,2,0,2,0,Hispanic,Dallas,75254,Does not want to disclose,FALSE,Prefer Not to Answer,No,
,Male,38,2,0,2,0,Hispanic,Dallas,75254,"$26,701 - $44,500",FALSE,Medicaid,No,
,Female,39,1,1,0,0,Black or African American,Dallas,75254,Does not want to disclose,FALSE,Prefer Not to Answer,Prefer Not to Answer,
,Female,39,2,2,0,0,Hispanic,Dallas,75240,Does not want to disclose,FALSE,Medicaid,Yes,
,Male,39,2,1,1,1,Hispanic,Dallas,75254,Does not want to disclose,FALSE,Prefer Not to Answer,No,
,Female,39,2,1,2,0,Hispanic,Dallas,75254,Does not want to disclose,FALSE,Prefer Not to Answer,No,
,Female,41,2,0,2,0,Hispanic,Dallas,75254,Unknown,FALSE,Uninsured,No,
,Male,41,2,0,2,0,Hispanic,Dallas,75254,Does not want to disclose,FALSE,Prefer Not to Answer,No,
,Female,42,2,0,2,0,Hispanic,Dallas,75254,"$26,701 - $44,500",FALSE,Medicaid,No,
,Female,43,2,1,0,1,Hispanic,Dallas,75254,"Under $26,700",FALSE,Medicaid,No,
,Female,44,2,0,1,0,Hispanic,Dallas,75254,"$26,701 - $44,500",FALSE,Prefer Not to Answer,No,
,Female,45,2,1,0,0,Asian,Dallas,75254,"$44,501 - $71,200",FALSE,Other,No,
,Female,45,3,1,1,1,Hispanic,Dallas,75254,"Under $26,700",FALSE,Medicaid,No,
,Female,46,2,0,2,0,Hispanic,Dallas,75254,Unknown,FALSE,Prefer Not to Answer,No,
,Female,46,2,0,1,1,Hispanic,Dallas,75254,"Under $26,700",FALSE,Private,No,
,Female,46,2,2,1,0,Hispanic,Dallas,75254,"Under $26,700",FALSE,Prefer Not to Answer,No,
,Female,47,2,1,1,0,Black or African American,Dallas,75254,"$44,501 - $71,200",FALSE,Other,No,
,Male,49,2,0,2,0,Hispanic,Dallas,75254,"Under $26,700",FALSE,Medicaid,No,
,Male,51,1,0,1,0,Hispanic,Dallas,75254,"$26,701 - $44,500",FALSE,CHIP,No,
,Female,51,2,0,1,1,Hispanic,Dallas,75254,"$26,701 - $44,500",FALSE,CHIP,No,
,Female,51,2,0,1,0,Hispanic,Dallas,75254,"Under $26,700",FALSE,Prefer Not to Answer,No,
,Female,33,2,0,1,0,Hispanic,Dallas,75134,"Under $26,700",FALSE,Prefer Not to Answer,No,
,Male,Unknown,2,0,2,0,Hispanic,Dallas,75134,"$26,701 - $44,500",FALSE,Prefer Not to Answer,No,
,Female,Unknown,2,0,1,0,Hispanic,Dallas,75134,Does not want to disclose,FALSE,Prefer Not to Answer,No,
,Male,Unknown,2,1,0,0,Hispanic,Dallas,75134,Does not want to disclose,FALSE,Medicaid,No,
,Female,31,2,2,2,0,Hispanic,Dallas,75134,"$26,701 - $44,500",FALSE,Medicaid,No,
,Male,Unknown,1,0,1,0,Hispanic,Dallas,75134,Does not want to disclose,FALSE,Prefer Not to Answer,Prefer Not to Answer,
,Female,21,1,0,1,0,Hispanic,Dallas,75134,Does not want to disclose,FALSE,Uninsured,No,
,Female,25,2,1,0,0,Hispanic,Dallas,75134,Does not want to disclose,FALSE,Medicaid,No,
,Female,26,2,0,1,0,Hispanic,Dallas,75134,"$44,501 - $71,200",FALSE,Private,No,
,Female,27,2,0,1,0,Hispanic,Dallas,75146,"Under $26,700",FALSE,Prefer Not to Answer,No,
,Female,27,2,1,0,0,Hispanic,Dallas,75146,Does not want to disclose,FALSE,Uninsured,No,
,Female,29,2,1,0,0,Hispanic,Dallas,75134,Does not want to disclose,FALSE,Uninsured,No,
,Female,29,2,1,2,0,Hispanic,Dallas,75134,"$26,701 - $44,500",FALSE,Uninsured,No,
,Male,30,2,0,1,0,Hispanic,Dallas,75134,Does not want to disclose,FALSE,Prefer Not to Answer,No,
,Female,30,2,1,1,0,Hispanic,Dallas,75134,Unknown,FALSE,Medicaid,No,
,Female,31,2,1,1,0,Hispanic,Dallas,75134,"$44,501 - $71,200",FALSE,Medicaid,No,
,Female,33,2,1,0,0,Hispanic,Dallas,75134,"Under $26,700",FALSE,Medicaid,No,
,Female,33,2,2,0,0,Hispanic,Dallas,75134,Does not want to disclose,FALSE,Medicaid,No,
,Female,34,2,2,1,0,Hispanic,Dallas,75134,Does not want to disclose,FALSE,Medicaid,No,
,Female,34,2,1,1,0,Hispanic,Dallas,75146,"Under $26,700",FALSE,Uninsured,No,
,Male,35,2,0,2,0,Hispanic,Dallas,75134,Does not want to disclose,FALSE,Prefer Not to Answer,No,
,Female,35,2,2,2,0,Hispanic,Dallas,75146,"$44,501 - $71,200",FALSE,Medicaid; Other,No,
,Female,35,1,2,1,0,Hispanic,Dallas,75146,"$26,701 - $44,500",FALSE,Prefer Not to Answer,No,
,Female,37,2,1,1,1,Hispanic,Dallas,75134,Does not want to disclose,FALSE,Medicaid,No,
,Female,37,2,2,1,1,Hispanic,Dallas,75146,Does not want to disclose,FALSE,CHIP,No,
,Female,38,2,2,1,2,Hispanic,Dallas,75134,"$44,501 - $71,200",FALSE,Medicaid,No,
,Female,38,2,2,2,0,Hispanic,Dallas,75134,"Over $71,200",FALSE,Prefer Not to Answer,No,
,Female,40,1,2,1,0,Hispanic,Dallas,75232,"Under $26,700",FALSE,Medicaid,Yes,
,Female,40,2,1,0,1,Hispanic,Dallas,75134,Does not want to disclose,FALSE,CHIP,No,
,Female,41,2,1,1,0,Hispanic,Dallas,75146,"$26,701 - $44,500",FALSE,Prefer Not to Answer,No,
,Female,41,2,0,2,1,Hispanic,Dallas,75134,Unknown,FALSE,Medicaid,Yes,
,Female,41,3,1,2,0,Hispanic,Dallas,75146,"$44,501 - $71,200",FALSE,Private,No,
,Female,42,2,2,1,1,Hispanic,Dallas,75154,"$26,701 - $44,500",FALSE,Medicaid,No,
,Female,44,2,1,1,1,Hispanic,Dallas,75134,Does not want to disclose,FALSE,Medicaid,No,
,Female,44,3,0,2,2,Hispanic,Dallas,75134,"$44,501 - $71,200",FALSE,Private,No,
,Female,45,2,1,1,0,Hispanic,Dallas,75134,Does not want to disclose,FALSE,Prefer Not to Answer,No,
,Female,51,2,0,2,0,Hispanic,Dallas,75134,Unknown,FALSE,Prefer Not to Answer,No,
,Female,55,4,1,1,0,Hispanic,Dallas,75134,Does not want to disclose,FALSE,Prefer Not to Answer,No,
,Male,60,2,0,2,0,Hispanic,Dallas,75134,Does not want to disclose,FALSE,Prefer Not to Answer,No,
,Female,Unknown,2,2,1,0,Hispanic,Dallas,75223,"Under $26,700",FALSE,Uninsured,No,
,Female,31,2,3,2,0,Hispanic,Dallas,75223,"Under $26,700",FALSE,Prefer Not to Answer,No,
,Female,31,2,1,0,0,Hispanic,Dallas,75216,"Under $26,700",FALSE,Medicaid,No,
,Female,38,2,1,0,2,Hispanic,Dallas,75216,"$26,701 - $44,500",FALSE,Medicaid,No,
,Female,42,2,0,2,0,Hispanic,Dallas,75223,"$44,501 - $71,200",FALSE,Medicaid,No,
,Female,43,1,0,0,1,Hispanic,Dallas,75223,Does not want to disclose,FALSE,Prefer Not to Answer,Prefer Not to Answer,
,Female,47,1,0,2,0,Hispanic,Dallas,75223,"$26,701 - $44,500",FALSE,Private,No,
,Female,50,4,0,1,0,Hispanic,Dallas,75211,"Under $26,700",FALSE,Private,No,
,Female,51,2,0,1,0,Hispanic,Dallas,75323,"Under $26,700",FALSE,Prefer Not to Answer,Yes,
,Female,55,2,0,1,0,Hispanic,Dallas,75223,"$26,701 - $44,500",FALSE,Private,No,
,Prefer Not to Answer,25,1,1,1,1,American Indian or Alaska Native,Collin,77777,Does not want to disclose,FALSE,CHIP,Yes,
,Female,Unknown,2,0,0,3,Hispanic,Dallas,75181,Does not want to disclose,FALSE,Prefer Not to Answer,No,
,Male,Unknown,1,0,0,1,Hispanic,Dallas,75149,Does not want to disclose,FALSE,Prefer Not to Answer,Prefer Not to Answer,
,Male,Unknown,1,0,0,1,Hispanic,Dallas,75149,Does not want to disclose,FALSE,Prefer Not to Answer,Prefer Not to Answer,
,Male,Unknown,1,0,0,1,Hispanic,Dallas,75149,Does not want to disclose,FALSE,Prefer Not to Answer,Prefer Not to Answer,
,Female,Unknown,1,0,0,1,Hispanic,Dallas,75149,Does not want to disclose,FALSE,Prefer Not to Answer,Prefer Not to Answer,
,Female,Unknown,1,0,0,1,Hispanic,Dallas,75149,Does not want to disclose,FALSE,Prefer Not to Answer,Prefer Not to Answer,
,Female,Unknown,1,0,0,1,Hispanic,Dallas,75149,Does not want to disclose,FALSE,Prefer Not to Answer,Prefer Not to Answer,
,Male,Unknown,1,0,0,1,Hispanic,Dallas,75149,Does not want to disclose,FALSE,Prefer Not to Answer,Prefer Not to Answer,
,Male,Unknown,1,0,0,1,Hispanic,Dallas,75149,Does not want to disclose,FALSE,Prefer Not to Answer,Prefer Not to Answer,
,Female,Unknown,2,0,0,1,Hispanic,Dallas,75149,"Under $26,700",FALSE,Uninsured,No,
,Female,Unknown,1,0,0,1,Hispanic,Dallas,75149,Does not want to disclose,FALSE,Prefer Not to Answer,Prefer Not to Answer,
,Female,Unknown,1,0,0,1,Hispanic,Dallas,75149,Does not want to disclose,FALSE,Prefer Not to Answer,Prefer Not to Answer,
,Male,Unknown,2,0,0,1,Hispanic,Dallas,75149,"$26,701 - $44,500",FALSE,Uninsured,No,
,Male,Unknown,1,0,0,1,Hispanic,Dallas,75149,Does not want to disclose,FALSE,Prefer Not to Answer,Prefer Not to Answer,
,Female,Unknown,1,0,0,1,Hispanic,Dallas,75149,Does not want to disclose,FALSE,Prefer Not to Answer,Prefer Not to Answer,
,Female,27,3,0,3,0,Hispanic,Dallas,75149,"Under $26,700",FALSE,Prefer Not to Answer,No,
,Female,34,2,1,0,3,Hispanic,Dallas,75149,"$26,701 - $44,500",FALSE,Medicaid,No,
,Female,35,2,0,1,2,Hispanic,Dallas,75149,Does not want to disclose,FALSE,Prefer Not to Answer,No,
,Female,35,2,0,2,2,Hispanic,Dallas,75149,"Over $71,200",FALSE,Prefer Not to Answer,No,
,Female,35,2,1,2,0,Hispanic,Dallas,75149,Does not want to disclose,FALSE,Medicaid,No,
,Female,36,2,0,1,2,Hispanic,Dallas,75149,"$26,701 - $44,500",FALSE,Uninsured,No,
,Female,37,2,2,1,2,Hispanic,Dallas,75149,"$44,501 - $71,200",FALSE,Prefer Not to Answer,No,
,Female,38,2,0,0,1,Hispanic,Dallas,75149,"Under $26,700",FALSE,CHIP,No,
,Female,38,2,0,2,1,Hispanic,Dallas,75149,"$26,701 - $44,500",FALSE,Medicaid,Yes,
,Female,39,2,1,1,1,Hispanic,Dallas,75149,"Under $26,700",FALSE,Uninsured,No,
,Male,39,2,0,1,1,Hispanic,Dallas,75149,"Under $26,700",FALSE,CHIP,No,
,Female,39,2,0,1,1,Hispanic,Dallas,75149,"$26,701 - $44,500",FALSE,Other,No,
,Female,39,2,0,0,3,Hispanic,Dallas,75149,"$26,701 - $44,500",FALSE,Uninsured,No,
,Male,39,5,0,0,1,Hispanic,Dallas,75149,"$44,501 - $71,200",FALSE,Prefer Not to Answer,No,
,Male,39,2,0,1,2,Hispanic,Dallas,75149,"$26,701 - $44,500",FALSE,Prefer Not to Answer,No,
,Female,40,3,0,0,3,Hispanic,Dallas,75149,Does not want to disclose,FALSE,Uninsured,No,
,Female,40,2,1,1,2,Hispanic,Dallas,75149,"$44,501 - $71,200",FALSE,Medicaid,Yes,
,Female,40,2,0,0,2,Hispanic,Dallas,75149,"$44,501 - $71,200",FALSE,Medicaid,No,
,Female,42,3,1,1,1,White,Dallas,75149,Does not want to disclose,FALSE,Prefer Not to Answer,No,
,Female,42,2,0,1,1,Hispanic,Dallas,75149,"$44,501 - $71,200",FALSE,Medicaid,No,
,Female,44,2,0,1,2,Hispanic,Dallas,75149,Does not want to disclose,FALSE,CHIP,No,
,Female,44,5,0,0,1,Hispanic,Dallas,75149,"Under $26,700",FALSE,Prefer Not to Answer,No,
,Female,44,4,0,1,1,Hispanic,Dallas,75149,"$26,701 - $44,500",FALSE,Medicaid,No,
,Female,44,1,0,0,1,Hispanic,Dallas,75149,Unknown,FALSE,Uninsured,Prefer Not to Answer,
,Male,45,2,0,0,1,Hispanic,Dallas,75149,"$26,701 - $44,500",FALSE,Medicaid,No,
,Female,46,2,0,2,1,Hispanic,Dallas,75216,Does not want to disclose,FALSE,Prefer Not to Answer,No,
,Female,47,2,0,1,1,Hispanic,Dallas,75149,Unknown,FALSE,Private,No,
,Male,47,4,0,3,2,Hispanic,Dallas,75149,"Under $26,700",FALSE,Prefer Not to Answer,No,
,Female,47,3,0,0,2,Hispanic,Dallas,75149,Does not want to disclose,FALSE,Prefer Not to Answer,No,
,Male,47,2,0,1,2,Hispanic,Dallas,75149,"$26,701 - $44,500",FALSE,Prefer Not to Answer,No,
,Male,47,2,0,1,2,Hispanic,Dallas,75180,"Under $26,700",FALSE,CHIP,No,
,Female,48,2,1,0,1,Hispanic,Dallas,75149,Unknown,FALSE,Uninsured,No,
,Female,48,2,0,0,2,Hispanic,Dallas,75149,"Under $26,700",FALSE,Medicaid,No,
,Male,48,3,0,0,2,Hispanic,Dallas,75149,"$44,501 - $71,200",FALSE,Uninsured,No,
,Female,48,6,0,0,1,Hispanic,Dallas,75149,Does not want to disclose,FALSE,Private,No,
,Female,48,2,0,1,2,Hispanic,Dallas,75180,"Under $26,700",FALSE,CHIP,No,
,Male,49,2,0,0,2,Hispanic,Dallas,75149,"$26,701 - $44,500",FALSE,Medicaid,No,
,Female,49,2,0,0,1,Hispanic,Dallas,75149,"$26,701 - $44,500",FALSE,Prefer Not to Answer,No,
,Male,49,2,0,1,1,Hispanic,Dallas,75181,"$26,701 - $44,500",FALSE,Medicaid,No,
,Female,51,2,0,2,1,Hispanic,Dallas,75149,"$26,701 - $44,500",FALSE,Prefer Not to Answer,No,
,Female,51,1,0,0,1,Hispanic,Dallas,75149,Does not want to disclose,FALSE,Prefer Not to Answer,No,
,Female,52,2,0,0,1,Hispanic,Dallas,75149,"$26,701 - $44,500",FALSE,Uninsured,No,
,Female,52,2,0,0,2,Hispanic,Dallas,75149,"Under $26,700",FALSE,Prefer Not to Answer,No,
,Male,54,2,0,1,1,Hispanic,Dallas,75149,"$26,701 - $44,500",FALSE,Prefer Not to Answer,No,
,Female,57,3,0,0,1,Hispanic,Dallas,75149,"Under $26,700",FALSE,Uninsured,No,
,Male,59,2,0,0,1,Hispanic,Dallas,75149,"$44,501 - $71,200",FALSE,Uninsured,No,
,Female,65,2,0,0,1,Hispanic,Dallas,75150,"$26,701 - $44,500",FALSE,Uninsured,No,
,Female,Unknown,3,0,0,2,Hispanic,Dallas,75149,Does not want to disclose,FALSE,Medicaid,No,
,Male,Unknown,1,0,0,1,Hispanic,Dallas,75149,Does not want to disclose,FALSE,Prefer Not to Answer,Prefer Not to Answer,
,Male,Unknown,2,0,2,1,Hispanic,Dallas,75149,"$26,701 - $44,500",FALSE,Medicaid,No,
,Female,Unknown,2,1,0,0,Hispanic,Dallas,75149,"$26,701 - $44,500",FALSE,Medicaid,No,
,Female,Unknown,1,0,0,1,Hispanic,Dallas,75149,Does not want to disclose,FALSE,Prefer Not to Answer,Prefer Not to Answer,
,Male,Unknown,2,1,1,1,Hispanic,Dallas,75149,"$26,701 - $44,500",FALSE,Prefer Not to Answer,No,
,Female,22,1,0,0,1,Hispanic,Dallas,75149,Does not want to disclose,FALSE,Medicaid,No,
,Female,27,2,0,0,2,Hispanic,Dallas,75149,Unknown,FALSE,Prefer Not to Answer,No,
,Female,35,2,0,0,2,Hispanic,Dallas,75149,Does not want to disclose,FALSE,Medicaid,Yes,
,Female,36,2,0,3,2,Hispanic,Dallas,75149,"Under $26,700",FALSE,Prefer Not to Answer,No,
,Female,38,2,0,1,1,Hispanic,Dallas,75149,"$26,701 - $44,500",FALSE,Medicaid,Yes,
,Male,39,3,0,2,1,Hispanic,Dallas,75149,"$26,701 - $44,500",FALSE,Uninsured,No,
,Female,39,2,1,0,0,Hispanic,Dallas,75149,Does not want to disclose,FALSE,Medicaid,Yes,
,Female,40,2,1,1,1,Hispanic,Dallas,75149,"Over $71,200",FALSE,Private,No,
,Female,40,2,0,1,2,Hispanic,Dallas,75149,Unknown,FALSE,Prefer Not to Answer,No,
,Female,40,2,1,0,3,Hispanic,Dallas,75149,"$26,701 - $44,500",FALSE,Medicaid,No,
,Male,40,3,0,3,1,Hispanic,Dallas,75149,"$26,701 - $44,500",FALSE,Medicaid,No,
,Female,40,2,0,1,3,Hispanic,Dallas,75149,"$26,701 - $44,500",FALSE,Private,No,
,Female,40,2,1,0,0,Hispanic,Dallas,75149,"Under $26,700",FALSE,Uninsured,No,
,Female,41,2,1,1,2,Hispanic,Dallas,75149,Unknown,FALSE,Prefer Not to Answer,No,
,Female,41,1,0,3,0,Hispanic,Dallas,75149,Does not want to disclose,FALSE,Medicaid,Yes,
,Male,41,3,1,1,0,Hispanic,Dallas,75149,"$26,701 - $44,500",FALSE,Medicaid,Yes,
,Female,41,2,1,1,1,Hispanic,Dallas,75149,"$26,701 - $44,500",FALSE,Prefer Not to Answer,No,
,Female,41,2,1,1,1,Hispanic,Dallas,75149,"$26,701 - $44,500",FALSE,Prefer Not to Answer,No,
,Female,42,2,0,0,1,Hispanic,Dallas,75180,"$26,701 - $44,500",FALSE,Medicaid,No,
,Female,42,2,0,0,3,Hispanic,Dallas,75149,"$26,701 - $44,500",FALSE,Medicaid,Yes,
,Female,42,2,0,2,1,Hispanic,Dallas,75149,"$26,701 - $44,500",FALSE,Medicaid,No,
,Female,42,2,1,0,2,Hispanic,Dallas,75149,Does not want to disclose,FALSE,Prefer Not to Answer,No,
,Female,43,2,0,1,1,Hispanic,Dallas,75149,"$26,701 - $44,500",FALSE,Other,Yes,
,Female,43,2,1,1,1,Hispanic,Dallas,75149,Unknown,FALSE,Prefer Not to Answer,No,
,Female,43,2,1,1,1,Hispanic,Dallas,75149,"$26,701 - $44,500",FALSE,Medicaid,No,
,Female,43,3,0,2,1,Hispanic,Dallas,75149,Does not want to disclose,FALSE,Medicaid,No,
,Female,43,2,0,1,1,Hispanic,Dallas,75149,Does not want to disclose,FALSE,Medicaid,No,
,Female,44,1,0,1,1,Hispanic,Dallas,75149,Unknown,FALSE,Medicaid,No,
,Male,44,2,1,1,1,Hispanic,Dallas,75149,"$26,701 - $44,500",FALSE,Medicaid,No,
,Female,44,3,0,1,1,Hispanic,Dallas,75149,"$26,701 - $44,500",FALSE,Uninsured,No,
,Female,44,2,0,1,2,Hispanic,Dallas,75149,"$44,501 - $71,200",FALSE,Prefer Not to Answer,No,
,Female,46,2,0,0,1,Hispanic,Rockwall,75189,"$26,701 - $44,500",FALSE,Private,No,
,Female,46,2,0,0,2,Hispanic,Dallas,75149,Does not want to disclose,FALSE,Prefer Not to Answer,No,
,Female,46,2,0,1,2,Hispanic,Dallas,75149,"$26,701 - $44,500",FALSE,Uninsured,No,
,Female,46,3,0,0,1,Hispanic,Dallas,75149,"$44,501 - $71,200",FALSE,Uninsured,No,
,Male,46,2,0,1,1,Hispanic,Dallas,75149,"$26,701 - $44,500",FALSE,Medicaid,No,
,Female,46,2,2,1,3,Hispanic,Dallas,75149,Does not want to disclose,FALSE,Prefer Not to Answer,No,
,Female,46,2,0,2,1,Hispanic,Dallas,75149,"$26,701 - $44,500",FALSE,Medicaid,No,
,Female,46,3,0,1,1,Hispanic,Dallas,75149,"$26,701 - $44,500",FALSE,Medicaid,No,
,Female,46,3,0,1,1,Hispanic,Dallas,75149,"$26,701 - $44,500",FALSE,Medicaid,No,
,Female,46,1,0,2,1,Hispanic,Dallas,75149,"Under $26,700",FALSE,Medicaid,Yes,
,Female,47,3,0,1,1,Hispanic,Dallas,75149,"Under $26,700",FALSE,Uninsured,No,
,Female,47,1,0,0,2,Hispanic,Dallas,75149,"Under $26,700",FALSE,Medicaid,No,
,Female,48,3,0,0,1,Hispanic,Dallas,75149,"$26,701 - $44,500",FALSE,Prefer Not to Answer,No,
,Female,48,1,2,1,2,Hispanic,Dallas,75149,"Under $26,700",FALSE,Prefer Not to Answer,No,
,Female,48,2,0,1,1,Hispanic,Dallas,75149,"Under $26,700",FALSE,Private,No,
,Female,48,2,0,1,1,Hispanic,Dallas,75126,Does not want to disclose,FALSE,Prefer Not to Answer,No,
,Female,49,2,0,1,1,Hispanic,Dallas,75149,Does not want to disclose,FALSE,Prefer Not to Answer,No,
,Female,49,3,0,0,1,Hispanic,Dallas,75149,"Under $26,700",FALSE,CHIP,Yes,
,Female,49,4,0,0,2,Hispanic,Dallas,75149,"$26,701 - $44,500",FALSE,Medicaid,No,
,Male,49,2,0,1,1,White,Dallas,75180,"Under $26,700",FALSE,Prefer Not to Answer,No,
,Female,49,2,0,0,2,Hispanic,Dallas,75149,"$44,501 - $71,200",FALSE,Uninsured,No,
,Female,50,2,0,1,1,Hispanic,Dallas,75149,Does not want to disclose,FALSE,CHIP,No,
,Female,50,2,0,0,1,Hispanic,Dallas,75149,"$26,701 - $44,500",FALSE,Prefer Not to Answer,No,
,Male,50,2,2,1,3,Hispanic,Dallas,75149,Does not want to disclose,FALSE,Prefer Not to Answer,No,
,Female,51,3,0,0,1,Hispanic,Dallas,75149,"$44,501 - $71,200",FALSE,Private,No,
,Female,52,2,0,1,1,Hispanic,Dallas,75149,"$26,701 - $44,500",FALSE,Prefer Not to Answer,No,
,Female,53,4,0,0,1,Hispanic,Dallas,75149,"$26,701 - $44,500",FALSE,Prefer Not to Answer,No,
,Male,55,2,0,1,1,Hispanic,Dallas,75180,"Under $26,700",FALSE,Prefer Not to Answer,No,
,Female,56,2,0,0,1,Hispanic,Dallas,75149,"Under $26,700",FALSE,Prefer Not to Answer,No,
,Female,56,3,0,0,1,Hispanic,Dallas,75149,Does not want to disclose,FALSE,Prefer Not to Answer,No,
,Female,57,2,0,0,1,Hispanic,Dallas,75149,"Under $26,700",FALSE,CHIP,No,
,Female,58,4,0,0,1,Hispanic,Dallas,75149,"$26,701 - $44,500",FALSE,Uninsured,No,
,Female,61,1,0,0,1,Hispanic,Dallas,75149,Does not want to disclose,FALSE,Uninsured,No,
,Female,Unknown,1,0,0,1,Hispanic,Dallas,75211,Does not want to disclose,FALSE,Prefer Not to Answer,Prefer Not to Answer,
,Female,Unknown,1,0,0,1,Hispanic,Dallas,75211,Does not want to disclose,FALSE,Prefer Not to Answer,Prefer Not to Answer,
,Female,Unknown,1,0,0,1,Hispanic,Dallas,75211,Does not want to disclose,FALSE,Prefer Not to Answer,Prefer Not to Answer,
,Female,Unknown,1,0,0,1,Black or African American,Dallas,75211,Does not want to disclose,FALSE,Prefer Not to Answer,Prefer Not to Answer,
,Female,Unknown,1,0,0,1,Black or African American,Dallas,75211,Does not want to disclose,FALSE,Prefer Not to Answer,Prefer Not to Answer,
,Female,Unknown,1,0,0,1,Black or African American,Dallas,75211,Does not want to disclose,FALSE,Prefer Not to Answer,No,
,Male,20,4,0,0,0,Hispanic,Dallas,75211,Does not want to disclose,FALSE,Prefer Not to Answer,No,
,Male,23,2,0,0,0,Hispanic,Dallas,75125,"$44,501 - $71,200",FALSE,Prefer Not to Answer,No,
,Female,23,4,0,0,0,Hispanic,Dallas,75211,Does not want to disclose,FALSE,Prefer Not to Answer,No,
,Female,23,2,0,0,0,Hispanic,Dallas,75125,"$44,501 - $71,200",FALSE,Other,No,
,Female,31,2,2,0,0,Hispanic,Dallas,76172,"$26,701 - $44,500",FALSE,Prefer Not to Answer,No,
,Male,31,2,2,0,0,Hispanic,Dallas,76172,"$26,701 - $44,500",FALSE,Medicaid,No,
,Female,33,3,0,1,0,Hispanic,Dallas,75146,"$26,701 - $44,500",FALSE,Prefer Not to Answer,No,
,Female,33,2,0,2,0,Hispanic,Dallas,75172,Does not want to disclose,FALSE,Prefer Not to Answer,No,
,Female,33,2,1,3,0,Hispanic,Dallas,75125,"$26,701 - $44,500",FALSE,Prefer Not to Answer,No,
,Male,33,2,1,3,0,Hispanic,Dallas,75125,"$26,701 - $44,500",FALSE,Prefer Not to Answer,No,
,Male,35,2,1,1,0,Hispanic,Dallas,83646,"Over $71,200",FALSE,Prefer Not to Answer,No,
,Female,35,2,1,1,0,Hispanic,Dallas,83646,"Over $71,200",FALSE,Prefer Not to Answer,No,
,Female,37,3,2,1,1,Hispanic,Dallas,75125,Does not want to disclose,FALSE,Prefer Not to Answer,No,
,Female,38,4,1,3,3,Hispanic,Dallas,75146,Unknown,FALSE,Prefer Not to Answer,Yes,
,Female,41,2,0,0,2,Hispanic,Dallas,75125,Does not want to disclose,FALSE,Other,No,
,Female,42,2,2,1,2,Hispanic,Dallas,75050,"$26,701 - $44,500",FALSE,Prefer Not to Answer,No,
,Female,42,2,2,1,1,Hispanic,Dallas,75154,"$26,701 - $44,500",FALSE,Medicaid,No,
,Female,42,3,1,0,0,Hispanic,Dallas,75159,"Under $26,700",FALSE,Medicaid,No,
,Male,42,2,2,1,2,Hispanic,Dallas,75050,"$26,701 - $44,500",FALSE,Medicaid,No,
,Female,43,2,0,1,1,Hispanic,Dallas,75125,Does not want to disclose,FALSE,Prefer Not to Answer,No,
,Female,46,1,0,2,1,Hispanic,Dallas,75125,Does not want to disclose,FALSE,Prefer Not to Answer,No,
,Female,46,2,0,1,1,Hispanic,Dallas,75154,"$26,701 - $44,500",FALSE,Uninsured,No,
,Female,48,2,1,0,0,Hispanic,Dallas,75125,"$26,701 - $44,500",FALSE,Medicaid,No,
,Female,49,2,1,0,0,Hispanic,Dallas,75154,"$26,701 - $44,500",FALSE,Private,No,
,Female,49,3,0,2,1,Hispanic,Dallas,75136,Does not want to disclose,FALSE,Prefer Not to Answer,No,
,Male,49,4,0,2,1,Hispanic,Dallas,75154,"$26,701 - $44,500",FALSE,Prefer Not to Answer,No,
,Female,51,2,0,1,2,Hispanic,Dallas,75152,Unknown,FALSE,Other,No,
,Male,51,2,0,1,2,Hispanic,Dallas,75152,Unknown,FALSE,Other,No,
,Female,53,3,0,0,1,Hispanic,Dallas,75253,"Under $26,700",FALSE,Private,No,
,Female,53,4,0,1,2,Hispanic,Dallas,75154,"$26,701 - $44,500",FALSE,Medicaid,No,
,Female,54,5,0,0,0,Hispanic,Dallas,75154,Unknown,FALSE,Uninsured,No,
,Female,55,1,0,0,1,Hispanic,Dallas,75125,Does not want to disclose,FALSE,Other,No,
,Male,56,4,0,1,1,Hispanic,Dallas,75211,"$44,501 - $71,200",FALSE,Other,No,
,Female,56,4,0,0,0,Hispanic,Dallas,75154,Does not want to disclose,FALSE,Uninsured,No,
,Female,56,1,0,0,0,Hispanic,Dallas,75125,"Under $26,700",FALSE,Prefer Not to Answer,No,
,Male,56,4,0,0,0,Hispanic,Dallas,75154,"Over $71,200",FALSE,Uninsured,No,
,Female,58,2,1,3,0,Hispanic,Dallas,75125,"Under $26,700",FALSE,Prefer Not to Answer,No,
,Female,60,2,0,1,0,Hispanic,Dallas,75125,"$26,701 - $44,500",FALSE,Medicaid,No,
,Female,70,1,0,0,0,Hispanic,Dallas,75152,Does not want to disclose,FALSE,Medicaid,No,
,Female,70,2,0,0,0,Hispanic,Dallas,75125,"Over $71,200",FALSE,Medicaid,No,
,Female,Unknown,1,0,0,1,Hispanic,Dallas,75217,Does not want to disclose,FALSE,Prefer Not to Answer,Prefer Not to Answer,
,Female,Unknown,1,0,0,1,Hispanic,Dallas,75217,Does not want to disclose,FALSE,Prefer Not to Answer,Prefer Not to Answer,
,Male,Unknown,1,0,0,1,Hispanic,Dallas,75217,Does not want to disclose,FALSE,Prefer Not to Answer,Prefer Not to Answer,
,Female,Unknown,1,0,0,1,Hispanic,Dallas,75217,Does not want to disclose,FALSE,Prefer Not to Answer,Prefer Not to Answer,
,Female,Unknown,1,0,0,1,Hispanic,Dallas,75217,Does not want to disclose,FALSE,Prefer Not to Answer,Prefer Not to Answer,
,Female,Unknown,1,0,0,1,Hispanic,Dallas,75217,Does not want to disclose,FALSE,Prefer Not to Answer,Prefer Not to Answer,
,Female,Unknown,1,0,0,1,Hispanic,Dallas,75217,Does not want to disclose,FALSE,Prefer Not to Answer,Prefer Not to Answer,
,Female,Unknown,1,0,0,1,Black or African American,Dallas,75217,Does not want to disclose,FALSE,Prefer Not to Answer,Prefer Not to Answer,
,Female,Unknown,1,0,0,1,Hispanic,Dallas,75217,Does not want to disclose,FALSE,Prefer Not to Answer,Prefer Not to Answer,
,Female,41,1,0,1,2,Hispanic,Dallas,75217,"Under $26,700",FALSE,CHIP,No,
,Male,Unknown,2,0,2,0,Hispanic,Tarrant,76010,Does not want to disclose,FALSE,Prefer Not to Answer,No,
,Male,Unknown,2,0,0,2,Hispanic,Tarrant,76010,"$44,501 - $71,200",FALSE,Private,No,
,Male,34,1,0,1,0,Hispanic,Tarrant,76013,"Under $26,700",FALSE,Uninsured,No,
,Female,35,2,0,2,0,Hispanic,Tarrant,76010,Does not want to disclose,FALSE,Prefer Not to Answer,No,
,Female,35,1,0,1,0,Hispanic,Tarrant,75081,"Under $26,700",FALSE,Prefer Not to Answer,No,
,Female,40,1,0,2,1,Hispanic,Tarrant,76011,"Over $71,200",FALSE,Private,No,
,Female,41,3,1,1,1,Hispanic,Tarrant,76012,"$44,501 - $71,200",FALSE,Medicaid,No,
,Female,41,2,0,2,0,Hispanic,Tarrant,76010,"$26,701 - $44,500",FALSE,CHIP; Uninsured,No,
,Female,42,1,1,2,1,Black or African American,Tarrant,76014,"$44,501 - $71,200",FALSE,Prefer Not to Answer,No,
,Female,46,2,0,0,1,Hispanic,Dallas,75051,Does not want to disclose,FALSE,Prefer Not to Answer,No,
,Female,48,4,0,1,1,Hispanic,Tarrant,76010,Does not want to disclose,FALSE,Private,No,
,Female,49,2,0,0,2,Hispanic,Tarrant,76010,"$44,501 - $71,200",FALSE,Private,No,
,Female,52,1,0,1,1,Hispanic,Tarrant,76112,"Under $26,700",FALSE,Prefer Not to Answer,No,
,Male,58,1,0,1,1,Hispanic,Tarrant,76112,"Under $26,700",FALSE,Prefer Not to Answer,No,
,Female,Unknown,1,1,0,0,Hispanic,Dallas,75228,Does not want to disclose,FALSE,Prefer Not to Answer,Prefer Not to Answer,
,Female,Unknown,1,1,0,0,Hispanic,Dallas,75228,Does not want to disclose,FALSE,Prefer Not to Answer,Prefer Not to Answer,
,Female,Unknown,1,1,0,0,Hispanic,Dallas,75228,Does not want to disclose,FALSE,Prefer Not to Answer,Prefer Not to Answer,
,Female,Unknown,1,1,0,0,Hispanic,Dallas,75228,Does not want to disclose,FALSE,Prefer Not to Answer,Prefer Not to Answer,
,Female,28,4,1,0,0,White,Dallas,75215,"Under $26,700",FALSE,Uninsured,No,
,Female,35,5,1,0,0,Black or African American,Dallas,75216,"$26,701 - $44,500",FALSE,Private,No,
,Female,38,2,0,3,0,Two or More Races,Dallas,75223,Does not want to disclose,FALSE,Medicaid,Yes,
,Female,Unknown,3,0,2,0,Hispanic,Dallas,75228,"$44,501 - $71,200",FALSE,Private,No,
,Female,Unknown,1,1,0,0,Hispanic,Dallas,75228,Does not want to disclose,FALSE,Prefer Not to Answer,Prefer Not to Answer,
,Female,26,2,1,0,0,Black or African American,Dallas,75227,Unknown,FALSE,Medicaid,No,
,Female,31,2,1,0,0,Hispanic,Dallas,75041,Does not want to disclose,FALSE,Uninsured,No,
,Female,31,2,1,0,0,Hispanic,Dallas,75150,Unknown,FALSE,CHIP; Medicaid,No,
,Female,32,2,1,2,0,Hispanic,Dallas,75150,Does not want to disclose,FALSE,Uninsured,No,
,Female,32,2,1,2,0,Hispanic,Dallas,75159,Does not want to disclose,FALSE,Private,No,
,Female,35,6,1,0,0,Hispanic,Dallas,75217,"$26,701 - $44,500",FALSE,Uninsured,No,
,Female,36,2,1,1,0,Hispanic,Dallas,75150,"$26,701 - $44,500",FALSE,Medicaid,Yes,
,Female,43,5,0,1,0,Hispanic,Dallas,75227,"$44,501 - $71,200",FALSE,Private,No,
,Female,45,2,1,2,0,Hispanic,Dallas,75043,"Over $71,200",FALSE,Other,No,
,Female,31,2,1,1,1,Two or More Races,Dallas,75231,"$26,701 - $44,500",FALSE,Medicaid,Yes,
,Female,Unknown,1,0,1,0,Hispanic,Dallas,75231,Does not want to disclose,FALSE,Prefer Not to Answer,Prefer Not to Answer,
,Female,28,2,3,1,0,Hispanic,Dallas,75231,"$25,101 - $38,600",FALSE,Uninsured,Prefer Not to Answer,
,Female,30,2,0,1,0,Hispanic,Dallas,75231,Does not want to disclose,FALSE,Prefer Not to Answer,No,
,Female,44,2,0,3,0,Hispanic,Dallas,75231,"Under $26,700",FALSE,Medicaid,No,
,Female,55,5,0,1,0,Hispanic,Dallas,75231,"Under $26,700",FALSE,Uninsured,No,
,Female,41,2,0,2,0,Hispanic,Dallas,75231,Does not want to disclose,FALSE,Medicaid,Yes,
,Female,38,2,0,2,1,Hispanic,Dallas,75231,"$26,701 - $44,500",FALSE,Prefer Not to Answer,Prefer Not to Answer,
,Female,23,2,1,2,0,Hispanic,Dallas,75231,"Under $26,700",FALSE,Medicaid,Yes,
,Female,30,1,2,2,0,Hispanic,Dallas,75231,"Under $26,700",FALSE,Prefer Not to Answer,Prefer Not to Answer,
,Female,30,2,2,0,0,Hispanic,Dallas,75231,"$44,501 - $71,200",FALSE,Uninsured,Prefer Not to Answer,
,Female,40,2,0,1,0,Hispanic,Dallas,75231,"Under $26,700",FALSE,Uninsured,Prefer Not to Answer,
,Female,39,2,0,0,1,Hispanic,Dallas,75231,Does not want to disclose,FALSE,Uninsured,Prefer Not to Answer,
,Female,38,1,1,0,1,Two or More Races,Dallas,75231,"Under $26,700",FALSE,Medicaid,Prefer Not to Answer,
,Female,44,2,0,1,0,Hispanic,Dallas,75231,"Under $26,700",FALSE,Uninsured,Prefer Not to Answer,
,Female,43,3,0,0,2,Hispanic,Dallas,75231,Does not want to disclose,FALSE,Uninsured,Yes,
,Female,35,4,0,2,0,Hispanic,Dallas,75231,"Under $26,700",FALSE,Prefer Not to Answer,Prefer Not to Answer,
,Female,36,2,2,0,0,Hispanic,Dallas,75231,Does not want to disclose,FALSE,Medicaid,Yes,
,Female,58,1,0,1,0,Two or More Races,Dallas,75231,"Under $26,700",FALSE,Prefer Not to Answer,Prefer Not to Answer,
,Female,47,2,0,1,0,Hispanic,Dallas,75231,"Under $26,700",FALSE,Uninsured,Prefer Not to Answer,
,Female,38,3,0,1,1,Hispanic,Dallas,75231,"Under $26,700",FALSE,Prefer Not to Answer,Yes,
,Female,36,2,1,2,1,Hispanic,Dallas,75231,Does not want to disclose,FALSE,Uninsured,No,
,Female,75,3,0,1,0,Hispanic,Dallas,75231,"Under $26,700",FALSE,Prefer Not to Answer,Prefer Not to Answer,
,Female,Unknown,3,0,1,0,Hispanic,Dallas,75231,Does not want to disclose,FALSE,Prefer Not to Answer,Prefer Not to Answer,
,Female,45,2,0,1,1,Hispanic,Dallas,75231,Does not want to disclose,FALSE,Medicaid,Prefer Not to Answer,
,Female,25,1,3,1,0,White,Dallas,75231,"Under $26,700",FALSE,Medicaid,Prefer Not to Answer,
,Female,25,4,1,0,0,Hispanic,Dallas,75231,Unknown,FALSE,Uninsured,No,
,Female,28,2,1,0,0,Hispanic,Dallas,75231,"Under $26,700",FALSE,Medicaid,No,
,Female,30,2,1,2,0,Hispanic,Dallas,75231,"$26,701 - $44,500",FALSE,Medicaid,Yes,
,Female,34,7,1,2,2,Hispanic,Dallas,75231,"$26,701 - $44,500",FALSE,Medicaid,Yes,
,Female,35,3,0,2,1,Hispanic,Dallas,75231,Unknown,FALSE,Medicaid,No,
,Female,40,2,1,1,1,Hispanic,Dallas,75231,"Under $26,700",FALSE,Medicaid,No,
,Female,41,2,0,2,0,Hispanic,Dallas,75081,"Under $26,700",FALSE,Medicaid,Yes,
,Female,42,2,2,2,0,Hispanic,Dallas,75231,"$26,701 - $44,500",FALSE,Medicaid,Yes,
,Female,44,3,0,2,1,Hispanic,Dallas,75231,Does not want to disclose,FALSE,Medicaid,Yes,
,Female,50,2,0,1,0,Hispanic,Dallas,75231,Unknown,FALSE,Medicaid,Yes,
,Female,55,2,0,0,1,Hispanic,Dallas,75243,"$26,701 - $44,500",FALSE,Uninsured,,
,Female,62,1,0,1,0,Hispanic,Dallas,75231,"Under $26,700",FALSE,Prefer Not to Answer,No,
,Female,65,3,0,3,3,Two or More Races,Dallas,75231,Unknown,FALSE,Medicaid,No,
,Female,67,2,0,1,0,Hispanic,Dallas,75231,"Under $26,700",FALSE,Medicaid,No,
,Female,73,3,0,1,0,Hispanic,Dallas,75231,"Under $26,700",FALSE,Uninsured,No,
,Female,37,1,1,0,1,Hispanic,Dallas,75006,"Under $26,700",FALSE,Medicaid,Yes,
,Female,43,2,0,1,1,Hispanic,Dallas,75287,Does not want to disclose,FALSE,Uninsured,Yes,
,Female,44,2,0,1,0,Hispanic,Dallas,75229,Unknown,FALSE,Medicaid,Yes,
,Female,45,4,0,2,1,Hispanic,Dallas,75220,"Under $26,700",FALSE,Medicaid,No,
,Female,48,4,0,0,2,Hispanic,Dallas,75234,Unknown,TRUE,Medicaid,No,
,Female,57,2,0,1,0,Hispanic,Dallas,75006,Unknown,FALSE,Medicaid,Yes,
,Female,Unknown,2,1,1,0,Hispanic,Dallas,75220,"Under $26,700",FALSE,Medicaid,Yes,
,Female,23,2,1,0,0,Hispanic,Dallas,75062,"Under $26,700",FALSE,Uninsured,No,
,Female,28,2,1,0,0,Hispanic,Dallas,75007,"Under $26,700",FALSE,Medicaid,No,
,Female,30,2,1,0,0,Hispanic,Dallas,75006,Unknown,FALSE,Uninsured,No,
,Female,32,1,0,2,0,Hispanic,Dallas,75063,"Under $26,700",FALSE,Private,Yes,
,Female,33,2,1,0,0,Hispanic,Dallas,75134,"$26,701 - $44,500",FALSE,Uninsured,No,
,Female,34,2,1,0,0,Hispanic,Dallas,75234,"$26,701 - $44,500",FALSE,Medicaid,No,
,Female,34,4,1,1,1,Hispanic,Dallas,75007,"$26,701 - $44,500",FALSE,Medicaid,Yes,
,Female,34,4,1,1,0,Hispanic,Dallas,75006,"$26,701 - $44,500",FALSE,Medicaid,No,
,Female,34,3,2,1,1,Hispanic,Dallas,75006,Unknown,FALSE,Uninsured,Yes,
,Female,35,1,2,1,0,Hispanic,Dallas,75217,Unknown,FALSE,Uninsured,No,
,Female,35,2,2,0,0,Hispanic,Other,75114,"$44,501 - $71,200",FALSE,Private,No,
,Female,36,2,1,1,0,Hispanic,Dallas,75243,Unknown,FALSE,Uninsured,No,
,Female,38,2,1,1,0,Hispanic,Dallas,75060,"$44,501 - $71,200",FALSE,Private,No,
,Female,38,2,0,1,0,Hispanic,Dallas,75234,Does not want to disclose,FALSE,Uninsured,No,
,Female,39,2,1,1,0,Hispanic,Dallas,75060,Unknown,FALSE,Private,No,
,Female,39,1,0,2,1,Hispanic,Dallas,75211,"Under $26,700",FALSE,Uninsured,Yes,
,Female,39,3,0,1,0,Hispanic,Dallas,75006,Unknown,FALSE,Uninsured,Yes,
,Female,39,3,2,1,0,Black or African American,Dallas,75217,"$26,701 - $44,500",FALSE,Medicaid,Yes,
,Female,39,3,2,0,0,Hispanic,Dallas,75216,"Under $26,700",FALSE,Uninsured,Yes,
,Male,40,2,0,0,0,Hispanic,Dallas,75241,"Under $26,700",FALSE,Medicaid,Yes,
,Female,40,4,1,2,1,Hispanic,Dallas,75216,Unknown,FALSE,Uninsured,No,
,Female,40,4,0,1,0,Hispanic,Dallas,75287,"Under $26,700",FALSE,Uninsured,No,
,Female,41,2,2,1,0,Hispanic,Dallas,75217,"Under $26,700",FALSE,Medicaid,No,
,Female,41,2,1,2,0,Hispanic,Dallas,75146,"$44,501 - $71,200",FALSE,Uninsured,No,
,Female,42,2,0,1,4,Hispanic,Dallas,75229,"Under $26,700",FALSE,Medicaid,Yes,
,Female,45,2,0,2,1,Hispanic,Dallas,75006,"Under $26,700",FALSE,Medicaid,Yes,
,Female,47,2,1,0,0,Hispanic,Dallas,75243,"$26,701 - $44,500",FALSE,Uninsured,No,
,Female,47,2,1,2,0,Hispanic,Dallas,75229,Unknown,FALSE,Medicaid,No,
,Female,51,1,0,1,1,Hispanic,Dallas,75220,"Under $26,700",FALSE,Medicaid,No,
,Female,51,5,0,1,0,Hispanic,Dallas,75007,"$26,701 - $44,500",TRUE,Private,No,
,Female,51,1,1,2,0,Hispanic,Denton,75057,"Under $26,700",FALSE,Medicaid,No,
,Female,52,5,0,1,1,Hispanic,Dallas,75007,Unknown,TRUE,Private,No,
,Male,53,1,0,5,1,Hispanic,Dallas,75234,Unknown,FALSE,Uninsured,Yes,
,Female,79,5,0,0,0,Hispanic,Collin,75442,Unknown,FALSE,Uninsured,No,
,Female,32,2,0,1,1,Black or African American,Dallas,75019,"$26,701 - $44,500",FALSE,Medicaid,No,
,Female,32,2,0,2,0,Black or African American,Dallas,75063,"$26,701 - $44,500",FALSE,Uninsured,No,
,Female,35,2,0,1,1,Hispanic,Dallas,75241,"$26,701 - $44,500",FALSE,Medicaid,No,
,Female,30,2,1,1,0,Hispanic,Dallas,75216,"$26,701 - $44,500",FALSE,Medicaid,Yes,
,Female,30,1,0,1,1,Black or African American,Dallas,75063,"$26,701 - $44,500",FALSE,Medicaid,Yes,
,Female,32,2,2,1,0,Hispanic,Dallas,75254,"Under $26,700",FALSE,Medicaid,Yes,
,Female,32,2,0,2,0,Hispanic,Dallas,75211,"Under $26,700",FALSE,Uninsured,No,
,Female,33,1,0,1,0,Hispanic,Dallas,75287,Unknown,FALSE,Uninsured,No,
,Female,35,1,0,3,0,Hispanic,Dallas,75019,"$26,701 - $44,500",FALSE,Medicaid,No,
,Female,36,2,1,1,0,Hispanic,Dallas,75007,Does not want to disclose,FALSE,Medicaid,No,
,Female,36,2,1,2,0,Hispanic,Dallas,75149,"Under $26,700",FALSE,Medicaid,Yes,
,Female,37,2,1,1,1,Hispanic,Dallas,75006,Unknown,FALSE,Medicaid,Yes,
,Female,38,2,0,1,0,Hispanic,Dallas,75150,Unknown,FALSE,Private,No,
,Female,39,2,1,1,2,Hispanic,Denton,75007,Does not want to disclose,FALSE,Private,No,
,Female,39,4,1,0,1,Hispanic,Dallas,75211,"Under $26,700",FALSE,Private,Yes,
,Female,39,3,2,1,0,Hispanic,Dallas,75019,Does not want to disclose,FALSE,Uninsured,Yes,
,Female,40,3,0,1,0,Hispanic,Dallas,75234,"$26,701 - $44,500",FALSE,Uninsured,No,
,Female,42,3,0,1,1,Hispanic,Dallas,75211,"Under $26,700",FALSE,Medicaid,No,
,Female,43,2,1,1,0,Asian,Dallas,75063,Does not want to disclose,FALSE,Other,No,
,Female,43,2,2,2,2,Hispanic,Tarrant,75051,"$26,701 - $44,500",FALSE,Medicaid,Yes,
,Female,45,3,0,1,1,Hispanic,Dallas,75220,"$26,701 - $44,500",FALSE,Uninsured,No,
,Female,45,2,0,1,0,Hispanic,Tarrant,75051,Does not want to disclose,FALSE,Private,No,
,Female,47,2,0,0,1,Hispanic,Dallas,75287,Unknown,FALSE,Uninsured,No,
,Female,47,2,0,1,1,Hispanic,Dallas,75063,"$26,701 - $44,500",TRUE,Private,No,
,Female,48,3,1,1,1,Hispanic,Dallas,75233,"$26,701 - $44,500",FALSE,Medicaid,No,
,Male,49,2,0,0,0,Hispanic,Dallas,75287,Unknown,FALSE,Uninsured,No,
,Female,49,4,0,0,0,Hispanic,Dallas,75232,"$26,701 - $44,500",FALSE,Uninsured,No,
,Female,30,2,0,1,0,Hispanic,Dallas,75001,Unknown,FALSE,Medicaid,No,
,Female,40,1,1,0,0,Black or African American,Dallas,75006,"$44,501 - $71,200",FALSE,Private,No,
,Female,40,2,0,3,0,Hispanic,Denton,75006,Unknown,FALSE,Prefer Not to Answer,No,
,Female,41,2,0,1,0,Hispanic,Denton,75006,Does not want to disclose,FALSE,Medicaid,No,
,Female,44,5,0,2,1,Hispanic,Dallas,75006,"$26,701 - $44,500",FALSE,Private,No,
,Female,44,3,0,1,1,Hispanic,Dallas,75006,Unknown,FALSE,Medicaid,No,
,Female,46,2,1,0,0,Hispanic,Denton,75006,Unknown,FALSE,Medicaid,No,
,Female,47,3,1,0,1,Hispanic,Dallas,75006,"Under $26,700",FALSE,Medicaid,Yes,
,Female,58,2,0,1,0,Hispanic,Dallas,75234,Unknown,FALSE,Medicaid,No,
,Female,Unknown,2,2,0,0,Black or African American,Dallas,75234,"$44,501 - $71,200",FALSE,CHIP,No,
,Female,28,2,4,0,0,Hispanic,Dallas,75001,Unknown,FALSE,Uninsured,No,
,Female,29,2,1,1,0,Hispanic,Dallas,75006,Does not want to disclose,FALSE,Medicaid,No,
,Female,30,2,1,1,0,Hispanic,Denton,75006,Unknown,FALSE,Medicaid,No,
,Female,30,3,0,1,0,Hispanic,Dallas,75229,Unknown,FALSE,Uninsured,No,
,Female,31,4,1,1,0,Hispanic,Dallas,75006,"$26,701 - $44,500",FALSE,Medicaid,No,
,Male,32,2,0,0,0,Hispanic,Dallas,75001,"Under $26,700",FALSE,Medicaid,No,
,Female,32,2,0,2,1,Hispanic,Dallas,75241,"Under $26,700",FALSE,Medicaid,Yes,
,Female,36,4,0,1,2,Hispanic,Dallas,75006,Unknown,FALSE,Medicaid,Yes,
,Female,36,2,1,1,0,Hispanic,Dallas,75234,Unknown,FALSE,Medicaid,Yes,
,Female,40,2,3,1,0,Hispanic,Denton,75006,"$26,701 - $44,500",FALSE,Medicaid,No,
,Female,41,2,1,1,0,Hispanic,Dallas,75001,"Under $26,700",FALSE,Medicaid,No,
,Male,43,2,3,1,0,Hispanic,Denton,75006,"$26,701 - $44,500",FALSE,Medicaid,No,
,Male,49,3,1,0,1,Hispanic,Dallas,75234,"$26,701 - $44,500",FALSE,Medicaid,No,
,Female,55,3,0,1,1,Hispanic,Dallas,75006,"$26,701 - $44,500",FALSE,Uninsured,No,
,Female,58,2,0,2,0,Hispanic,Dallas,75234,Unknown,FALSE,Medicaid,Yes,
,Female,66,3,1,0,0,Hispanic,Denton,75006,Does not want to disclose,FALSE,Medicaid,No,
,Female,30,2,1,2,0,Hispanic,Dallas,75243,"$44,501 - $71,200",FALSE,Medicaid,Yes,
,Female,28,2,1,0,0,Hispanic,Dallas,75231,"Under $26,700",FALSE,Medicaid,No,
,Female,30,2,2,2,0,Hispanic,Dallas,75231,Unknown,FALSE,Medicaid,No,
,Female,33,2,1,2,1,Hispanic,Dallas,75231,"$26,701 - $44,500",FALSE,Medicaid,No,
,Female,35,3,0,2,1,Hispanic,Dallas,75231,Unknown,FALSE,Medicaid,No,
,Female,36,2,1,2,0,Hispanic,Dallas,75228,"$26,701 - $44,500",FALSE,Medicaid,No,
,Female,37,2,0,1,1,Hispanic,Dallas,75231,"Under $26,700",FALSE,Medicaid,No,
,Female,38,2,1,2,0,Hispanic,Dallas,75231,"Under $26,700",FALSE,Medicaid,Yes,
,Female,39,4,0,2,0,Hispanic,Dallas,75231,"Under $26,700",FALSE,Medicaid,Yes,
,Female,40,2,1,1,1,Hispanic,Dallas,75243,"Under $26,700",FALSE,Medicaid,No,
,Female,40,2,0,2,1,Hispanic,Dallas,75231,"$44,501 - $71,200",FALSE,Medicaid,No,
,Female,41,2,1,1,1,Hispanic,Dallas,75228,"Over $71,200",FALSE,Medicaid,No,
,Female,41,5,0,2,0,Hispanic,Dallas,75231,"Under $26,700",FALSE,Uninsured,No,
,Female,41,3,0,1,1,Hispanic,Dallas,75231,Unknown,FALSE,Medicaid,Yes,
,Female,42,6,0,1,1,Hispanic,Dallas,75231,"Under $26,700",FALSE,Medicaid,Yes,
,Female,43,2,0,2,0,Hispanic,Dallas,75041,Unknown,FALSE,Medicaid,Yes,
,Female,44,2,0,2,1,Hispanic,Dallas,75150,"Under $26,700",FALSE,Medicaid,No,
,Female,44,3,0,2,1,Hispanic,Dallas,75231,Does not want to disclose,FALSE,Medicaid,Yes,
,Female,45,3,0,1,1,Hispanic,Dallas,75231,Unknown,FALSE,Medicaid; Uninsured,No,
,Female,47,4,0,1,1,Hispanic,Dallas,75217,Unknown,FALSE,Uninsured,Yes,
,Female,47,2,1,1,1,Hispanic,Dallas,75231,Does not want to disclose,FALSE,Uninsured,No,
,Female,48,2,0,0,2,Hispanic,Dallas,75231,Unknown,FALSE,Medicaid,No,
,Female,51,4,0,1,1,Hispanic,Dallas,75231,Unknown,FALSE,Medicaid,No,
,Female,51,3,1,0,2,Hispanic,Dallas,75231,Unknown,FALSE,Medicaid,No,
,Female,52,2,0,1,2,Hispanic,Dallas,75231,"Under $26,700",FALSE,Medicaid,No,
,Female,53,3,0,0,0,Hispanic,Dallas,75043,Does not want to disclose,FALSE,Uninsured,No,
,Female,54,4,0,1,0,Hispanic,Dallas,75231,"Under $26,700",FALSE,Uninsured,No,
,Female,56,4,0,0,0,Hispanic,Dallas,75231,Unknown,FALSE,Uninsured,No,
,Female,59,2,0,0,0,Hispanic,Dallas,75231,"$26,701 - $44,500",FALSE,Uninsured,No,
,Female,Unknown,1,1,0,0,Prefer Not to Answer,Dallas,75241,Does not want to disclose,FALSE,Prefer Not to Answer,Prefer Not to Answer,
,Female,Unknown,1,1,0,0,Prefer Not to Answer,Dallas,75241,Does not want to disclose,FALSE,Prefer Not to Answer,Prefer Not to Answer,
,Prefer Not to Answer,Unknown,1,1,0,0,Prefer Not to Answer,Dallas,75241,Does not want to disclose,FALSE,Prefer Not to Answer,Prefer Not to Answer,
,Female,Unknown,1,1,0,0,Prefer Not to Answer,Dallas,75241,Does not want to disclose,FALSE,Prefer Not to Answer,Prefer Not to Answer,
,Female,Unknown,1,1,0,0,Prefer Not to Answer,Dallas,75241,Does not want to disclose,FALSE,Prefer Not to Answer,Prefer Not to Answer,
,Prefer Not to Answer,Unknown,1,1,0,0,Prefer Not to Answer,Dallas,75241,Does not want to disclose,FALSE,Prefer Not to Answer,Prefer Not to Answer,
,Male,Unknown,1,1,0,0,Prefer Not to Answer,Dallas,75241,Does not want to disclose,FALSE,Prefer Not to Answer,Prefer Not to Answer,
,Female,Unknown,1,1,0,0,Prefer Not to Answer,Dallas,75241,Does not want to disclose,FALSE,Prefer Not to Answer,Prefer Not to Answer,
,Female,Unknown,1,1,0,0,Hispanic,Dallas,75241,Does not want to disclose,FALSE,Prefer Not to Answer,Prefer Not to Answer,
,Female,20,2,1,1,0,Black or African American,Dallas,75241,Does not want to disclose,FALSE,Medicaid,No,
,Female,32,4,3,1,0,Hispanic,Dallas,75241,"$26,701 - $44,500",FALSE,Medicaid,No,
,Female,34,2,1,1,0,Black or African American,Dallas,75241,"$44,501 - $71,200",FALSE,Private,Prefer Not to Answer,
,Female,34,2,1,1,0,Black or African American,Dallas,75241,"$26,701 - $44,500",FALSE,Medicaid,Prefer Not to Answer,
,Female,44,2,1,1,1,Hispanic,Dallas,75241,"Under $26,700",FALSE,Medicaid,No,
,Female,46,1,1,1,1,Black or African American,Dallas,75241,"Under $26,700",FALSE,Medicaid,Yes,
,Male,66,1,1,0,0,Black or African American,Dallas,75241,Does not want to disclose,FALSE,Prefer Not to Answer,Prefer Not to Answer,
,Female,20,3,1,0,0,Hispanic,Dallas,75210,Does not want to disclose,FALSE,Uninsured,No,
,Female,Unknown,1,1,0,0,Prefer Not to Answer,Dallas,75210,Does not want to disclose,FALSE,Prefer Not to Answer,Prefer Not to Answer,
,Female,30,2,2,0,0,Hispanic,Dallas,75210,"Under $26,700",FALSE,Uninsured,Yes,
,Female,36,2,1,0,0,Hispanic,Dallas,75215,Does not want to disclose,FALSE,Prefer Not to Answer,Prefer Not to Answer,
,Female,43,2,1,1,1,Hispanic,Dallas,75210,Unknown,FALSE,Medicaid,No,
,Female,28,1,1,0,0,Black or African American,Dallas,75232,Does not want to disclose,FALSE,Medicaid,Prefer Not to Answer,
,Prefer Not to Answer,Unknown,1,1,0,0,Prefer Not to Answer,Dallas,75232,Does not want to disclose,FALSE,Prefer Not to Answer,Prefer Not to Answer,
,Unknown,Unknown,,,,,,Dallas,75232,,FALSE,,,
,Female,29,6,1,0,0,Black or African American,Dallas,75203,"$26,701 - $44,500",FALSE,Medicaid; Private,Prefer Not to Answer,
,Female,30,1,1,0,0,Black or African American,Dallas,75241,"Under $26,700",FALSE,Medicaid,Prefer Not to Answer,
,Prefer Not to Answer,Unknown,1,1,0,0,Prefer Not to Answer,Dallas,75115,Does not want to disclose,FALSE,Prefer Not to Answer,Prefer Not to Answer,
,Prefer Not to Answer,Unknown,1,1,0,0,Prefer Not to Answer,Dallas,75115,Does not want to disclose,FALSE,Prefer Not to Answer,Prefer Not to Answer,
,Female,32,1,1,0,0,Black or African American,Dallas,75088,"$26,701 - $44,500",FALSE,Medicaid,Yes,
,Female,32,1,1,0,0,Black or African American,Dallas,75126,Does not want to disclose,FALSE,Other,Prefer Not to Answer,
,Female,39,1,1,0,0,Black or African American,Dallas,75052,"$44,501 - $71,200",FALSE,Private,Prefer Not to Answer,
,Female,40,2,1,0,0,Black or African American,Dallas,75141,"Over $71,200",FALSE,Medicaid,Prefer Not to Answer,
,Female,44,1,1,0,0,Black or African American,Dallas,75216,Does not want to disclose,FALSE,Medicaid,Prefer Not to Answer,
,Female,47,1,1,0,0,Black or African American,Dallas,75115,Does not want to disclose,FALSE,Private,Prefer Not to Answer,
,Female,53,1,1,0,0,Black or African American,Dallas,75115,"Over $71,200",FALSE,Private,Prefer Not to Answer,
,Female,30,1,2,2,0,Black or African American,Dallas,75217,Does not want to disclose,FALSE,Uninsured,Prefer Not to Answer,
,Female,21,2,1,0,0,Black or African American,Dallas,75217,Unknown,FALSE,Medicaid; Other,Prefer Not to Answer,
,Female,27,3,1,0,0,Black or African American,Dallas,75224,"Under $26,700",FALSE,Prefer Not to Answer,Yes,
,Female,29,1,2,1,0,Black or African American,Dallas,75217,"Under $26,700",FALSE,Medicaid,Yes,
,Female,30,3,1,1,0,Black or African American,Dallas,75217,"Under $26,700",FALSE,Medicaid,Prefer Not to Answer,
,Female,30,1,1,1,0,Black or African American,Dallas,75217,"Under $26,700",FALSE,Medicaid,Yes,
,Female,32,1,3,2,0,Black or African American,Dallas,75217,"Under $26,700",FALSE,Prefer Not to Answer,Yes,
,Female,Unknown,1,1,0,0,Black or African American,Dallas,75022,Does not want to disclose,FALSE,Prefer Not to Answer,Prefer Not to Answer,
,Female,Unknown,1,1,0,0,Prefer Not to Answer,Dallas,75203,Does not want to disclose,FALSE,Prefer Not to Answer,Prefer Not to Answer,
,Female,Unknown,1,1,0,0,Prefer Not to Answer,Dallas,75203,Does not want to disclose,FALSE,Prefer Not to Answer,Prefer Not to Answer,
,Female,Unknown,1,1,0,0,Prefer Not to Answer,Dallas,75203,Does not want to disclose,FALSE,Prefer Not to Answer,Prefer Not to Answer,
,Female,Unknown,1,1,0,0,Hispanic,Dallas,75203,Unknown,FALSE,Prefer Not to Answer,Prefer Not to Answer,
,Female,26,2,1,0,0,Hispanic,Dallas,75203,"$44,501 - $71,200",FALSE,Other,No,
,Female,Unknown,1,1,0,0,Asian,Dallas,74241,Does not want to disclose,FALSE,Prefer Not to Answer,Prefer Not to Answer,
,Female,32,1,1,2,0,Black or African American,Dallas,75241,Does not want to disclose,FALSE,Medicaid,Yes,
,Male,32,2,1,1,0,Asian,Dallas,75241,"Under $26,700",FALSE,Prefer Not to Answer,Yes,
,Female,35,1,1,0,0,Black or African American,Dallas,75241,Does not want to disclose,FALSE,Prefer Not to Answer,Prefer Not to Answer,
,Female,36,1,1,0,0,Black or African American,Dallas,75241,Does not want to disclose,FALSE,Prefer Not to Answer,Prefer Not to Answer,
,Female,46,2,1,1,0,Hispanic,Dallas,75241,Unknown,FALSE,Prefer Not to Answer,Prefer Not to Answer,
,Male,48,1,1,0,0,Black or African American,Dallas,75241,Does not want to disclose,FALSE,Prefer Not to Answer,Prefer Not to Answer,
,Male,66,1,1,0,0,Black or African American,Dallas,75241,"$26,701 - $44,500",FALSE,Prefer Not to Answer,Prefer Not to Answer,
,Female,Unknown,1,1,0,0,Prefer Not to Answer,Dallas,75212,Does not want to disclose,FALSE,Prefer Not to Answer,Prefer Not to Answer,
,Prefer Not to Answer,Unknown,1,1,0,0,Prefer Not to Answer,Dallas,75212,Does not want to disclose,FALSE,Prefer Not to Answer,Prefer Not to Answer,
,Female,Unknown,1,1,0,0,Prefer Not to Answer,Dallas,75212,Does not want to disclose,FALSE,Prefer Not to Answer,Prefer Not to Answer,
,Female,Unknown,1,1,0,0,Prefer Not to Answer,Dallas,75212,Does not want to disclose,FALSE,Prefer Not to Answer,Prefer Not to Answer,
,Female,Unknown,1,1,0,0,Prefer Not to Answer,Dallas,75212,Does not want to disclose,FALSE,Prefer Not to Answer,Prefer Not to Answer,
,Female,Unknown,1,1,0,0,Prefer Not to Answer,Dallas,75212,Does not want to disclose,FALSE,Prefer Not to Answer,Prefer Not to Answer,
,Female,27,1,1,0,0,Hispanic,Dallas,75212,Unknown,FALSE,Prefer Not to Answer,Prefer Not to Answer,
,Female,34,1,1,0,0,Hispanic,Dallas,75212,Does not want to disclose,FALSE,Prefer Not to Answer,Prefer Not to Answer,
,Female,35,6,1,2,1,Hispanic,Dallas,75215,"$26,701 - $44,500",FALSE,Uninsured,Yes,
,Female,43,1,1,0,0,Hispanic,Dallas,75212,Does not want to disclose,FALSE,Prefer Not to Answer,Prefer Not to Answer,
,Female,45,1,1,0,0,Hispanic,Dallas,75212,Does not want to disclose,FALSE,Prefer Not to Answer,Prefer Not to Answer,
,Male,Unknown,2,1,0,0,Black or African American,Dallas,75241,Does not want to disclose,FALSE,Medicaid,Prefer Not to Answer,
,Female,28,2,1,0,0,Black or African American,Dallas,75206,"$44,501 - $71,200",FALSE,Other,Prefer Not to Answer,
,Female,32,2,1,0,0,Black or African American,Dallas,75241,Does not want to disclose,FALSE,Medicaid,Prefer Not to Answer,
,Female,34,1,1,0,0,Black or African American,Dallas,75159,"$44,501 - $71,200",FALSE,Other,Prefer Not to Answer,
,Female,57,3,1,0,0,White,Dallas,75216,"$26,701 - $44,500",FALSE,Medicaid,Prefer Not to Answer,
,Male,28,2,0,1,0,Hispanic,Dallas,75217,"$26,701 - $44,500",FALSE,,No,
,Female,33,2,1,2,0,Hispanic,Dallas,75217,"$44,501 - $71,200",FALSE,Private; Other,No,
,Female,34,2,1,2,0,Hispanic,Dallas,75217,"$44,501 - $71,200",FALSE,Medicaid,No,
,Male,34,2,1,1,0,Hispanic,Dallas,75217,"$26,701 - $44,500",FALSE,,No,
,Female,35,2,0,1,0,Hispanic,Dallas,75172,"$26,701 - $44,500",FALSE,Medicaid,No,
,Male,44,3,0,1,0,Hispanic,Dallas,75217,"$44,501 - $71,200",FALSE,Uninsured,No,
,Female,46,4,0,1,0,Hispanic,Dallas,75217,"Under $26,700",FALSE,,No,
,Male,46,2,0,1,0,Hispanic,Dallas,75217,"$26,701 - $44,500",FALSE,Private,No,
,Female,46,2,0,1,0,Hispanic,Dallas,75217,"$26,701 - $44,500",FALSE,Private,No,
,Female,48,2,0,1,0,Hispanic,Dallas,75253,Does not want to disclose,FALSE,Uninsured,No,
,Female,48,2,0,1,1,Hispanic,Dallas,75253,"$44,501 - $71,200",FALSE,Medicaid,No,
,Female,51,3,0,1,1,Hispanic,Dallas,75217,"$44,501 - $71,200",FALSE,Private,No,
,Male,Unknown,1,0,1,0,Hispanic,Dallas,75217,Does not want to disclose,FALSE,Uninsured,No,
,Female,Unknown,1,0,1,0,Hispanic,Dallas,75217,Does not want to disclose,FALSE,Prefer Not to Answer,Prefer Not to Answer,
,Female,Unknown,1,0,1,0,,Dallas,75217,Does not want to disclose,FALSE,,No,
,Male,Unknown,2,0,1,0,Hispanic,Dallas,75217,"Under $26,700",FALSE,Medicaid,No,
,Female,Unknown,1,0,1,0,Hispanic,Dallas,75217,"$26,701 - $44,500",FALSE,Uninsured,No,
,Female,Unknown,2,0,1,1,Hispanic,Dallas,75212,"Under $26,700",FALSE,Uninsured,No,
,Female,27,2,1,1,0,Hispanic,Dallas,75217,Does not want to disclose,FALSE,Medicaid,No,
,Female,28,2,0,1,0,Hispanic,Dallas,75217,"$26,701 - $44,500",FALSE,Medicaid,No,
,Female,29,3,0,1,0,Hispanic,Dallas,75217,Unknown,FALSE,Uninsured,No,
,Female,29,2,3,0,0,Hispanic,Dallas,75253,"Under $26,700",FALSE,Uninsured,No,
,Female,30,2,1,1,0,Hispanic,Dallas,75217,"$26,701 - $44,500",FALSE,CHIP,No,
,Female,30,2,1,1,0,Hispanic,Dallas,75217,"$26,701 - $44,500",FALSE,,No,
,Female,30,2,2,2,0,Hispanic,Dallas,75253,Unknown,FALSE,Medicaid,No,
,Female,30,3,1,2,0,Hispanic,Dallas,75159,Unknown,FALSE,Uninsured,No,
,Male,31,2,0,1,0,Hispanic,Dallas,75217,"Under $26,700",FALSE,Uninsured,No,
,Female,31,2,0,3,0,Hispanic,Dallas,75217,Unknown,FALSE,Medicaid,No,
,Female,31,2,0,3,0,Hispanic,Dallas,75217,"$26,701 - $44,500",FALSE,CHIP,No,
,Female,32,2,0,2,0,Hispanic,Dallas,75217,"$26,701 - $44,500",FALSE,Medicaid,No,
,Female,32,2,2,0,0,Hispanic,Dallas,75217,Does not want to disclose,FALSE,Medicaid,No,
,Female,32,1,1,1,0,Hispanic,Dallas,75217,"Under $26,700",FALSE,Uninsured,No,
,Female,32,2,2,1,0,Hispanic,Dallas,75217,"$25,101 - $38,600",FALSE,Medicaid,No,
,Female,33,2,1,2,0,Hispanic,Dallas,75253,"$44,501 - $71,200",FALSE,Medicaid,No,
,Female,33,2,0,3,1,Hispanic,Dallas,75159,"$26,701 - $44,500",FALSE,Medicaid,No,
,Female,33,1,0,1,0,Hispanic,Dallas,75253,Does not want to disclose,FALSE,Uninsured,No,
,Female,34,2,0,3,0,Hispanic,Dallas,75217,Does not want to disclose,FALSE,Private,No,
,Female,34,2,1,0,1,Hispanic,Dallas,75217,"Under $26,700",FALSE,,No,
,Female,34,1,0,2,0,Hispanic,Dallas,75180,"Under $26,700",FALSE,Uninsured,No,
,Female,35,1,1,0,2,Hispanic,Dallas,75217,"Under $26,700",FALSE,Medicaid,Yes,
,Female,35,2,1,0,0,Hispanic,Dallas,75172,"Under $26,700",FALSE,Medicaid,No,
,Female,35,2,0,3,0,Hispanic,Dallas,75217,"$26,701 - $44,500",FALSE,Medicaid,Yes,
,Female,35,2,1,1,1,Hispanic,Dallas,75253,"$26,701 - $44,500",FALSE,Medicaid,Yes,
,Female,36,2,2,1,0,Hispanic,Dallas,75159,"$44,501 - $71,200",FALSE,Uninsured,No,
,Female,36,1,0,2,0,Hispanic,Dallas,75217,Does not want to disclose,FALSE,Medicaid,Yes,
,Female,37,2,0,0,1,Hispanic,Dallas,75227,Unknown,FALSE,Uninsured,No,
,Female,37,2,0,2,1,Hispanic,Dallas,75217,Unknown,FALSE,Medicaid,Yes,
,Female,37,3,1,0,0,Hispanic,Dallas,75217,Unknown,FALSE,Uninsured,No,
,Female,37,2,1,2,0,Hispanic,Dallas,75217,"Under $26,700",FALSE,CHIP; Medicaid,Yes,
,Male,37,2,0,3,1,Hispanic,Dallas,75228,"Under $26,700",FALSE,Uninsured,No,
,Female,38,2,0,2,1,Hispanic,Dallas,75217,"$26,701 - $44,500",FALSE,Medicaid,Yes,
,Male,38,2,1,1,0,Hispanic,Dallas,75227,"$26,701 - $44,500",FALSE,Uninsured,No,
,Male,39,1,0,1,0,Hispanic,Dallas,75217,"$26,701 - $44,500",FALSE,Uninsured,No,
,Female,39,4,1,1,0,Hispanic,Dallas,75217,Does not want to disclose,FALSE,CHIP; Medicaid,No,
,Female,39,2,1,2,0,Hispanic,Dallas,75217,Does not want to disclose,FALSE,Uninsured,No,
,Female,39,1,0,1,0,Hispanic,Dallas,75217,Does not want to disclose,FALSE,Uninsured,No,
,Female,39,2,1,1,1,Hispanic,Dallas,75217,Unknown,FALSE,Private,No,
,Female,39,2,2,0,0,Hispanic,Dallas,75227,"$44,501 - $71,200",FALSE,Uninsured,No,
,Male,40,2,0,2,0,Hispanic,Dallas,75180,"Under $26,700",FALSE,,No,
,Female,40,5,0,3,0,,Dallas,75217,Does not want to disclose,FALSE,Medicaid,No,
,Female,40,2,0,1,1,Hispanic,Dallas,75253,"$26,701 - $44,500",FALSE,Uninsured,No,
,Female,40,2,3,2,1,Hispanic,Dallas,75217,Does not want to disclose,FALSE,Medicaid,No,
,Male,40,2,0,1,0,Hispanic,Dallas,75217,"$26,701 - $44,500",FALSE,Medicaid,No,
,Female,41,2,0,1,2,Hispanic,Dallas,75159,"Under $26,700",FALSE,Medicaid,No,
,Female,41,2,0,3,0,Hispanic,Dallas,75217,Unknown,FALSE,Medicaid,No,
,Female,41,2,0,1,2,Hispanic,Dallas,75159,"$26,701 - $44,500",FALSE,Uninsured,No,
,Female,41,1,0,2,1,Hispanic,Dallas,75217,"$26,701 - $44,500",FALSE,Prefer Not to Answer,No,
,Female,41,2,1,2,0,Hispanic,Dallas,75712,Unknown,FALSE,Medicaid,No,
,Female,42,2,,,,Hispanic,Dallas,75217,"$26,701 - $44,500",FALSE,Medicaid; Uninsured,No,
,Female,42,2,0,2,0,Hispanic,Dallas,75217,Unknown,FALSE,CHIP,Yes,
,Female,42,1,0,2,2,Hispanic,Dallas,75253,Does not want to disclose,FALSE,Other,No,
,Female,42,2,1,1,2,Hispanic,Dallas,75217,"$26,701 - $44,500",FALSE,Uninsured,No,
,Female,43,2,1,2,1,Hispanic,Dallas,75217,Unknown,FALSE,Uninsured,No,
,Female,43,2,0,2,1,Hispanic,Dallas,75217,Does not want to disclose,FALSE,Medicaid,No,
,Female,43,2,0,2,1,Hispanic,Dallas,75217,"$26,701 - $44,500",FALSE,Medicaid,No,
,Female,43,2,0,1,2,Hispanic,Dallas,75217,Does not want to disclose,FALSE,Medicaid,No,
,Female,43,2,1,2,0,Hispanic,Dallas,75253,"Over $71,200",FALSE,Uninsured,No,
,Female,43,2,2,0,0,Hispanic,Dallas,75217,"Under $26,700",FALSE,Medicaid,No,
,Female,45,3,0,2,1,Hispanic,Dallas,75180,"$26,701 - $44,500",FALSE,Medicaid,No,
,Female,45,2,1,1,1,Hispanic,Dallas,75217,"Under $26,700",FALSE,Medicaid,No,
,Female,45,2,0,1,1,Hispanic,Dallas,75217,"$26,701 - $44,500",FALSE,Medicaid,No,
,Female,45,2,0,1,1,Hispanic,Dallas,75217,"Under $26,700",FALSE,Uninsured,No,
,Female,46,2,1,1,0,Hispanic,Dallas,75217,"Under $26,700",FALSE,Medicaid,No,
,Female,46,3,0,1,1,Hispanic,Dallas,75217,"$44,501 - $71,200",FALSE,Other,No,
,Female,47,4,1,2,0,Hispanic,Dallas,75203,"Under $26,700",FALSE,Uninsured,No,
,Female,47,4,0,1,1,Hispanic,Dallas,75217,"$26,701 - $44,500",FALSE,Uninsured,No,
,Female,47,3,0,1,0,Hispanic,Dallas,75253,"Over $71,200",FALSE,Uninsured,No,
,Female,48,1,0,2,0,Hispanic,Dallas,75253,"Under $26,700",FALSE,Uninsured,No,
,Male,48,2,0,1,0,Hispanic,Dallas,75217,Does not want to disclose,FALSE,,No,
,Female,48,1,1,1,1,Hispanic,Dallas,75217,"Under $26,700",FALSE,,No,
,Female,48,1,0,2,0,Hispanic,Dallas,75217,"Under $26,700",FALSE,Medicaid,Yes,
,Female,49,2,0,2,0,Hispanic,Dallas,75217,"$25,101 - $38,600",FALSE,Private,No,
,Female,50,2,1,1,0,Hispanic,Dallas,75217,Unknown,FALSE,Uninsured,No,
,Female,50,3,1,1,1,Hispanic,Dallas,75217,Does not want to disclose,FALSE,Uninsured,No,
,Female,50,1,0,1,1,Hispanic,Dallas,75217,Does not want to disclose,FALSE,Medicaid,No,
,Female,50,2,2,0,1,Hispanic,Dallas,75217,"$26,701 - $44,500",FALSE,Uninsured,No,
,Female,52,2,0,1,1,Hispanic,Dallas,75141,"$26,701 - $44,500",FALSE,Medicaid,No,
,Female,53,1,0,1,0,Hispanic,Dallas,75217,Does not want to disclose,FALSE,,No,
,Male,53,2,0,2,0,Hispanic,Dallas,75217,"$44,501 - $71,200",FALSE,Medicaid,No,
,Female,55,2,0,1,0,Hispanic,Dallas,75006,"$25,101 - $38,600",FALSE,Other,No,
,Female,59,1,3,3,0,Hispanic,Dallas,75227,"Under $26,700",FALSE,Medicaid,No,
,Female,59,2,0,0,1,Hispanic,Dallas,75217,"$26,701 - $44,500",FALSE,Uninsured,No,
,Female,66,5,0,2,0,Hispanic,Dallas,75241,"$26,701 - $44,500",FALSE,Other,No,
,Male,72,5,1,2,0,Hispanic,Dallas,75241,"$26,701 - $44,500",FALSE,Medicaid,No,
,Male,Unknown,1,0,1,0,,Dallas,75254,Does not want to disclose,FALSE,,,
,Male,Unknown,1,0,1,0,,Dallas,75254,Does not want to disclose,FALSE,,,
,Female,Unknown,2,2,2,0,Hispanic,Dallas,75254,"Under $26,700",FALSE,CHIP,Yes,
,Male,Unknown,1,0,1,0,,Dallas,75254,Does not want to disclose,FALSE,,,
,Female,30,2,1,1,0,Hispanic,Dallas,75254,Does not want to disclose,FALSE,,No,
,Female,35,4,3,0,0,Hispanic,Dallas,75254,"$26,701 - $44,500",FALSE,Other,No,
,Female,35,2,1,1,0,Hispanic,Dallas,75254,"Under $26,700",FALSE,Medicaid,No,
,Female,36,1,0,1,0,Black or African American,Dallas,75254,"$26,701 - $44,500",FALSE,,No,
,Female,38,2,1,1,1,Hispanic,Dallas,75254,Does not want to disclose,FALSE,Medicaid,No,
,Male,39,2,1,1,0,Black or African American,Dallas,75254,"$44,501 - $71,200",FALSE,Medicaid,No,
,Female,42,1,0,4,0,Hispanic,Dallas,75230,"Under $26,700",FALSE,Medicaid,No,
,Female,46,2,0,1,0,Hispanic,Dallas,75254,"$44,501 - $71,200",FALSE,,No,
,Female,46,3,0,1,0,Hispanic,Dallas,75254,Unknown,FALSE,Uninsured,No,
,Female,48,2,0,1,0,Hispanic,Dallas,75001,"Under $26,700",FALSE,Medicaid,No,
,Female,55,1,1,2,0,Hispanic,Dallas,75254,"Under $26,700",FALSE,,No,
,Female,55,1,1,2,0,Hispanic,Dallas,75254,"Under $26,700",FALSE,,No,
,Female,59,2,2,3,0,Hispanic,Dallas,75230,"$26,701 - $44,500",FALSE,Medicaid,No,
,Female,26,1,0,1,0,Hispanic,Dallas,75254,Does not want to disclose,FALSE,CHIP; Medicaid,No,
,Female,28,4,0,1,0,Hispanic,Dallas,75240,"Under $26,700",FALSE,Medicaid,No,
,Female,29,3,1,2,0,Hispanic,Dallas,75254,"$44,501 - $71,200",FALSE,,No,
,Female,29,2,2,1,0,Hispanic,Dallas,75254,"$26,701 - $44,500",FALSE,Medicaid,No,
,Female,30,2,1,1,0,Hispanic,Dallas,75254,"$26,701 - $44,500",FALSE,Medicaid,No,
,Female,32,2,1,1,1,Hispanic,Dallas,75254,"$26,701 - $44,500",FALSE,Uninsured,No,
,Female,34,2,1,3,1,Hispanic,Dallas,75254,"$26,701 - $44,500",FALSE,Medicaid,Yes,
,Male,34,2,1,3,1,Hispanic,Dallas,75254,"$26,701 - $44,500",FALSE,Medicaid,Yes,
,Female,34,1,0,1,0,Hispanic,Dallas,75254,Does not want to disclose,FALSE,,No,
,Female,36,2,0,2,0,Asian,Dallas,75254,Unknown,FALSE,Uninsured,No,
,Female,38,2,0,1,0,,Dallas,75244,Does not want to disclose,FALSE,Private,No,
,Female,40,2,1,1,0,Hispanic,Dallas,75230,"Under $26,700",FALSE,Medicaid,No,
,Female,40,1,0,1,1,Hispanic,Dallas,75240,"Under $26,700",FALSE,Uninsured,No,
,Female,43,3,0,2,0,Black or African American,Dallas,75254,"Under $26,700",FALSE,Medicaid; Private,No,
,Male,79,2,1,0,0,Hispanic,Dallas,75254,"Under $26,700",FALSE,Other,No,
,Female,22,1,0,0,0,Hispanic,Dallas,75143,Unknown,FALSE,Uninsured,No,
,Female,Unknown,1,0,1,0,,Tarrant,76110,Does not want to disclose,FALSE,,,
,Male,24,2,0,1,0,Hispanic,Dallas,75010,"$44,501 - $71,200",FALSE,,No,
,Female,37,2,0,1,1,Hispanic,Dallas,75232,Does not want to disclose,FALSE,Uninsured,No,
,Female,43,1,0,1,0,Hispanic,Dallas,75233,"Under $26,700",FALSE,,No,
,Male,43,1,0,1,0,,Tarrant,76110,Does not want to disclose,FALSE,,No,
,Female,Unknown,1,0,1,0,,Tarrant,76110,Does not want to disclose,FALSE,,No,
,Female,Unknown,1,0,1,0,Hispanic,Tarrant,76110,Does not want to disclose,FALSE,Medicaid,No,
,Female,Unknown,2,1,1,0,Hispanic,Tarrant,76103,"Under $26,700",FALSE,Uninsured,No,
,Female,Unknown,2,0,1,0,Hispanic,Tarrant,76133,"$26,701 - $44,500",FALSE,Uninsured,No,
,Female,Unknown,3,0,1,2,Hispanic,Tarrant,76115,"$26,701 - $44,500",FALSE,Medicaid,No,
,Male,Unknown,2,0,1,2,Hispanic,Dallas,75241,"Under $26,700",FALSE,Uninsured,No,
,Male,Unknown,1,0,1,0,Hispanic,Tarrant,75254,Does not want to disclose,FALSE,Other,No,
,Female,Unknown,3,1,1,1,Hispanic,Tarrant,76115,Does not want to disclose,FALSE,,No,
,Female,Unknown,1,0,1,0,Hispanic,Tarrant,76110,"$26,701 - $44,500",FALSE,Uninsured,No,
,Female,Unknown,1,0,1,0,Hispanic,Tarrant,76115,"Under $26,700",FALSE,Medicaid,No,
,Female,Unknown,2,0,1,0,Hispanic,Dallas,75233,Unknown,FALSE,Medicaid,Yes,
,Female,24,2,2,1,0,Hispanic,Tarrant,76133,"$26,701 - $44,500",FALSE,Other,No,
,Female,24,2,1,,,Hispanic,Dallas,75143,"Under $26,700",FALSE,Uninsured,No,
,Female,25,4,1,0,0,Hispanic,Tarrant,76115,Unknown,FALSE,Private,No,
,Female,25,2,,,,Hispanic,Tarrant,76111,Unknown,FALSE,Other,No,
,Female,26,3,1,0,0,Hispanic,Tarrant,75115,Does not want to disclose,FALSE,Other,No,
,Female,27,3,1,1,0,Hispanic,Tarrant,76110,"$44,501 - $71,200",FALSE,Uninsured,No,
,Female,30,1,1,,,Hispanic,Dallas,75237,"$26,701 - $44,500",FALSE,Uninsured,No,
,Female,30,2,1,2,0,Hispanic,Dallas,75216,"Under $26,700",FALSE,Medicaid,Yes,
,Male,30,2,1,2,0,Hispanic,Dallas,75216,"Under $26,700",FALSE,Medicaid,Yes,
,Female,30,2,1,2,0,Hispanic,Dallas,75211,"$26,701 - $44,500",FALSE,Uninsured,Yes,
,Female,31,1,1,1,0,Hispanic,Tarrant,76110,"$44,501 - $71,200",FALSE,Uninsured,No,
,Female,31,3,0,1,0,Hispanic,Tarrant,76134,Unknown,FALSE,Uninsured,Yes,
,Female,31,2,2,0,0,Hispanic,Dallas,75146,"Under $26,700",FALSE,Medicaid,Yes,
,Female,32,1,,,,Hispanic,Tarrant,76133,Unknown,FALSE,Other,No,
,Female,32,2,0,2,0,Hispanic,Tarrant,76140,Does not want to disclose,FALSE,Other,No,
,Female,32,1,0,2,1,Hispanic,Tarrant,76110,"Under $26,700",FALSE,Uninsured,No,
,Female,32,2,0,1,2,Hispanic,Dallas,75241,"Under $26,700",FALSE,Uninsured,No,
,Female,32,2,0,1,0,Hispanic,Dallas,75232,"$26,701 - $44,500",FALSE,Uninsured,No,
,Female,33,2,0,1,1,Hispanic,Dallas,75233,"$26,701 - $44,500",FALSE,Uninsured,No,
,Female,34,2,0,2,0,Hispanic,Tarrant,76110,"Under $26,700",FALSE,Private,No,
,Female,34,3,0,1,0,Hispanic,Tarrant,76110,"Under $26,700",FALSE,Uninsured,No,
,Female,35,2,0,1,0,Hispanic,Dallas,75236,Does not want to disclose,FALSE,Uninsured,No,
,Male,35,1,1,0,0,Hispanic,Tarrant,76115,Does not want to disclose,FALSE,Uninsured,No,
,Female,35,1,1,0,0,Hispanic,Tarrant,76115,Does not want to disclose,FALSE,Uninsured,No,
,Female,35,2,1,1,0,Hispanic,Dallas,75216,"$44,501 - $71,200",FALSE,,No,
,Female,35,2,0,2,0,Hispanic,Dallas,75241,"$26,701 - $44,500",FALSE,Medicaid,No,
,Female,36,2,0,2,1,Hispanic,Tarrant,76115,"$44,501 - $71,200",FALSE,Private,No,
,Female,37,1,2,3,0,Hispanic,Tarrant,76110,"Under $26,700",FALSE,Other,No,
,Female,37,2,1,1,1,Hispanic,Tarrant,76104,Does not want to disclose,FALSE,Uninsured,No,
,Female,37,4,1,2,0,Hispanic,Tarrant,76134,"$26,701 - $44,500",FALSE,Medicaid,No,
,Female,37,2,1,1,0,Hispanic,Tarrant,76016,"$44,501 - $71,200",FALSE,Medicaid,No,
,Female,37,1,0,3,0,Hispanic,Tarrant,76134,"Under $26,700",FALSE,Medicaid,Yes,
,Female,37,2,2,1,1,Hispanic,Tarrant,76015,Does not want to disclose,FALSE,Uninsured,Yes,
,Female,38,2,3,2,0,Hispanic,Dallas,75241,"$44,501 - $71,200",FALSE,Medicaid,No,
,Female,38,2,1,2,0,Hispanic,Tarrant,76110,"$44,501 - $71,200",FALSE,Uninsured,No,
,Female,39,3,0,1,0,Hispanic,Tarrant,76110,Unknown,FALSE,Uninsured,No,
,Female,39,3,0,2,0,Hispanic,Dallas,75146,"Under $26,700",FALSE,CHIP; Medicaid,No,
,Female,39,2,1,2,1,,Tarrant,76140,"Under $26,700",FALSE,Medicaid,No,
,Female,40,3,0,1,1,Hispanic,Tarrant,75115,"Under $26,700",FALSE,Other,No,
,Female,40,2,0,2,0,Hispanic,Tarrant,76105,"$26,701 - $44,500",FALSE,Medicaid,No,
,Female,40,2,0,1,1,Hispanic,Dallas,75224,Unknown,FALSE,Medicaid,Yes,
,Female,41,2,1,1,1,Hispanic,Tarrant,76133,Does not want to disclose,FALSE,Medicaid,No,
,Female,41,2,0,2,0,Hispanic,Tarrant,76133,Does not want to disclose,FALSE,Medicaid,No,
,Female,41,2,0,1,0,Hispanic,Tarrant,76110,Unknown,FALSE,Medicaid,No,
,Female,42,2,0,2,0,Hispanic,Dallas,75137,"$26,701 - $44,500",FALSE,Medicaid,No,
,Female,42,2,1,1,0,Hispanic,Tarrant,76110,"$26,701 - $44,500",FALSE,Medicaid,No,
,Female,42,2,0,3,0,Hispanic,Dallas,75216,"Under $26,700",FALSE,,No,
,Female,44,3,0,0,1,Hispanic,Dallas,75143,"$26,701 - $44,500",FALSE,Uninsured,No,
,Female,44,6,0,1,1,Hispanic,Dallas,75224,"Under $26,700",FALSE,Medicaid,No,
,Female,46,2,1,1,0,Hispanic,Dallas,75146,"$44,501 - $71,200",FALSE,,No,
,Female,46,2,0,1,1,Hispanic,Tarrant,76110,"$26,701 - $44,500",FALSE,Uninsured,No,
,Female,47,1,0,2,1,Hispanic,Tarrant,76110,Does not want to disclose,FALSE,Uninsured,No,
,Female,47,4,2,0,0,Hispanic,Tarrant,76115,"$26,701 - $44,500",FALSE,Medicaid,No,
,Female,47,3,0,1,1,Hispanic,Tarrant,76134,"$26,701 - $44,500",FALSE,Medicaid,No,
,Male,47,2,2,0,0,Hispanic,Tarrant,76115,"$26,701 - $44,500",FALSE,,No,
,Female,48,2,0,0,2,Hispanic,Tarrant,76110,"Under $26,700",FALSE,Medicaid,No,
,Female,48,2,0,2,1,Hispanic,Tarrant,76104,Unknown,FALSE,Uninsured,No,
,Female,48,1,0,1,1,Hispanic,Dallas,75232,"$44,501 - $71,200",FALSE,Uninsured,No,
,Female,48,2,1,0,0,Hispanic,Tarrant,76115,"Under $26,700",FALSE,Uninsured,No,
,Male,50,3,0,2,1,Hispanic,Tarrant,76115,"$26,701 - $44,500",FALSE,Medicaid,No,
,Female,51,2,0,2,0,Hispanic,Dallas,75116,"$26,701 - $44,500",FALSE,Uninsured,No,
,Male,52,2,0,1,1,Hispanic,Dallas,75232,"$44,501 - $71,200",FALSE,Uninsured,No,
,Female,52,2,1,0,0,Hispanic,Tarrant,76110,"Under $26,700",FALSE,Uninsured,No,
,Female,52,2,1,1,0,Hispanic,Dallas,75253,"Under $26,700",FALSE,Medicaid,Yes,
,Female,52,3,0,1,0,Hispanic,Tarrant,76110,"Under $26,700",FALSE,,No,
,Female,53,2,0,2,0,Hispanic,Tarrant,75110,"$26,701 - $44,500",FALSE,Uninsured,No,
,Female,53,2,0,1,1,Hispanic,Tarrant,76119,"$26,701 - $44,500",FALSE,,No,
,Female,53,1,0,1,0,Hispanic,Tarrant,76134,"Under $26,700",FALSE,,No,
,Female,54,1,0,1,0,Hispanic,Tarrant,76110,Does not want to disclose,FALSE,Other,No,
,Female,54,2,0,0,3,Hispanic,Tarrant,76110,"Under $26,700",FALSE,Uninsured,No,
,Male,56,2,0,1,0,Hispanic,Tarrant,76133,"$26,701 - $44,500",FALSE,Uninsured,No,
,Female,57,3,1,0,0,Hispanic,Tarrant,76115,"$26,701 - $44,500",FALSE,,No,
,Female,60,2,0,1,0,Hispanic,Dallas,75224,Unknown,FALSE,,No,
,Female,62,4,1,0,1,Hispanic,Tarrant,76110,"Under $26,700",FALSE,Private,No,
,Female,64,2,1,0,0,Hispanic,Tarrant,76110,Unknown,FALSE,Other,Yes,
,Female,65,2,,,,Hispanic,Tarrant,76110,Unknown,FALSE,Uninsured,No,
,Unknown,Unknown,,,,,,,,,FALSE,,,
,Female,Unknown,2,0,,,Hispanic,Dallas,75254,"$26,701 - $44,500",FALSE,Prefer Not to Answer,Prefer Not to Answer,
,Unknown,Unknown,,,,,,,,,FALSE,,,
,Male,Unknown,1,0,,,Hispanic,Dallas,75222,"$44,501 - $71,200",FALSE,CHIP,Yes,
,Male,35,2,2,1,0,Hispanic,Dallas,75656,Unknown,FALSE,Medicaid,Yes,
,Female,42,4,0,,,Hispanic,Dallas,75254,"Under $26,700",FALSE,Medicaid,Yes,
,Male,45,3,0,,,Prefer Not to Answer,Dallas,76149,Does not want to disclose,FALSE,CHIP,No,
,Female,57,1,1,1,0,Black or African American,Dallas,75234,"$44,501 - $71,200",FALSE,CHIP; Medicaid,Yes,
,Female,57,1,2,1,0,American Indian or Alaska Native,Dallas,75217,"Over $71,200",TRUE,Uninsured,Yes,
,Male,Unknown,6,1,3,2,Hispanic,Dallas,75232,"$26,701 - $44,500",FALSE,,,
,Female,39,6,1,3,2,Hispanic,Dallas,75232,"$26,701 - $44,500",FALSE,,,
,Female,Unknown,6,1,3,2,Hispanic,Dallas,75232,"$26,701 - $44,500",FALSE,,,
,Female,65,6,1,3,2,Hispanic,Dallas,75232,"$26,701 - $44,500",FALSE,,,
,Male,38,6,1,3,2,Hispanic,Dallas,75232,"$26,701 - $44,500",FALSE,,,
,Female,36,6,1,3,2,Hispanic,Dallas,75232,"$26,701 - $44,500",FALSE,,,
,Female,42,4,0,2,1,Hispanic,Dallas,75232,"$44,501 - $71,200",FALSE,,,
,Male,43,4,0,2,1,Hispanic,Dallas,75232,"$44,501 - $71,200",FALSE,,,
,Male,19,4,0,2,1,Hispanic,Dallas,75232,"$44,501 - $71,200",FALSE,,,
,Male,40,4,0,2,1,Hispanic,Dallas,75232,"$44,501 - $71,200",FALSE,,,
,Female,35,3,2,0,0,Hispanic,Dallas,75216,"Under $26,700",FALSE,,,
,Female,63,3,2,0,0,Hispanic,Dallas,75216,"Under $26,700",FALSE,,,
,Unknown,26,3,2,0,0,Hispanic,Dallas,75216,"Under $26,700",FALSE,,,
,Unknown,49,3,2,1,0,Hispanic,Dallas,75232,"Under $26,700",FALSE,,,
,Female,44,5,0,2,3,Hispanic,Dallas,75241,"$26,701 - $44,500",FALSE,,,
,Male,37,2,2,0,0,Hispanic,Dallas,75216,"$26,701 - $44,500",FALSE,,,
,Female,33,2,2,0,0,Hispanic,Dallas,75216,"$26,701 - $44,500",FALSE,,,
,Female,32,3,2,1,0,Hispanic,Dallas,75232,"Under $26,700",FALSE,,,
,Female,23,3,2,1,0,Hispanic,Dallas,75232,"Under $26,700",FALSE,,,
,Male,48,5,0,2,3,Hispanic,Dallas,75241,"$26,701 - $44,500",FALSE,,,
,Male,72,5,0,2,3,Hispanic,Dallas,75241,"$26,701 - $44,500",FALSE,,,
,Female,69,5,0,2,3,Hispanic,Dallas,75241,"$26,701 - $44,500",FALSE,,,
,Male,40,4,3,1,0,Hispanic,Dallas,75211,"$44,501 - $71,200",FALSE,,,
,Female,25,2,2,0,0,Hispanic,Dallas,75212,"Under $26,700",FALSE,,,
,Male,28,2,2,0,0,Hispanic,Dallas,75212,"Under $26,700",FALSE,,,
,Female,66,4,3,1,0,Hispanic,Dallas,75211,"$44,501 - $71,200",FALSE,,,
,Female,33,4,3,1,0,Hispanic,Dallas,75211,"$44,501 - $71,200",FALSE,,,
,Female,22,4,3,1,0,Hispanic,Dallas,75211,"$44,501 - $71,200",FALSE,,,
,Female,30,4,3,0,0,Hispanic,Dallas,75210,"$26,701 - $44,500",FALSE,,,
,Male,31,4,3,0,0,Hispanic,Dallas,75210,"$26,701 - $44,500",FALSE,,,
,Female,64,4,3,0,0,Hispanic,Dallas,75210,"$26,701 - $44,500",FALSE,,,
,Female,22,4,3,0,0,Hispanic,Dallas,75210,"$26,701 - $44,500",FALSE,,,
,Female,33,7,3,1,1,Hispanic,Dallas,75203,"$44,501 - $71,200",FALSE,,,
,Female,79,7,3,1,1,Hispanic,Dallas,75203,"$44,501 - $71,200",FALSE,,,
,Male,34,7,3,1,1,Hispanic,Dallas,75203,"$44,501 - $71,200",FALSE,,,
,Male,44,7,3,1,1,Hispanic,Dallas,75203,"$44,501 - $71,200",FALSE,,,
,Female,51,3,0,0,2,Hispanic,Dallas,75203,"Under $26,700",FALSE,,,
,Female,80,3,0,0,2,Hispanic,Dallas,75203,"Under $26,700",FALSE,,,
,Female,40,7,3,1,1,Hispanic,Dallas,75203,"$44,501 - $71,200",FALSE,,,
,Female,22,7,3,1,1,Hispanic,Dallas,75203,"$44,501 - $71,200",FALSE,,,
,Female,39,3,0,0,2,Hispanic,Dallas,75203,"Under $26,700",FALSE,,,
,Female,47,3,0,0,2,Hispanic,Dallas,75203,"$26,701 - $44,500",FALSE,,,
,Male,80,3,0,0,2,Hispanic,Dallas,75203,"$26,701 - $44,500",FALSE,,,
,Female,44,3,0,0,2,Hispanic,Dallas,75203,"$26,701 - $44,500",FALSE,,,
,Male,23,2,3,0,0,Hispanic,Dallas,75211,"Under $26,700",FALSE,,,
,Male,35,4,0,3,0,Hispanic,Dallas,75216,"$44,501 - $71,200",FALSE,,,
,Female,20,2,3,0,0,Hispanic,,75211,"Under $26,700",FALSE,,,
,Male,44,4,0,3,0,Hispanic,Dallas,75216,"$44,501 - $71,200",FALSE,,,
,Female,37,5,0,0,2,Hispanic,Dallas,75146,"$26,701 - $44,500",FALSE,,,
,Male,36,5,0,0,2,Hispanic,Dallas,75146,"$26,701 - $44,500",FALSE,,,
,Female,20,5,0,0,2,Hispanic,Dallas,75146,"$26,701 - $44,500",FALSE,,,
,Female,28,5,0,0,2,Hispanic,Dallas,75146,"$26,701 - $44,500",FALSE,,,
,Male,66,4,2,0,0,Hispanic,Dallas,75141,"$26,701 - $44,500",FALSE,,,
,Male,73,5,0,0,2,Hispanic,Dallas,75146,"$26,701 - $44,500",FALSE,,,
,Female,59,4,2,0,0,Hispanic,Dallas,75141,"$26,701 - $44,500",FALSE,,,
,Female,24,4,2,0,0,Hispanic,Dallas,75141,"$26,701 - $44,500",FALSE,,,
,Female,31,4,2,0,0,Hispanic,Dallas,75141,"$26,701 - $44,500",FALSE,,,
,Male,38,5,0,2,1,Hispanic,Dallas,75172,"$44,501 - $71,200",FALSE,,,
,Female,39,5,0,2,1,Hispanic,Dallas,75172,"$44,501 - $71,200",FALSE,,,
,Female,27,2,2,0,0,Hispanic,Dallas,75154,"$44,501 - $71,200",FALSE,,,
,Female,57,5,0,2,1,Hispanic,Dallas,75172,"$44,501 - $71,200",FALSE,,,
,Female,31,4,0,2,0,Hispanic,Dallas,,"$44,501 - $71,200",FALSE,,,
,Male,23,5,0,2,1,Hispanic,Dallas,75172,"$44,501 - $71,200",FALSE,,,
,Male,28,2,2,0,0,Hispanic,Dallas,75154,"$44,501 - $71,200",FALSE,,,
,Male,Unknown,3,0,2,0,Hispanic,Dallas,,"$44,501 - $71,200",FALSE,,,
,Female,22,4,0,2,0,Hispanic,Dallas,,"$44,501 - $71,200",FALSE,,,
,Female,Unknown,3,0,2,0,Hispanic,Dallas,,"$44,501 - $71,200",FALSE,,,
,Male,68,4,0,2,0,Hispanic,Dallas,,"$44,501 - $71,200",FALSE,,,
,Female,64,4,0,2,0,Hispanic,Dallas,,"$44,501 - $71,200",FALSE,,,
,Female,24,3,1,0,0,Hispanic,Dallas,,"Under $26,700",FALSE,,,
,Female,49,3,1,0,0,Hispanic,Dallas,,"$26,701 - $44,500",FALSE,,,
,Male,55,3,1,0,0,Hispanic,Dallas,,"$26,701 - $44,500",FALSE,,,
,Male,Unknown,1,0,1,0,Prefer Not to Answer,Dallas,75217,Does not want to disclose,FALSE,Prefer Not to Answer,Prefer Not to Answer,
,Female,Unknown,1,0,1,0,Prefer Not to Answer,Dallas,75217,Does not want to disclose,FALSE,Prefer Not to Answer,Prefer Not to Answer,
,Female,Unknown,1,0,1,0,Prefer Not to Answer,Dallas,75217,Does not want to disclose,FALSE,Prefer Not to Answer,Prefer Not to Answer,
,Female,Unknown,1,0,1,0,Prefer Not to Answer,Dallas,75217,Does not want to disclose,FALSE,Prefer Not to Answer,Prefer Not to Answer,
,Female,Unknown,1,0,1,0,Prefer Not to Answer,Dallas,75217,Does not want to disclose,FALSE,Prefer Not to Answer,Prefer Not to Answer,
,Female,Unknown,1,0,1,0,Prefer Not to Answer,Dallas,75217,Does not want to disclose,FALSE,Prefer Not to Answer,Prefer Not to Answer,
,Female,Unknown,1,0,1,0,Prefer Not to Answer,Dallas,75217,Does not want to disclose,FALSE,Prefer Not to Answer,Prefer Not to Answer,
,Female,Unknown,1,0,1,0,Prefer Not to Answer,Dallas,75217,Does not want to disclose,FALSE,Prefer Not to Answer,Prefer Not to Answer,
,Female,Unknown,1,0,1,0,Prefer Not to Answer,Dallas,75217,Does not want to disclose,FALSE,Prefer Not to Answer,Prefer Not to Answer,
,Female,Unknown,1,0,1,0,Prefer Not to Answer,Dallas,75217,Does not want to disclose,FALSE,Prefer Not to Answer,Prefer Not to Answer,
,Male,Unknown,1,0,1,0,Prefer Not to Answer,Dallas,75217,Does not want to disclose,FALSE,Prefer Not to Answer,Prefer Not to Answer,
,Female,Unknown,1,0,0,1,Prefer Not to Answer,Dallas,75217,Does not want to disclose,FALSE,Prefer Not to Answer,Prefer Not to Answer,
,Female,Unknown,1,0,0,1,Prefer Not to Answer,Dallas,75217,Does not want to disclose,FALSE,Prefer Not to Answer,Prefer Not to Answer,
,Female,Unknown,1,0,0,1,Prefer Not to Answer,Dallas,75217,Does not want to disclose,FALSE,Prefer Not to Answer,Prefer Not to Answer,
,Female,Unknown,1,0,0,1,Prefer Not to Answer,Dallas,75217,Does not want to disclose,FALSE,Prefer Not to Answer,Prefer Not to Answer,
,Female,33,2,0,0,1,Hispanic,Dallas,75217,"$44,501 - $71,200",FALSE,Medicaid,No,
,Female,46,2,0,1,1,Hispanic,Dallas,75227,"$26,701 - $44,500",FALSE,Medicaid,Yes,
,Female,47,4,2,1,1,Hispanic,Dallas,75217,Unknown,FALSE,Medicaid,No,
,Female,45,3,1,1,2,Hispanic,Dallas,75217,"Under $26,700",FALSE,Prefer Not to Answer,No,
,Male,Unknown,1,0,0,1,Hispanic,Dallas,75217,Unknown,FALSE,Prefer Not to Answer,Prefer Not to Answer,
,Female,Unknown,1,0,1,0,Hispanic,Dallas,75217,Does not want to disclose,FALSE,Prefer Not to Answer,Prefer Not to Answer,
,Female,Unknown,1,0,1,0,Hispanic,Dallas,75217,Does not want to disclose,FALSE,Prefer Not to Answer,Prefer Not to Answer,
,Male,Unknown,1,0,1,1,Hispanic,Dallas,75217,Does not want to disclose,FALSE,Medicaid,No,
,Female,Unknown,1,0,1,0,Hispanic,Dallas,75217,Does not want to disclose,FALSE,Prefer Not to Answer,No,
,Female,Unknown,1,0,1,0,Hispanic,Dallas,75217,Does not want to disclose,FALSE,Prefer Not to Answer,Prefer Not to Answer,
,Female,33,3,0,1,3,Hispanic,Dallas,75217,"Over $71,200",FALSE,Uninsured,No,
,Female,35,2,0,1,0,Hispanic,Dallas,75217,Does not want to disclose,FALSE,Medicaid,No,
,Male,35,2,0,0,1,Hispanic,Dallas,75217,"$26,701 - $44,500",FALSE,Uninsured,No,
,Female,35,5,1,1,1,Hispanic,Dallas,75217,Unknown,FALSE,Uninsured,No,
,Female,35,3,1,0,1,Hispanic,Dallas,75217,"$26,701 - $44,500",FALSE,Medicaid,No,
,Female,36,2,0,1,1,Hispanic,Dallas,75159,"Under $26,700",FALSE,Other,No,
,Female,37,2,0,2,1,Hispanic,Dallas,75253,"$26,701 - $44,500",FALSE,Uninsured,No,
,Female,37,3,0,0,1,Hispanic,Dallas,75149,Does not want to disclose,FALSE,Medicaid,Yes,
,Male,37,1,1,1,3,Hispanic,Dallas,75217,Does not want to disclose,FALSE,Uninsured,No,
,Female,38,3,0,1,0,Hispanic,Dallas,75217,Does not want to disclose,FALSE,Prefer Not to Answer,No,
,Female,38,4,1,2,1,Hispanic,Dallas,75217,Unknown,FALSE,Other,No,
,Male,38,2,0,2,0,Hispanic,Dallas,75253,"$44,501 - $71,200",FALSE,Uninsured,No,
,Female,38,2,0,1,0,Hispanic,Dallas,75217,"$44,501 - $71,200",FALSE,Medicaid,No,
,Female,38,2,0,1,2,Hispanic,Dallas,75215,Unknown,FALSE,Medicaid,Yes,
,Female,39,2,1,1,1,Hispanic,Dallas,75217,Unknown,FALSE,Medicaid,Yes,
,Female,39,2,1,1,2,Hispanic,Dallas,75217,"$26,701 - $44,500",FALSE,Medicaid,Yes,
,Female,40,2,0,2,0,Hispanic,Dallas,75217,"Under $26,700",FALSE,Medicaid,Yes,
,Female,41,2,0,0,1,Hispanic,Dallas,75180,Does not want to disclose,FALSE,Medicaid,No,
,Female,41,2,0,1,2,Hispanic,Dallas,75217,"$26,701 - $44,500",FALSE,Medicaid,Yes,
,Female,42,3,0,0,1,Hispanic,Dallas,75217,"$26,701 - $44,500",FALSE,Uninsured,No,
,Female,42,3,0,1,1,Hispanic,Dallas,75180,"$26,701 - $44,500",FALSE,Medicaid,Yes,
,Female,42,2,0,1,1,Hispanic,Dallas,75253,Does not want to disclose,FALSE,Other,No,
,Female,43,3,1,1,1,Hispanic,Dallas,75217,Unknown,FALSE,Uninsured,No,
,Female,43,4,0,1,1,Hispanic,Dallas,75180,"$44,501 - $71,200",FALSE,Uninsured,No,
,Female,43,2,1,1,1,Hispanic,Dallas,75217,"$44,501 - $71,200",FALSE,Uninsured,No,
,Female,43,2,0,1,2,Hispanic,Dallas,75217,Unknown,FALSE,CHIP,Yes,
,Female,43,2,0,1,2,Hispanic,Dallas,75217,"Under $26,700",FALSE,Medicaid,Yes,
,Female,44,1,0,0,2,Hispanic,Dallas,75253,"Under $26,700",FALSE,Medicaid,Yes,
,Female,44,4,0,1,0,Hispanic,Dallas,75217,Does not want to disclose,FALSE,Medicaid,Yes,
,Female,45,1,0,1,0,Hispanic,Dallas,75217,Does not want to disclose,FALSE,Medicaid,No,
,Female,45,1,1,1,2,Hispanic,Dallas,75159,Does not want to disclose,FALSE,Prefer Not to Answer,No,
,Female,45,1,0,1,1,Hispanic,Dallas,75217,Unknown,FALSE,Prefer Not to Answer,No,
,Female,45,2,0,2,1,Hispanic,Dallas,75217,"$26,701 - $44,500",FALSE,Medicaid,No,
,Female,46,3,0,0,2,Hispanic,Dallas,75217,"$26,701 - $44,500",FALSE,Uninsured,No,
,Female,47,2,0,1,2,Hispanic,Dallas,75180,Unknown,FALSE,Uninsured,No,
,Female,47,2,0,1,2,Hispanic,Dallas,75217,Does not want to disclose,FALSE,Other,No,
,Female,47,2,0,1,0,Hispanic,Dallas,75217,Does not want to disclose,FALSE,CHIP,No,
,Female,47,1,0,1,1,Hispanic,Dallas,75217,"$26,701 - $44,500",FALSE,Medicaid,Yes,
,Female,47,2,0,0,1,Hispanic,Dallas,75227,"$44,501 - $71,200",FALSE,Uninsured,No,
,Female,47,2,0,0,1,Hispanic,Dallas,75217,"Over $71,200",FALSE,Uninsured,No,
,Female,47,3,0,1,1,Hispanic,Dallas,75217,"Under $26,700",FALSE,Uninsured,No,
,Female,48,2,0,0,1,Hispanic,Dallas,75180,"Under $26,700",FALSE,Medicaid,Yes,
,Female,48,2,1,1,2,Hispanic,Dallas,75217,"$44,501 - $71,200",FALSE,Medicaid,No,
,Female,49,3,0,0,1,Hispanic,Dallas,75217,Unknown,FALSE,Medicaid,No,
,Female,49,2,0,0,1,Hispanic,Dallas,75217,"$44,501 - $71,200",FALSE,Medicaid,No,
,Male,50,3,0,0,1,Hispanic,Dallas,75217,Does not want to disclose,FALSE,Uninsured,No,
,Male,50,3,0,0,2,Hispanic,Dallas,75217,"$26,701 - $44,500",FALSE,Uninsured,No,
,Female,51,4,0,0,1,Hispanic,Dallas,75180,Unknown,FALSE,Uninsured,No,
,Female,51,4,0,1,0,Hispanic,Dallas,75227,"Under $26,700",FALSE,Medicaid,No,
,Female,52,2,0,2,0,Native Hawaiian or Other Pacific Islander,Dallas,75253,"$44,501 - $71,200",FALSE,Uninsured,No,
,Female,52,1,0,0,2,Hispanic,Dallas,75217,"$26,701 - $44,500",FALSE,Other,No,
,Female,52,2,0,1,1,Hispanic,Dallas,75253,Unknown,FALSE,Medicaid,No,
,Female,53,4,0,0,1,Hispanic,Dallas,75227,"Under $26,700",FALSE,Other,No,
,Female,53,5,0,0,3,Hispanic,Dallas,75217,"Under $26,700",FALSE,Medicaid,No,
,Female,54,1,0,1,0,Hispanic,Dallas,75227,Unknown,FALSE,Uninsured,No,
,Male,63,3,0,1,0,Hispanic,Dallas,75217,Does not want to disclose,FALSE,Prefer Not to Answer,No,
,Female,54,2,0,1,0,Hispanic,Tarrant,75103,"$26,701 - $44,500",FALSE,Medicaid,No,
,Unknown,36,1,0,1,0,,,,Does not want to disclose,FALSE,Prefer Not to Answer,Prefer Not to Answer,
,Female,34,1,0,1,0,Hispanic,Dallas,,Does not want to disclose,FALSE,Prefer Not to Answer,Prefer Not to Answer,
,Unknown,40,1,0,1,0,,,,Does not want to disclose,FALSE,Prefer Not to Answer,Prefer Not to Answer,
,Unknown,21,,,,,,,,,FALSE,,,
,Female,25,2,2,0,0,Hispanic,Tarrant,76012,"$26,701 - $44,500",FALSE,Medicaid,No,
,Female,26,1,1,0,0,Hispanic,Dallas,75220,"Under $26,700",FALSE,CHIP,No,
,Female,27,1,1,0,0,Hispanic,Dallas,75220,"Under $26,700",FALSE,Uninsured,No,
,Female,31,3,0,0,1,Hispanic,Dallas,75220,"$26,701 - $44,500",FALSE,Uninsured,No,
,Female,32,2,2,1,0,Hispanic,Dallas,75220,"Under $26,700",FALSE,Medicaid,Yes,
,Female,32,2,0,2,0,Hispanic,Dallas,75006,"$26,701 - $44,500",FALSE,Medicaid,No,
,Female,32,2,1,0,0,Hispanic,Dallas,75220,"Under $26,700",FALSE,CHIP,No,
,Female,32,2,1,2,0,Hispanic,Dallas,75220,"Under $26,700",FALSE,Medicaid,Yes,
,Female,33,2,1,1,0,Hispanic,Dallas,75220,"Under $26,700",FALSE,Medicaid,No,
,Female,33,2,1,1,0,Hispanic,Tarrant,73116,Unknown,FALSE,Medicaid,No,
,Female,33,2,1,0,0,Hispanic,Dallas,75233,"Under $26,700",FALSE,Medicaid,No,
,Female,33,2,2,0,0,Hispanic,Tarrant,76012,"$26,701 - $44,500",FALSE,Prefer Not to Answer,No,
,Female,34,2,2,1,1,Hispanic,Dallas,75220,"$26,701 - $44,500",FALSE,Medicaid,Yes,
,Female,34,1,0,0,15,Hispanic,Dallas,75220,"Under $26,700",FALSE,Medicaid,No,
,Female,36,1,1,2,0,Hispanic,Dallas,75220,"Under $26,700",FALSE,Medicaid,Yes,
,Female,36,5,1,1,0,Hispanic,Tarrant,76105,"$44,501 - $71,200",FALSE,Medicaid,No,
,Female,38,3,0,2,1,Hispanic,Dallas,75212,"$26,701 - $44,500",FALSE,Medicaid,No,
,Female,38,2,2,0,0,Hispanic,Dallas,75220,"Under $26,700",FALSE,Medicaid,Yes,
,Female,38,2,3,0,2,Hispanic,Dallas,75217,"$26,701 - $44,500",FALSE,Uninsured,No,
,Female,38,2,2,2,0,Hispanic,Dallas,75216,"Under $26,700",FALSE,Medicaid,Prefer Not to Answer,
,Male,39,2,1,1,0,Hispanic,Dallas,75220,"Under $26,700",FALSE,CHIP; Medicaid,No,
,Female,39,2,1,1,2,Hispanic,Dallas,75220,"$26,701 - $44,500",FALSE,Medicaid,No,
,Female,39,2,2,0,0,Hispanic,Tarrant,76134,"$26,701 - $44,500",FALSE,Medicaid,No,
,Female,39,2,0,2,1,Hispanic,Dallas,75220,"Over $71,200",FALSE,Medicaid,No,
,Female,40,2,1,2,0,Hispanic,Dallas,75220,"Under $26,700",FALSE,Uninsured,Yes,
,Female,40,2,0,2,1,Hispanic,Tarrant,76105,"$26,701 - $44,500",FALSE,Medicaid,No,
,Female,41,2,1,1,1,Hispanic,Dallas,75220,"$26,701 - $44,500",FALSE,Medicaid,Yes,
,Female,42,2,0,2,1,Hispanic,Dallas,75080,"Under $26,700",FALSE,Medicaid,Yes,
,Female,42,2,1,2,1,Hispanic,Dallas,75220,"$26,701 - $44,500",FALSE,Medicaid,No,
,Female,42,2,0,3,0,Hispanic,Dallas,75218,"Under $26,700",FALSE,Medicaid,Yes,
,Female,43,2,1,1,0,Hispanic,Dallas,75220,"Under $26,700",FALSE,Medicaid,Yes,
,Female,43,2,1,0,2,Hispanic,Tarrant,76105,"$26,701 - $44,500",FALSE,Medicaid,No,
,Female,44,2,1,0,0,Hispanic,Dallas,75227,"Under $26,700",FALSE,Medicaid,Yes,
,Female,44,2,0,2,2,Hispanic,Dallas,75212,"$26,701 - $44,500",FALSE,Medicaid,No,
,Female,44,4,0,1,0,Hispanic,Dallas,75040,"Under $26,700",FALSE,Uninsured,No,
,Female,45,3,0,1,1,Hispanic,Dallas,75220,"$26,701 - $44,500",FALSE,Uninsured,No,
,Female,45,2,0,2,1,Hispanic,Dallas,75233,"Under $26,700",FALSE,Medicaid,No,
,Female,46,3,0,2,2,Hispanic,Dallas,75060,"Under $26,700",FALSE,Medicaid,No,
,Female,47,3,0,1,1,Hispanic,Tarrant,76134,"$26,701 - $44,500",FALSE,Medicaid,No,
,Female,47,5,0,1,1,Hispanic,Dallas,75220,"Under $26,700",FALSE,Medicaid,No,
,Female,47,2,0,1,1,Hispanic,Dallas,75216,"$26,701 - $44,500",FALSE,Uninsured,Prefer Not to Answer,
,Female,48,2,0,2,1,Hispanic,Dallas,75209,"$26,701 - $44,500",FALSE,Medicaid,No,
,Female,48,2,1,1,1,Hispanic,Tarrant,76011,"$26,701 - $44,500",FALSE,Private,No,
,Female,48,2,0,0,0,Hispanic,Dallas,75042,"Under $26,700",FALSE,Prefer Not to Answer,No,
,Female,49,2,1,1,2,Hispanic,Dallas,75235,"Under $26,700",FALSE,Medicaid,No,
,Female,49,2,0,1,2,Hispanic,Dallas,75238,"$26,701 - $44,500",FALSE,Medicaid,No,
,Male,49,2,0,2,1,Hispanic,Dallas,75080,"Under $26,700",FALSE,Medicaid,Yes,
,Female,49,2,0,1,0,Hispanic,Dallas,75236,"Under $26,700",FALSE,Medicaid,Prefer Not to Answer,
,Female,50,2,0,1,1,Hispanic,Dallas,75149,"$26,701 - $44,500",FALSE,CHIP,Prefer Not to Answer,
,Female,51,3,0,2,0,Hispanic,Dallas,75227,"$26,701 - $44,500",FALSE,CHIP,No,
,Female,51,4,0,1,0,Hispanic,Dallas,75232,"Under $26,700",FALSE,Prefer Not to Answer,Yes,
,Female,54,1,1,0,0,Hispanic,Dallas,75217,"$26,701 - $44,500",FALSE,Medicaid,Yes,
,Female,58,2,0,0,1,Hispanic,Dallas,75216,"$26,701 - $44,500",FALSE,Medicaid,No,
,Female,Unknown,1,0,1,0,Hispanic,Dallas,75248,Does not want to disclose,FALSE,Prefer Not to Answer,Prefer Not to Answer,
,Female,Unknown,1,0,1,0,Hispanic,Dallas,75248,Does not want to disclose,FALSE,Prefer Not to Answer,Prefer Not to Answer,
,Female,Unknown,1,0,1,0,Hispanic,Dallas,75248,Does not want to disclose,FALSE,Prefer Not to Answer,Prefer Not to Answer,
,Male,Unknown,1,0,1,0,Hispanic,Dallas,75248,Does not want to disclose,FALSE,Prefer Not to Answer,Prefer Not to Answer,
,Female,Unknown,1,0,1,0,Hispanic,Dallas,75248,Does not want to disclose,FALSE,Prefer Not to Answer,Prefer Not to Answer,
,Female,Unknown,1,0,1,0,Hispanic,Dallas,75248,Does not want to disclose,FALSE,Prefer Not to Answer,Prefer Not to Answer,
,Female,Unknown,1,0,1,0,Hispanic,Dallas,75248,Does not want to disclose,FALSE,Prefer Not to Answer,No,
,Female,Unknown,1,1,0,0,Hispanic,Tarrant,76115,Does not want to disclose,FALSE,Prefer Not to Answer,Prefer Not to Answer,
,Female,Unknown,1,1,0,0,Hispanic,Tarrant,76115,Does not want to disclose,FALSE,Prefer Not to Answer,Prefer Not to Answer,
,Female,29,4,1,0,0,Hispanic,Tarrant,76115,"Under $26,700",FALSE,Medicaid,Yes,
,Female,30,3,1,1,0,Hispanic,Tarrant,76115,Unknown,FALSE,Other,No,
,Female,32,1,1,0,0,Hispanic,Tarrant,76115,Does not want to disclose,FALSE,Prefer Not to Answer,No,
,Female,35,1,1,0,0,Hispanic,Tarrant,76115,Does not want to disclose,FALSE,Private,No,
,Male,39,1,1,0,0,Hispanic,Tarrant,76115,Does not want to disclose,FALSE,Prefer Not to Answer,No,
,Female,42,3,0,2,0,Hispanic,Tarrant,76115,Does not want to disclose,FALSE,Prefer Not to Answer,No,
,Female,42,1,1,0,0,Hispanic,Tarrant,76115,"Under $26,700",FALSE,Prefer Not to Answer,No,
,Female,43,2,0,2,1,Hispanic,Tarrant,76115,Does not want to disclose,FALSE,Prefer Not to Answer,No,
,Female,43,4,1,0,0,Hispanic,Tarrant,76119,Does not want to disclose,FALSE,Prefer Not to Answer,No,
,Female,63,2,0,1,0,Hispanic,Tarrant,76115,Does not want to disclose,FALSE,Prefer Not to Answer,No,
,Female,Unknown,1,1,0,0,Hispanic,Tarrant,76115,"$26,701 - $44,500",FALSE,Uninsured,No,
,Female,Unknown,1,1,0,0,Hispanic,Tarrant,76115,Does not want to disclose,FALSE,Prefer Not to Answer,No,
,Female,Unknown,1,1,0,0,Hispanic,Tarrant,76115,Unknown,FALSE,Prefer Not to Answer,No,
,Female,Unknown,1,1,0,0,Hispanic,Tarrant,76115,Does not want to disclose,FALSE,Prefer Not to Answer,No,
,Female,23,2,0,1,0,Hispanic,Tarrant,76120,"$26,701 - $44,500",FALSE,Uninsured,No,
,Female,24,1,1,0,0,Hispanic,Tarrant,76119,Unknown,FALSE,Other,No,
,Female,26,1,1,0,0,Hispanic,Tarrant,76115,"Under $26,700",FALSE,Uninsured,No,
,Female,27,2,0,1,0,Hispanic,Tarrant,76115,Does not want to disclose,FALSE,Prefer Not to Answer,No,
,Female,28,1,1,1,0,Hispanic,Tarrant,76115,"$26,701 - $44,500",FALSE,Uninsured,No,
,Female,29,2,0,1,0,Hispanic,Tarrant,76119,"$26,701 - $44,500",FALSE,Uninsured,No,
,Female,30,1,1,0,0,Hispanic,Tarrant,76119,"$26,701 - $44,500",FALSE,Medicaid,Yes,
,Female,30,3,1,0,0,Hispanic,Tarrant,76115,Does not want to disclose,FALSE,Medicaid,No,
,Female,30,2,1,0,0,Hispanic,Tarrant,76115,"Under $26,700",FALSE,Uninsured,No,
,Female,30,2,1,0,0,Hispanic,Tarrant,76115,"Under $26,700",FALSE,Medicaid,Yes,
,Female,31,2,1,0,0,Hispanic,Tarrant,76115,"$26,701 - $44,500",FALSE,Uninsured,No,
,Female,31,5,0,1,0,Hispanic,Tarrant,76115,"$26,701 - $44,500",FALSE,Prefer Not to Answer,No,
,Female,34,1,0,1,0,Hispanic,Tarrant,76116,"$26,701 - $44,500",FALSE,Uninsured,No,
,Male,34,1,0,1,0,Hispanic,Tarrant,76115,"$26,701 - $44,500",FALSE,Uninsured,No,
,Female,34,1,0,1,1,Hispanic,Tarrant,76115,"$26,701 - $44,500",FALSE,Uninsured,No,
,Female,35,1,1,0,0,Hispanic,Tarrant,76115,Does not want to disclose,FALSE,Uninsured,No,
,Male,35,1,1,0,0,Hispanic,Tarrant,76115,Does not want to disclose,FALSE,Uninsured,No,
,Female,36,4,1,0,0,Hispanic,Tarrant,76115,Does not want to disclose,FALSE,Medicaid,Yes,
,Female,37,1,0,1,0,Hispanic,Tarrant,76115,"$26,701 - $44,500",FALSE,Uninsured,No,
,Female,37,1,1,3,0,Hispanic,Tarrant,76115,Does not want to disclose,FALSE,Uninsured,No,
,Female,39,2,0,3,0,Hispanic,Tarrant,76115,"$26,701 - $44,500",FALSE,Uninsured,No,
,Female,39,3,0,2,0,Hispanic,Tarrant,76115,"$26,701 - $44,500",FALSE,Medicaid,No,
,Female,39,2,1,0,0,Hispanic,Tarrant,76115,"Under $26,700",FALSE,Medicaid,Yes,
,Male,39,2,1,0,0,Hispanic,Tarrant,76115,Does not want to disclose,FALSE,Prefer Not to Answer,Prefer Not to Answer,
,Female,40,1,1,0,0,Hispanic,Tarrant,76115,Does not want to disclose,FALSE,Prefer Not to Answer,Prefer Not to Answer,
,Female,40,2,1,0,0,Hispanic,Tarrant,76115,Does not want to disclose,FALSE,Medicaid,Yes,
,Female,40,1,1,0,0,Hispanic,Tarrant,76115,"Under $26,700",FALSE,Prefer Not to Answer,No,
,Female,41,2,1,0,0,Hispanic,Tarrant,76115,Does not want to disclose,FALSE,Prefer Not to Answer,No,
,Female,41,3,0,1,1,Hispanic,Tarrant,76115,"Under $26,700",FALSE,Medicaid,No,
,Female,42,2,0,1,1,Hispanic,Tarrant,76115,"$26,701 - $44,500",FALSE,Uninsured,No,
,Male,42,1,1,0,0,Hispanic,Tarrant,76115,Does not want to disclose,FALSE,Medicaid,Yes,
,Female,42,1,1,0,0,Hispanic,Tarrant,75119,Does not want to disclose,FALSE,Medicaid; Uninsured,No,
,Female,42,2,1,1,0,Hispanic,Tarrant,76110,"$26,701 - $44,500",FALSE,Medicaid,No,
,Male,44,1,1,0,0,Hispanic,Tarrant,76115,"Under $26,700",FALSE,Medicaid,No,
,Female,45,1,1,0,0,Hispanic,Tarrant,76115,"Under $26,700",FALSE,Prefer Not to Answer,No,
,Female,48,1,1,0,0,Hispanic,Tarrant,76104,Does not want to disclose,FALSE,Prefer Not to Answer,No,
,Female,54,1,1,0,0,Hispanic,Tarrant,76115,"Under $26,700",FALSE,Medicaid,Yes,
,Female,59,2,1,0,0,Hispanic,Tarrant,76115,"Under $26,700",FALSE,Uninsured,No,
,Female,59,2,0,1,0,Black or African American,Tarrant,76115,"$26,701 - $44,500",FALSE,Other,No,
,Female,60,2,0,0,1,Hispanic,Tarrant,76105,"$26,701 - $44,500",FALSE,Uninsured,No,
,Female,65,3,1,0,0,Hispanic,Tarrant,76115,Does not want to disclose,FALSE,Uninsured,No,
,Unknown,Unknown,1,0,1,0,Prefer Not to Answer,Dallas,75212,Does not want to disclose,FALSE,Prefer Not to Answer,Prefer Not to Answer,
,Unknown,Unknown,1,0,1,0,Prefer Not to Answer,Dallas,75212,Does not want to disclose,FALSE,Prefer Not to Answer,Prefer Not to Answer,
,Unknown,Unknown,1,0,1,0,Hispanic,Dallas,75211,Does not want to disclose,FALSE,Prefer Not to Answer,Prefer Not to Answer,
,Female,Unknown,1,0,1,0,Hispanic,Dallas,75211,Does not want to disclose,FALSE,Private,No,
,Male,Unknown,2,0,0,1,Hispanic,Dallas,75149,"$26,701 - $44,500",FALSE,Uninsured,No,
,Female,20,3,0,0,0,Hispanic,Dallas,75211,"Under $26,700",FALSE,Private,No,
,Unknown,22,2,1,0,0,Hispanic,Dallas,75212,"Under $26,700",FALSE,Prefer Not to Answer,Yes,
,Male,22,2,1,0,0,Hispanic,Dallas,75212,"Under $26,700",FALSE,Prefer Not to Answer,No,
,Female,27,2,2,0,0,Hispanic,Dallas,75215,"$26,701 - $44,500",FALSE,Medicaid,No,
,Female,28,2,2,2,0,Hispanic,Dallas,75212,"Under $26,700",FALSE,Medicaid,Yes,
,Female,31,2,2,2,0,Hispanic,Dallas,75208,"Under $26,700",FALSE,Medicaid,Yes,
,Female,33,3,0,0,1,Hispanic,Dallas,75043,"$26,701 - $44,500",FALSE,Uninsured,No,
,Female,33,2,0,3,0,Hispanic,Dallas,75217,Unknown,FALSE,Uninsured,No,
,Male,34,1,0,1,0,Hispanic,Collin,75407,Does not want to disclose,FALSE,Prefer Not to Answer,No,
,Female,34,6,1,1,0,Hispanic,Dallas,75212,"Under $26,700",FALSE,Prefer Not to Answer,No,
,Female,35,2,1,1,1,Hispanic,Dallas,75236,"Over $71,200",FALSE,Medicaid,No,
,Female,37,2,0,1,0,Hispanic,Dallas,75033,"$44,501 - $71,200",FALSE,Uninsured,No,
,Female,37,2,0,0,1,Hispanic,Dallas,75215,"Over $71,200",FALSE,Uninsured,No,
,Female,37,1,2,1,0,Hispanic,Dallas,75116,Unknown,FALSE,Prefer Not to Answer,No,
,Female,38,3,2,0,2,Hispanic,Dallas,75211,"$26,701 - $44,500",FALSE,Uninsured,No,
,Female,38,1,0,1,0,Hispanic,Dallas,75212,Does not want to disclose,FALSE,Prefer Not to Answer,No,
,Female,38,2,1,2,0,Hispanic,Dallas,75212,"Under $26,700",FALSE,Medicaid,Yes,
,Female,39,1,1,0,0,Hispanic,Dallas,75150,"Over $71,200",FALSE,Prefer Not to Answer,No,
,Female,40,5,2,1,0,Hispanic,Dallas,75212,"$44,501 - $71,200",FALSE,Prefer Not to Answer,No,
,Female,40,1,0,1,0,Hispanic,Dallas,75211,"$26,701 - $44,500",FALSE,Prefer Not to Answer,No,
,Female,40,2,1,2,0,Hispanic,Dallas,75212,"$26,701 - $44,500",FALSE,Medicaid,No,
,Female,41,1,0,1,0,Hispanic,Dallas,75212,"Under $26,700",FALSE,Medicaid,No,
,Female,42,2,0,1,0,Hispanic,Dallas,75212,"Under $26,700",FALSE,Medicaid,Yes,
,Female,42,1,1,1,1,Hispanic,Dallas,75212,"$44,501 - $71,200",FALSE,Medicaid,No,
,Female,43,2,0,1,1,Hispanic,Dallas,75149,"$44,501 - $71,200",FALSE,Uninsured,No,
,Female,43,4,0,1,1,Hispanic,Dallas,75211,"$26,701 - $44,500",FALSE,Medicaid,Yes,
,Female,43,2,0,1,1,Hispanic,Dallas,75212,"$26,701 - $44,500",FALSE,Medicaid,No,
,Female,44,2,0,1,0,Hispanic,Dallas,75060,Unknown,FALSE,Uninsured,Prefer Not to Answer,
,Male,44,2,1,2,0,Hispanic,Dallas,75212,"$44,501 - $71,200",FALSE,Other,No,
,Male,45,3,1,0,0,Hispanic,Dallas,75050,"$44,501 - $71,200",FALSE,Private,No,
,Female,47,3,1,1,1,Hispanic,Dallas,75050,"$44,501 - $71,200",FALSE,Private,No,
,Male,47,3,0,1,1,Hispanic,Dallas,75211,Unknown,FALSE,Private,No,
,Female,48,3,0,0,2,Hispanic,Dallas,75211,"$44,501 - $71,200",FALSE,Uninsured,No,
,Female,48,6,0,0,1,Hispanic,Dallas,75149,Does not want to disclose,FALSE,Private,No,
,Male,49,3,0,0,1,Hispanic,Dallas,75060,"Over $71,200",FALSE,Uninsured,No,
,Female,52,3,0,0,1,Hispanic,Dallas,75060,"$44,501 - $71,200",FALSE,Uninsured,No,
,Female,53,4,0,0,1,Hispanic,Dallas,75211,"$26,701 - $44,500",FALSE,Prefer Not to Answer,No,
,Female,56,3,0,1,0,Hispanic,Dallas,75212,"$26,701 - $44,500",FALSE,Prefer Not to Answer,No,
,Female,57,1,0,1,0,Hispanic,Dallas,75007,"$26,701 - $44,500",FALSE,Private,No,
,Female,57,2,0,2,1,Hispanic,Dallas,75212,"Under $26,700",FALSE,Prefer Not to Answer,No,
,Male,57,2,1,0,1,Hispanic,Dallas,75212,"Under $26,700",FALSE,Prefer Not to Answer,No,
,Male,60,1,0,1,0,Hispanic,Dallas,75287,"$26,701 - $44,500",FALSE,Prefer Not to Answer,No,
,Female,64,3,0,0,1,Hispanic,Dallas,75211,"$44,501 - $71,200",FALSE,Uninsured,No,
,Female,65,2,0,0,2,Hispanic,Collin,75069,"Under $26,700",FALSE,Medicaid,No,
,Male,65,2,0,0,2,Hispanic,Collin,75069,"Under $26,700",FALSE,Medicaid,No,
,Female,68,3,0,1,0,Hispanic,Dallas,75212,Unknown,FALSE,Medicaid,No,
,Female,87,3,0,0,0,Hispanic,Collin,75069,"Under $26,700",FALSE,Other,No,
,Male,Unknown,2,0,1,1,Hispanic,Dallas,75216,"$26,701 - $44,500",FALSE,Medicaid,Yes,
,Unknown,Unknown,1,0,0,1,Hispanic,Dallas,75229,Does not want to disclose,FALSE,Prefer Not to Answer,Prefer Not to Answer,
,Female,30,4,0,2,1,Hispanic,Dallas,75223,"Under $26,700",FALSE,Medicaid,Yes,
,Female,32,3,0,1,0,Hispanic,Dallas,75237,"Under $26,700",FALSE,Uninsured,Prefer Not to Answer,
,Female,35,6,1,2,1,Hispanic,Dallas,75215,"$26,701 - $44,500",FALSE,Uninsured,Yes,
,Male,37,4,2,2,0,Hispanic,Dallas,75215,"$26,701 - $44,500",FALSE,Prefer Not to Answer,Prefer Not to Answer,
,Female,38,2,0,1,1,Hispanic,Dallas,75216,Does not want to disclose,FALSE,Medicaid,No,
,Female,39,1,0,1,1,Hispanic,Dallas,75211,"Under $26,700",FALSE,Uninsured,Prefer Not to Answer,
,Female,42,2,1,1,0,Hispanic,Dallas,75211,"Under $26,700",FALSE,Uninsured,Prefer Not to Answer,
,Female,42,3,0,0,1,Hispanic,Dallas,75211,"Under $26,700",FALSE,Uninsured,Prefer Not to Answer,
,Female,44,2,0,2,0,Hispanic,Dallas,75104,"Over $71,200",FALSE,Private,Prefer Not to Answer,
,Female,45,2,0,1,1,Hispanic,Dallas,75216,"Under $26,700",FALSE,Other,Yes,
,Female,48,3,0,2,2,Hispanic,Dallas,75216,Unknown,FALSE,Medicaid,Prefer Not to Answer,
,Male,49,2,0,1,1,Hispanic,Dallas,75104,"$44,501 - $71,200",FALSE,Prefer Not to Answer,Prefer Not to Answer,
,Male,54,4,0,1,2,Hispanic,Dallas,75216,"$26,701 - $44,500",FALSE,Prefer Not to Answer,Prefer Not to Answer,
,Male,54,2,0,1,0,Hispanic,Dallas,75214,"Under $26,700",FALSE,Uninsured,No,
,Female,64,3,0,1,0,Hispanic,Dallas,75211,"$26,701 - $44,500",FALSE,Other,Prefer Not to Answer,
,Female,68,2,0,1,0,Hispanic,Dallas,75216,Does not want to disclose,FALSE,Uninsured,Prefer Not to Answer,
,Female,26,2,2,0,0,Hispanic,Tarrant,76112,"$26,701 - $44,500",FALSE,Medicaid,No,
,Female,28,2,1,1,0,Hispanic,Tarrant,76112,Does not want to disclose,FALSE,Prefer Not to Answer,No,
,Female,31,2,1,2,0,Hispanic,Tarrant,76112,"Over $71,200",FALSE,Prefer Not to Answer,No,
,Female,34,2,1,1,0,Hispanic,Tarrant,76112,"Under $26,700",FALSE,Prefer Not to Answer,No,
,Female,35,2,1,0,0,Hispanic,Tarrant,76112,"$26,701 - $44,500",FALSE,Medicaid,No,
,Female,35,2,1,1,0,Hispanic,Tarrant,76105,Does not want to disclose,FALSE,Medicaid,No,
,Female,36,2,0,2,0,Hispanic,Tarrant,76112,"$44,501 - $71,200",FALSE,Uninsured,No,
,Female,37,2,2,1,0,Hispanic,Tarrant,76112,"$26,701 - $44,500",FALSE,CHIP; Medicaid; Private,No,
,Female,37,2,0,3,0,Hispanic,Tarrant,76112,Does not want to disclose,FALSE,Prefer Not to Answer,No,
,Female,37,3,0,0,2,Hispanic,Tarrant,76112,"Under $26,700",FALSE,Medicaid,Yes,
,Female,37,2,1,1,1,Hispanic,Tarrant,76112,"$26,701 - $44,500",FALSE,Prefer Not to Answer,No,
,Female,39,4,0,2,0,Hispanic,Tarrant,76112,"Under $26,700",FALSE,Uninsured,No,
,Female,40,3,0,1,1,Hispanic,Tarrant,76112,Does not want to disclose,FALSE,Medicaid,Yes,
,Female,41,2,2,1,1,Hispanic,Tarrant,76112,"$26,701 - $44,500",FALSE,Medicaid,No,
,Female,41,2,1,1,0,Hispanic,Tarrant,76115,Unknown,FALSE,Medicaid,No,
,Female,44,2,0,2,1,Hispanic,Tarrant,76112,Does not want to disclose,FALSE,Prefer Not to Answer,No,
,Female,44,2,1,1,1,Hispanic,Tarrant,76112,"$44,501 - $71,200",FALSE,Medicaid,No,
,Female,47,3,0,1,1,Hispanic,Tarrant,76112,"$44,501 - $71,200",FALSE,Prefer Not to Answer,No,
,Female,65,1,0,1,0,Hispanic,Tarrant,76119,"$26,701 - $44,500",FALSE,Prefer Not to Answer,No,
,Female,Unknown,1,0,1,0,Prefer Not to Answer,Dallas,75224,Does not want to disclose,FALSE,Prefer Not to Answer,Prefer Not to Answer,
,Female,Unknown,1,0,1,0,Prefer Not to Answer,Dallas,75224,Does not want to disclose,FALSE,Prefer Not to Answer,Prefer Not to Answer,
,Female,Unknown,1,0,2,0,Hispanic,Dallas,75224,Does not want to disclose,FALSE,Prefer Not to Answer,No,
,Female,Unknown,1,0,1,0,Prefer Not to Answer,Dallas,75224,Does not want to disclose,FALSE,Prefer Not to Answer,Prefer Not to Answer,
,Female,30,1,1,1,0,Hispanic,Dallas,75216,"Under $26,700",FALSE,Uninsured,Yes,
,Female,30,2,2,2,0,Hispanic,Dallas,75216,Unknown,FALSE,Uninsured,Yes,
,Female,35,2,0,2,2,Hispanic,Dallas,75224,"Over $71,200",FALSE,Private,No,
,Male,36,2,0,2,1,Hispanic,Dallas,75211,Unknown,FALSE,Uninsured,No,
,Male,38,2,0,2,1,Hispanic,Dallas,75050,Does not want to disclose,FALSE,Prefer Not to Answer,No,
,Female,38,2,0,2,2,Hispanic,Dallas,75216,"$44,501 - $71,200",FALSE,CHIP,Yes,
,Male,38,2,0,2,2,Hispanic,Dallas,75216,"$44,501 - $71,200",FALSE,CHIP,Yes,
,Male,41,2,0,2,2,Hispanic,Dallas,75211,"$44,501 - $71,200",FALSE,Medicaid,No,
,Female,41,2,0,2,2,Hispanic,Dallas,75211,"$44,501 - $71,200",FALSE,Medicaid,No,
,Male,42,2,1,2,1,Hispanic,Dallas,75224,"$26,701 - $44,500",FALSE,Prefer Not to Answer,No,
,Female,52,2,0,1,2,Hispanic,Dallas,75216,"$44,501 - $71,200",FALSE,CHIP,No,
,Unknown,Unknown,1,0,1,0,Prefer Not to Answer,Dallas,75224,Does not want to disclose,FALSE,Prefer Not to Answer,No,
,Female,24,5,1,0,0,Hispanic,Dallas,75224,"Under $26,700",FALSE,Private,No,
,Female,25,2,2,0,0,Hispanic,Dallas,75241,Unknown,FALSE,Medicaid,Yes,
,Female,26,3,0,1,0,Hispanic,Dallas,75216,"Over $71,200",FALSE,Uninsured,No,
,Female,28,2,1,2,0,Hispanic,Dallas,75149,"$26,701 - $44,500",FALSE,Uninsured,No,
,Female,28,2,2,1,0,Hispanic,Dallas,75208,"Under $26,700",FALSE,Uninsured,Yes,
,Female,28,2,2,1,0,Hispanic,Dallas,75237,"$26,701 - $44,500",FALSE,Uninsured,No,
,Female,30,2,1,1,0,Hispanic,Dallas,75224,"$26,701 - $44,500",FALSE,Uninsured,No,
,Female,30,3,1,0,0,Hispanic,Dallas,75227,Unknown,FALSE,Uninsured,No,
,Female,31,2,2,1,0,Hispanic,Dallas,75216,"$26,701 - $44,500",FALSE,Uninsured,No,
,Female,32,2,1,0,0,Hispanic,Dallas,75224,"Under $26,700",FALSE,Uninsured,No,
,Female,33,2,0,2,1,Hispanic,Dallas,75224,"$44,501 - $71,200",FALSE,Uninsured,Yes,
,Female,33,2,1,2,1,Hispanic,Dallas,75154,"$26,701 - $44,500",FALSE,Medicaid,No,
,Female,33,2,0,2,1,Hispanic,Dallas,75241,"Under $26,700",FALSE,Other,No,
,Female,33,2,0,1,0,Hispanic,Dallas,75224,Unknown,FALSE,Medicaid,No,
,Female,34,2,2,2,0,Hispanic,Dallas,75224,"$26,701 - $44,500",FALSE,Uninsured,No,
,Female,34,2,0,3,1,Hispanic,Dallas,75216,"$26,701 - $44,500",FALSE,Private,No,
,Female,34,2,2,1,0,Hispanic,Dallas,75224,Unknown,FALSE,Medicaid,Yes,
,Female,34,2,1,2,0,Hispanic,Dallas,75115,"$44,501 - $71,200",FALSE,Private,No,
,Female,35,2,1,1,1,Hispanic,Dallas,75115,"Under $26,700",FALSE,Uninsured,No,
,Female,35,2,0,1,1,Hispanic,Dallas,75216,Does not want to disclose,FALSE,Private,No,
,Female,37,2,0,2,1,Hispanic,Dallas,75216,"Under $26,700",FALSE,Uninsured,No,
,Female,37,2,1,2,0,Hispanic,Dallas,75232,"Under $26,700",FALSE,Prefer Not to Answer,No,
,Female,37,1,1,1,2,Hispanic,Dallas,75216,"Under $26,700",FALSE,Medicaid,Yes,
,Female,38,2,1,1,0,Hispanic,Dallas,75224,Unknown,FALSE,Uninsured,No,
,Female,38,2,0,2,1,Hispanic,Dallas,75154,"Under $26,700",FALSE,Medicaid,No,
,Male,38,2,0,1,1,Hispanic,Dallas,75216,"Under $26,700",FALSE,Uninsured,No,
,Female,38,2,0,1,0,Hispanic,Dallas,75224,"Under $26,700",FALSE,Prefer Not to Answer,No,
,Female,38,2,1,0,0,Hispanic,Dallas,75115,"Over $71,200",FALSE,Private,No,
,Unknown,39,2,0,1,1,Hispanic,Other,75167,"$44,501 - $71,200",FALSE,Private,No,
,Male,39,2,1,0,0,Hispanic,Dallas,75115,"Over $71,200",FALSE,Uninsured,No,
,Female,39,2,0,1,2,Hispanic,Dallas,75224,"Under $26,700",FALSE,Uninsured,Yes,
,Female,39,2,0,2,0,Hispanic,Dallas,75203,"$26,701 - $44,500",FALSE,Uninsured,No,
,Female,40,3,1,0,1,Hispanic,Dallas,75216,"$44,501 - $71,200",FALSE,Uninsured,Yes,
,Male,40,2,0,1,1,Hispanic,Dallas,75216,Does not want to disclose,FALSE,Uninsured,No,
,Female,40,2,1,3,0,Hispanic,Dallas,75216,Unknown,FALSE,Medicaid,No,
,Male,41,2,0,1,2,Hispanic,Dallas,75216,Does not want to disclose,FALSE,Private,No,
,Female,41,4,0,1,0,Hispanic,Dallas,75216,Unknown,FALSE,Other,No,
,Female,42,2,1,1,1,Hispanic,Dallas,75211,"Under $26,700",FALSE,Uninsured,No,
,Male,42,3,0,2,1,Hispanic,Dallas,75216,"$26,701 - $44,500",FALSE,Uninsured,No,
,Female,42,1,0,1,2,Hispanic,Dallas,75241,"Under $26,700",FALSE,Medicaid,No,
,Female,43,3,0,2,1,Hispanic,Dallas,75115,"$26,701 - $44,500",FALSE,Uninsured,No,
,Female,45,2,0,12,0,Hispanic,Other,75167,"$26,701 - $44,500",FALSE,Private,No,
,Male,46,2,1,1,0,Hispanic,Dallas,75224,"$44,501 - $71,200",FALSE,Uninsured,No,
,Female,47,2,0,1,1,Hispanic,Dallas,75216,Unknown,FALSE,Medicaid,Yes,
,Male,48,2,0,1,1,Hispanic,Dallas,75216,"Under $26,700",FALSE,Prefer Not to Answer,No,
,Female,48,1,0,1,0,Hispanic,Dallas,75224,Does not want to disclose,FALSE,Medicaid,No,
,Female,49,3,0,2,2,Hispanic,Dallas,75216,"Under $26,700",FALSE,Prefer Not to Answer,No,
,Male,49,3,0,1,0,Hispanic,Dallas,75216,"$44,501 - $71,200",FALSE,Uninsured,No,
,Female,51,2,0,1,3,Hispanic,Dallas,75216,"$26,701 - $44,500",FALSE,Uninsured,No,
,Female,51,3,0,1,1,Hispanic,Dallas,75216,Unknown,FALSE,Other,No,
,Female,52,3,0,2,1,Hispanic,Dallas,75216,"Under $26,700",FALSE,Other,Yes,
,Female,53,2,0,2,1,Hispanic,Dallas,75216,Does not want to disclose,FALSE,Medicaid,No,
,Female,54,2,1,1,0,Hispanic,Dallas,75232,"Under $26,700",FALSE,Private,No,
,Male,56,2,0,2,0,Hispanic,Other,75167,"$26,701 - $44,500",FALSE,Private,No,
,Female,56,1,0,1,2,Hispanic,Dallas,75224,"Under $26,700",FALSE,Prefer Not to Answer,No,
,Female,Unknown,1,0,1,0,Hispanic,Dallas,75224,Does not want to disclose,FALSE,Prefer Not to Answer,Prefer Not to Answer,
,Female,Unknown,1,0,1,0,Prefer Not to Answer,Dallas,75224,Does not want to disclose,FALSE,Prefer Not to Answer,Prefer Not to Answer,
,Female,Unknown,1,0,1,0,Prefer Not to Answer,Dallas,75224,Does not want to disclose,FALSE,Prefer Not to Answer,Prefer Not to Answer,
,Female,Unknown,1,0,1,0,Prefer Not to Answer,Dallas,75224,Does not want to disclose,FALSE,Prefer Not to Answer,Prefer Not to Answer,
,Female,Unknown,1,0,1,0,Prefer Not to Answer,Dallas,75224,Does not want to disclose,FALSE,Prefer Not to Answer,Prefer Not to Answer,
,Female,Unknown,1,0,1,0,Hispanic,Dallas,75224,Does not want to disclose,FALSE,Prefer Not to Answer,Prefer Not to Answer,
,Female,Unknown,1,0,1,0,Hispanic,Dallas,75224,Does not want to disclose,FALSE,Prefer Not to Answer,Prefer Not to Answer,
,Male,Unknown,1,0,1,0,Prefer Not to Answer,Dallas,75224,Does not want to disclose,FALSE,Prefer Not to Answer,Prefer Not to Answer,
,Female,35,2,0,0,1,Black or African American,Dallas,75224,"Under $26,700",FALSE,Medicaid,No,
,Female,38,2,0,1,1,Hispanic,Dallas,75216,Does not want to disclose,FALSE,Medicaid,No,
,Female,38,2,1,2,1,Hispanic,Dallas,75216,"Over $71,200",FALSE,Uninsured,No,
,Female,39,2,0,1,1,Hispanic,Dallas,75216,"$44,501 - $71,200",FALSE,Other,No,
,Female,41,1,0,1,1,Hispanic,Dallas,75216,"Under $26,700",FALSE,Medicaid,Yes,
,Female,42,2,0,2,1,Hispanic,Dallas,75211,Unknown,FALSE,Uninsured,No,
,Female,43,2,0,2,0,Hispanic,Dallas,75241,"$44,501 - $71,200",FALSE,Prefer Not to Answer,No,
,Female,44,2,0,4,2,Hispanic,Dallas,75224,Unknown,FALSE,Uninsured,Yes,
,Male,45,2,0,1,3,Hispanic,Dallas,75224,"$26,701 - $44,500",FALSE,Uninsured,No,
,Female,45,4,0,2,1,Hispanic,Dallas,75216,"$26,701 - $44,500",FALSE,Other,No,
,Female,45,1,1,0,0,Hispanic,Dallas,75216,Does not want to disclose,FALSE,Prefer Not to Answer,No,
,Female,45,2,0,1,1,Hispanic,Dallas,75216,"Under $26,700",FALSE,Other,Yes,
,Female,46,3,0,1,1,Hispanic,Dallas,75224,"$44,501 - $71,200",FALSE,Uninsured,No,
,Female,47,3,0,1,1,Hispanic,Dallas,75222,Does not want to disclose,FALSE,Medicaid,Prefer Not to Answer,
,Female,48,3,0,2,2,Hispanic,Dallas,75216,Unknown,FALSE,Medicaid,Prefer Not to Answer,
,Male,49,3,0,2,1,Hispanic,Dallas,75216,Does not want to disclose,FALSE,Prefer Not to Answer,No,
,Female,49,3,0,2,1,Hispanic,Dallas,75216,Does not want to disclose,FALSE,Uninsured,No,
,Female,50,3,0,0,1,Hispanic,Dallas,75216,"Under $26,700",FALSE,Uninsured,No,
,Female,50,1,1,0,0,Hispanic,Dallas,75224,Does not want to disclose,FALSE,Uninsured,No,
,Female,52,2,0,0,2,Hispanic,Dallas,75232,"$26,701 - $44,500",FALSE,Medicaid,No,
,Male,59,2,0,1,0,Hispanic,Dallas,75224,"$26,701 - $44,500",FALSE,Prefer Not to Answer,No,
,Unknown,Unknown,1,0,1,0,Prefer Not to Answer,Dallas,75224,Does not want to disclose,FALSE,Prefer Not to Answer,Yes,
,Unknown,Unknown,1,0,1,0,Prefer Not to Answer,Dallas,75224,Does not want to disclose,FALSE,Prefer Not to Answer,No,
,Female,Unknown,2,0,3,3,Hispanic,Dallas,75216,"$44,501 - $71,200",FALSE,CHIP,No,
,Female,Unknown,1,0,1,0,Hispanic,Dallas,75224,Does not want to disclose,FALSE,Prefer Not to Answer,Prefer Not to Answer,
,Female,26,2,0,1,0,Hispanic,Dallas,75224,"Under $26,700",FALSE,Prefer Not to Answer,No,
,Female,30,2,1,1,0,Hispanic,Dallas,75154,"Under $26,700",FALSE,Uninsured,No,
,Male,32,2,1,1,0,Hispanic,Dallas,75215,"$26,701 - $44,500",FALSE,Uninsured,Yes,
,Female,33,2,2,2,2,Hispanic,Dallas,75216,"$26,701 - $44,500",FALSE,Uninsured,Yes,
,Female,35,2,1,2,1,Hispanic,Dallas,75216,Does not want to disclose,FALSE,Medicaid,No,
,Female,35,2,1,0,2,Hispanic,Dallas,75233,"$26,701 - $44,500",FALSE,Other,No,
,Female,35,1,0,1,1,Hispanic,Dallas,75216,"Under $26,700",FALSE,Uninsured,Yes,
,Female,36,2,0,1,1,Hispanic,Dallas,75232,Unknown,FALSE,Uninsured,Yes,
,Female,36,2,0,0,1,Hispanic,Dallas,75146,"$26,701 - $44,500",FALSE,CHIP,No,
,Female,37,2,1,1,1,Hispanic,Dallas,75216,Unknown,FALSE,Prefer Not to Answer,No,
,Female,38,2,0,2,1,Hispanic,Dallas,75134,"$26,701 - $44,500",FALSE,Prefer Not to Answer,No,
,Female,38,2,1,2,0,Hispanic,Dallas,75224,Does not want to disclose,FALSE,Prefer Not to Answer,No,
,Female,38,2,0,2,2,Hispanic,Dallas,75216,Unknown,FALSE,Prefer Not to Answer,No,
,Female,40,4,1,2,1,Hispanic,Dallas,75216,Unknown,FALSE,Uninsured,No,
,Female,41,3,0,2,1,Hispanic,Dallas,75211,"$26,701 - $44,500",FALSE,Other,No,
,Female,41,2,1,1,2,Hispanic,Dallas,75216,"$26,701 - $44,500",FALSE,Uninsured,Yes,
,Female,42,2,2,1,0,Hispanic,Dallas,75224,"$26,701 - $44,500",FALSE,Uninsured,No,
,Female,44,2,1,0,2,Hispanic,Dallas,75061,"$26,701 - $44,500",FALSE,Uninsured,Yes,
,Female,45,2,0,1,0,Hispanic,Dallas,75224,"Under $26,700",FALSE,Uninsured,No,
,Female,46,3,0,1,1,Hispanic,Dallas,75241,"$26,701 - $44,500",FALSE,Uninsured,No,
,Female,46,1,1,0,0,Hispanic,Dallas,75216,"Under $26,700",FALSE,Medicaid,Yes,
,Female,47,2,0,1,1,Hispanic,Dallas,75232,Does not want to disclose,FALSE,CHIP,No,
,Female,48,2,0,0,2,Hispanic,Dallas,75137,"$26,701 - $44,500",FALSE,Uninsured,No,
,Male,49,2,0,2,2,Hispanic,Dallas,75216,"$26,701 - $44,500",FALSE,Uninsured,No,
,Female,50,2,0,0,1,Hispanic,Dallas,75237,Does not want to disclose,FALSE,Prefer Not to Answer,No,
,Male,52,2,0,1,2,Hispanic,Dallas,75224,"$26,701 - $44,500",FALSE,Other,No,
,Female,52,2,0,1,2,Hispanic,Dallas,75224,"$26,701 - $44,500",FALSE,Other,No,
,Female,53,3,0,1,1,Hispanic,Dallas,75216,"$26,701 - $44,500",FALSE,Uninsured,No,
,Male,54,3,0,2,1,Hispanic,Dallas,75115,Unknown,FALSE,Other,No,
,Male,58,2,0,0,1,Hispanic,Dallas,75224,"Under $26,700",FALSE,Prefer Not to Answer,No,
,Female,19,3,0,1,0,Hispanic,Dallas,75219,Does not want to disclose,FALSE,Other,No,
,Female,25,3,0,1,0,Hispanic,Dallas,75224,Unknown,FALSE,Prefer Not to Answer,No,
,Female,32,3,0,1,0,Hispanic,Dallas,75241,"Over $71,200",FALSE,Uninsured,No,
,Female,34,1,2,0,0,Hispanic,Dallas,75172,"Under $26,700",FALSE,Prefer Not to Answer,No,
,Female,37,2,0,2,2,Hispanic,Dallas,75154,"Under $26,700",FALSE,Medicaid,No,
,Female,38,2,0,1,1,Hispanic,Dallas,75146,Does not want to disclose,FALSE,Medicaid,No,
,Female,39,2,0,2,1,Hispanic,Dallas,75115,"$26,701 - $44,500",FALSE,Medicaid,No,
,Female,39,2,2,1,1,Hispanic,Dallas,75146,"$44,501 - $71,200",FALSE,Uninsured,No,
,Female,40,2,1,1,0,Hispanic,Dallas,75146,"Under $26,700",FALSE,Uninsured,No,
,Female,40,2,0,2,0,Hispanic,Dallas,75233,"Under $26,700",FALSE,Uninsured,No,
,Female,41,2,0,0,2,Hispanic,Other,75154,"$44,501 - $71,200",FALSE,Medicaid,No,
,Female,41,2,0,1,1,Hispanic,Tarrant,76179,Does not want to disclose,FALSE,Other,No,
,Male,48,2,0,0,3,Hispanic,Dallas,75134,"$26,701 - $44,500",FALSE,Uninsured,No,
,Female,58,3,0,0,1,Hispanic,Dallas,75219,"Under $26,700",FALSE,Other,Yes,
,Female,64,2,0,1,0,Hispanic,Dallas,75146,"Under $26,700",FALSE,Prefer Not to Answer,No,
,Female,56,3,0,1,0,Hispanic,Dallas,75212,"$26,701 - $44,500",FALSE,Prefer Not to Answer,No,
,Male,Unknown,4,0,1,0,Hispanic,Dallas,75134,"$26,701 - $44,500",FALSE,Medicaid,No,
,Female,22,2,1,0,0,Hispanic,Dallas,75134,"$26,701 - $44,500",FALSE,Medicaid,No,
,Female,22,4,0,1,0,Hispanic,Dallas,75115,"$44,501 - $71,200",FALSE,Other,No,
,Female,24,2,1,0,0,Hispanic,Dallas,75216,"$26,701 - $44,500",FALSE,Other,Yes,
,Female,26,2,1,0,0,Hispanic,Dallas,75050,"$26,701 - $44,500",FALSE,Medicaid,No,
,Male,26,2,1,0,0,Hispanic,Dallas,75216,"$26,701 - $44,500",FALSE,Private,No,
,Female,28,2,2,0,0,Hispanic,Dallas,75211,"$26,701 - $44,500",FALSE,Uninsured,No,
,Female,33,1,1,1,0,Hispanic,Dallas,75237,"Under $26,700",FALSE,Other,No,
,Male,34,2,2,0,0,Hispanic,Dallas,75216,"$44,501 - $71,200",FALSE,Uninsured,Prefer Not to Answer,
,Female,34,2,1,0,0,Hispanic,Dallas,75211,"Under $26,700",FALSE,Medicaid,No,
,Male,35,2,1,2,0,Hispanic,Dallas,75228,"Under $26,700",FALSE,Uninsured,No,
,Female,35,2,1,2,0,Hispanic,Dallas,75208,"$26,701 - $44,500",FALSE,Medicaid,Yes,
,Female,36,2,0,0,2,Hispanic,Dallas,75134,"Over $71,200",FALSE,Uninsured,No,
,Female,36,2,0,1,0,Hispanic,Dallas,75228,"$26,701 - $44,500",FALSE,Other,No,
,Female,36,2,1,0,0,Hispanic,Dallas,75212,"$44,501 - $71,200",FALSE,CHIP; Medicaid,No,
,Male,36,2,1,0,0,Hispanic,Dallas,75212,"$44,501 - $71,200",FALSE,CHIP; Medicaid,No,
,Female,37,2,1,2,0,Hispanic,Dallas,75228,"Under $26,700",FALSE,Uninsured,No,
,Female,37,2,2,1,1,Hispanic,Dallas,75050,"Under $26,700",FALSE,Uninsured,No,
,Female,38,2,0,1,0,Hispanic,Dallas,75150,Unknown,FALSE,Private,No,
,Female,38,2,2,1,0,Hispanic,Dallas,75217,"Under $26,700",FALSE,Uninsured,No,
,Female,38,1,0,1,2,Hispanic,Dallas,75203,"$26,701 - $44,500",FALSE,Uninsured,No,
,Female,39,3,2,0,0,Hispanic,Dallas,75216,"Under $26,700",FALSE,Uninsured,Yes,
,Male,39,2,2,0,0,Hispanic,Dallas,75134,"$26,701 - $44,500",FALSE,Medicaid,No,
,Female,40,2,0,1,2,Hispanic,Dallas,75203,"$26,701 - $44,500",FALSE,Prefer Not to Answer,No,
,Male,41,2,0,0,2,Hispanic,Dallas,75134,"Over $71,200",FALSE,Uninsured,No,
,Female,41,2,2,0,0,Hispanic,Dallas,75212,"$44,501 - $71,200",FALSE,Uninsured,No,
,Female,42,5,0,1,0,Prefer Not to Answer,Dallas,75115,Unknown,FALSE,Prefer Not to Answer,No,
,Female,43,2,2,0,0,Hispanic,Dallas,75134,"$26,701 - $44,500",FALSE,Medicaid; Prefer Not to Answer,No,
,Female,48,3,1,1,0,Hispanic,Dallas,75043,Does not want to disclose,FALSE,CHIP,No,
,Female,51,2,0,1,0,Hispanic,Dallas,75203,"$26,701 - $44,500",FALSE,Uninsured,No,
,Female,51,3,0,1,0,Hispanic,Dallas,75216,Unknown,FALSE,Uninsured,No,
,Female,53,3,0,0,1,Hispanic,Dallas,75203,"$44,501 - $71,200",FALSE,Private,No,
,Female,Unknown,1,0,1,0,Prefer Not to Answer,Dallas,75214,Does not want to disclose,FALSE,Prefer Not to Answer,Prefer Not to Answer,
,Female,23,3,0,1,0,Hispanic,Dallas,75227,"Under $26,700",FALSE,Uninsured,No,
,Male,23,3,0,0,1,Hispanic,Dallas,75227,"Under $26,700",FALSE,Uninsured,No,
,Female,33,2,0,1,0,Hispanic,Dallas,75214,Unknown,FALSE,Uninsured,No,
,Female,33,1,0,1,0,Hispanic,Dallas,75223,"Under $26,700",FALSE,Medicaid,No,
,Male,33,3,0,1,0,Hispanic,Dallas,75223,"$26,701 - $44,500",FALSE,Medicaid,No,
,Male,36,1,0,1,0,Hispanic,Dallas,75223,Does not want to disclose,FALSE,Prefer Not to Answer,Yes,
,Female,39,1,0,1,0,Hispanic,Dallas,75201,"$44,501 - $71,200",FALSE,Private,No,
,Male,39,2,0,0,1,Hispanic,Dallas,75201,"$44,501 - $71,200",FALSE,Private,No,
,Female,40,3,0,1,0,Hispanic,Dallas,75227,"Under $26,700",FALSE,Uninsured,No,
,Female,42,1,0,1,0,Hispanic,Dallas,75223,"$26,701 - $44,500",FALSE,Prefer Not to Answer,No,
,Female,42,1,0,0,1,Hispanic,Dallas,75210,"$44,501 - $71,200",FALSE,Uninsured,No,
,Female,45,2,0,1,0,Hispanic,Dallas,75216,Does not want to disclose,FALSE,Medicaid,No,
,Male,45,2,1,0,2,Hispanic,Dallas,75216,"$26,701 - $44,500",FALSE,Medicaid,No,
,Female,46,2,0,1,0,Hispanic,Dallas,75228,"Under $26,700",FALSE,Uninsured,No,
,Female,47,2,0,1,0,Hispanic,Dallas,75212,"Under $26,700",FALSE,Uninsured,No,
,Female,48,2,0,1,2,Hispanic,Dallas,75206,"$26,701 - $44,500",FALSE,Prefer Not to Answer,No,
,Female,49,2,0,0,1,White,Dallas,75214,Does not want to disclose,FALSE,Private,No,
,Female,51,1,0,1,0,Hispanic,Dallas,75201,Does not want to disclose,FALSE,Medicaid,No,
,Female,51,1,0,1,0,Hispanic,Dallas,75201,Does not want to disclose,FALSE,Medicaid,No,
,Female,52,3,0,0,1,Hispanic,Dallas,75214,"$26,701 - $44,500",FALSE,Uninsured,No,
,Female,53,4,0,1,0,Hispanic,Dallas,75223,"Under $26,700",FALSE,Medicaid,No,
,Female,53,1,0,0,1,Hispanic,Dallas,75214,"Under $26,700",FALSE,Medicaid,No,
,Male,54,2,0,1,0,Hispanic,Dallas,75214,"Under $26,700",FALSE,Uninsured,No,
,Female,58,1,0,1,0,Hispanic,Dallas,75217,Does not want to disclose,FALSE,,No,
,Female,40,1,0,1,0,Hispanic,Dallas,75214,Does not want to disclose,FALSE,Prefer Not to Answer,Prefer Not to Answer,
,Female,40,4,0,1,0,Hispanic,Dallas,75223,"$26,701 - $44,500",FALSE,Prefer Not to Answer,No,
,Female,40,3,0,1,0,Hispanic,Dallas,75223,"$26,701 - $44,500",FALSE,Medicaid,No,
,Female,32,1,0,1,0,Hispanic,Dallas,75214,Unknown,FALSE,Uninsured,No,
,Female,33,4,0,1,0,Hispanic,Dallas,75223,"$26,701 - $44,500",FALSE,Medicaid,No,
,Female,33,2,0,1,0,Hispanic,Dallas,75223,"Under $26,700",FALSE,Medicaid,Yes,
,Female,34,3,0,1,0,Hispanic,Dallas,75223,Does not want to disclose,FALSE,Uninsured,No,
,Female,34,2,0,1,0,Hispanic,Dallas,75223,"Under $26,700",FALSE,Medicaid,No,
,Female,35,2,0,1,0,Hispanic,Dallas,75213,"$26,701 - $44,500",FALSE,Medicaid,No,
,Male,35,2,1,2,1,Hispanic,Dallas,75214,"$26,701 - $44,500",FALSE,Medicaid,Yes,
,Female,35,2,0,2,0,Hispanic,Dallas,75043,Does not want to disclose,FALSE,CHIP,No,
,Female,37,2,2,1,0,Hispanic,Dallas,75214,Does not want to disclose,FALSE,Prefer Not to Answer,No,
,Female,37,2,0,1,0,Hispanic,Dallas,75223,"Under $26,700",FALSE,Medicaid; Private,No,
,Female,37,3,1,2,1,Hispanic,Dallas,75223,"$44,501 - $71,200",FALSE,Medicaid,Yes,
,Male,37,2,0,1,0,Hispanic,Dallas,75214,Does not want to disclose,FALSE,Prefer Not to Answer,No,
,Female,37,2,1,1,2,Hispanic,Dallas,75228,"$26,701 - $44,500",FALSE,Medicaid,No,
,Female,37,5,0,1,2,Hispanic,Dallas,75227,"$26,701 - $44,500",FALSE,Uninsured,No,
,Male,38,1,0,1,2,Hispanic,Dallas,75227,"$26,701 - $44,500",FALSE,Uninsured,No,
,Female,39,1,0,1,0,Hispanic,Dallas,75226,Unknown,FALSE,Uninsured,No,
,Female,40,1,0,1,0,Black or African American,Dallas,75150,"$44,501 - $71,200",FALSE,Prefer Not to Answer,No,
,Female,40,2,0,0,1,Hispanic,Dallas,75149,Does not want to disclose,FALSE,Prefer Not to Answer,No,
,Female,41,1,0,1,0,Hispanic,Dallas,75223,"$26,701 - $44,500",FALSE,Medicaid,No,
,Female,41,3,0,1,1,Two or More Races,Dallas,75223,"$26,701 - $44,500",FALSE,Medicaid,Yes,
,Female,42,3,0,1,0,Hispanic,Dallas,75223,"Under $26,700",FALSE,Medicaid,No,
,Female,42,4,0,0,1,Hispanic,Dallas,75241,Does not want to disclose,FALSE,Prefer Not to Answer,Prefer Not to Answer,
,Female,42,6,0,1,1,White,Dallas,75223,"Over $71,200",FALSE,Private; Prefer Not to Answer,No,
,Female,43,2,0,0,1,Hispanic,Dallas,75223,"Under $26,700",FALSE,Prefer Not to Answer,No,
,Female,44,3,1,2,1,Hispanic,Dallas,75223,"$26,701 - $44,500",FALSE,Medicaid,No,
,Female,45,2,0,0,1,Hispanic,Dallas,75223,"$26,701 - $44,500",FALSE,Prefer Not to Answer,No,
,Female,45,1,0,1,0,Hispanic,Dallas,75231,"Under $26,700",FALSE,Medicaid,Yes,
,Male,47,3,1,2,1,Hispanic,Dallas,75223,"$26,701 - $44,500",FALSE,Medicaid,No,
,Female,48,2,0,0,1,Hispanic,Dallas,75223,"$26,701 - $44,500",FALSE,Medicaid,No,
,Female,48,1,0,1,0,Hispanic,Dallas,75223,"$44,501 - $71,200",FALSE,Private,No,
,Female,48,3,0,0,2,Hispanic,Dallas,75214,"Under $26,700",FALSE,Uninsured,No,
,Female,50,6,0,0,2,Hispanic,Dallas,75223,"$26,701 - $44,500",FALSE,Medicaid,No,
,Female,50,2,0,0,2,Hispanic,Dallas,75223,"$26,701 - $44,500",FALSE,Medicaid,No,
,Female,51,1,0,1,0,Hispanic,Dallas,75214,"$26,701 - $44,500",FALSE,Prefer Not to Answer,No,
,Female,52,2,0,0,1,Hispanic,Dallas,75217,"Under $26,700",FALSE,Prefer Not to Answer,No,
,Female,52,2,0,0,1,Hispanic,Dallas,75223,"$26,701 - $44,500",FALSE,Medicaid,No,
,Female,53,2,0,0,2,Hispanic,Dallas,75223,"Under $26,700",FALSE,Medicaid,No,
,Female,54,1,0,1,0,Hispanic,Dallas,75227,"$26,701 - $44,500",FALSE,Medicaid,No,
,Female,55,1,0,1,0,Hispanic,Dallas,75214,Unknown,FALSE,Uninsured,No,
,Female,58,2,0,0,2,Asian,Dallas,75214,"Under $26,700",FALSE,Medicaid,No,
,Female,59,3,0,1,0,Hispanic,Dallas,75223,Does not want to disclose,FALSE,Prefer Not to Answer,No,
,Male,71,2,0,1,0,Hispanic,Dallas,75220,"$26,701 - $44,500",FALSE,Other,No,
,Female,33,2,1,3,1,Hispanic,Tarrant,76106,"$26,701 - $44,500",FALSE,Uninsured,No,
,Female,37,2,0,1,0,Hispanic,Tarrant,76106,"$44,501 - $71,200",FALSE,Uninsured,No,
,Female,38,1,0,1,0,Hispanic,Tarrant,76116,Unknown,FALSE,Uninsured,No,
,Female,45,2,0,2,0,Hispanic,Tarrant,76137,"$44,501 - $71,200",FALSE,Prefer Not to Answer,No,
,Female,47,2,0,1,0,Hispanic,Tarrant,76106,"$26,701 - $44,500",FALSE,Medicaid,No,
,Female,72,3,0,2,0,Hispanic,Tarrant,76106,Unknown,FALSE,Prefer Not to Answer,No,
,Female,30,2,0,1,0,Hispanic,Tarrant,76106,"$26,701 - $44,500",FALSE,Medicaid,No,
,Female,30,2,0,1,0,Hispanic,Tarrant,76106,"Under $26,700",FALSE,CHIP,No,
,Female,28,2,0,1,0,Hispanic,Tarrant,76106,"$26,701 - $44,500",FALSE,Uninsured,Prefer Not to Answer,
,Female,29,2,1,2,0,Hispanic,Tarrant,76106,"$26,701 - $44,500",FALSE,Uninsured,Prefer Not to Answer,
,Female,29,2,0,1,0,Hispanic,Tarrant,76106,"$26,701 - $44,500",FALSE,Medicaid,No,
,Female,30,2,0,1,0,Hispanic,Tarrant,76164,"Under $26,700",FALSE,Medicaid,Yes,
,Female,30,2,1,2,0,Hispanic,Tarrant,76106,Unknown,FALSE,Uninsured,No,
,Female,31,2,0,1,0,Hispanic,Tarrant,76111,"Under $26,700",FALSE,Uninsured,Prefer Not to Answer,
,Male,32,2,0,1,0,Hispanic,Tarrant,76106,"$26,701 - $44,500",FALSE,Uninsured,Prefer Not to Answer,
,Female,32,2,1,1,0,Hispanic,Tarrant,76106,"$44,501 - $71,200",FALSE,Uninsured,No,
,Female,32,2,0,2,1,Hispanic,Tarrant,76106,"Under $26,700",FALSE,Uninsured,No,
,Female,32,2,2,2,0,Hispanic,Tarrant,76164,"$26,701 - $44,500",FALSE,Uninsured,No,
,Female,33,2,1,2,0,Hispanic,Tarrant,76106,Does not want to disclose,FALSE,Uninsured,No,
,Female,33,2,0,2,1,Hispanic,Tarrant,76106,"Under $26,700",FALSE,Medicaid,No,
,Female,34,2,0,3,1,Hispanic,Tarrant,76106,"$26,701 - $44,500",FALSE,CHIP; Uninsured,No,
,Female,34,2,1,1,0,Hispanic,Tarrant,76106,"$44,501 - $71,200",FALSE,Uninsured,No,
,Female,36,2,0,1,0,Hispanic,Tarrant,76106,"$26,701 - $44,500",FALSE,Uninsured,No,
,Female,36,2,0,1,0,Hispanic,Tarrant,76106,Does not want to disclose,FALSE,Private,No,
,Female,37,2,0,2,1,Hispanic,Tarrant,76106,"Under $26,700",FALSE,Uninsured,Prefer Not to Answer,
,Female,37,2,1,2,0,Hispanic,Tarrant,76106,"Under $26,700",FALSE,Medicaid,Yes,
,Female,37,2,0,1,1,Hispanic,Tarrant,76106,"$26,701 - $44,500",FALSE,Medicaid,Yes,
,Female,37,2,0,1,0,Hispanic,Tarrant,76106,"Under $26,700",FALSE,Uninsured,No,
,Female,37,2,1,2,1,Hispanic,Tarrant,76106,"$26,701 - $44,500",FALSE,Medicaid,No,
,Female,37,2,1,1,1,Hispanic,Tarrant,76111,Unknown,FALSE,Prefer Not to Answer,No,
,Female,38,2,0,1,1,Hispanic,Tarrant,76106,"$26,701 - $44,500",FALSE,Medicaid,Prefer Not to Answer,
,Female,38,1,9,2,0,Hispanic,Tarrant,76106,"Under $26,700",FALSE,Medicaid,Yes,
,Female,38,2,1,2,3,Hispanic,Tarrant,76106,"Under $26,700",FALSE,Medicaid,Yes,
,Female,38,2,0,2,2,Hispanic,Tarrant,76131,"$44,501 - $71,200",FALSE,Prefer Not to Answer,No,
,Female,40,3,1,2,1,Hispanic,Tarrant,76106,"$26,701 - $44,500",FALSE,Uninsured,No,
,Female,41,2,0,1,0,Hispanic,Tarrant,76106,Unknown,FALSE,Uninsured,Prefer Not to Answer,
,Male,41,2,0,1,0,Hispanic,Tarrant,76108,"$44,501 - $71,200",FALSE,Private,Prefer Not to Answer,
,Female,41,2,0,2,0,Hispanic,Tarrant,76123,"$44,501 - $71,200",FALSE,Private,Prefer Not to Answer,
,Female,41,2,0,2,1,Hispanic,Tarrant,70723,"Under $26,700",FALSE,Medicaid,Prefer Not to Answer,
,Female,43,2,1,0,0,Hispanic,Tarrant,76111,"Under $26,700",FALSE,Medicaid,Prefer Not to Answer,
,Female,43,3,1,1,1,Hispanic,Tarrant,76106,"$26,701 - $44,500",FALSE,Uninsured,No,
,Female,43,2,0,1,2,Hispanic,Tarrant,76706,"$44,501 - $71,200",FALSE,CHIP,No,
,Female,44,2,0,1,0,Hispanic,Tarrant,76106,"$44,501 - $71,200",FALSE,Uninsured,No,
,Female,45,2,0,2,2,Hispanic,Tarrant,76106,"Under $26,700",FALSE,Medicaid,Prefer Not to Answer,
,Female,45,1,0,1,1,Hispanic,Tarrant,76179,"Over $71,200",FALSE,Private,Prefer Not to Answer,
,Female,47,2,1,1,1,Hispanic,Tarrant,76106,"$44,501 - $71,200",FALSE,Medicaid,Prefer Not to Answer,
,Female,48,2,0,1,1,Hispanic,Tarrant,76106,"$44,501 - $71,200",FALSE,Other,Prefer Not to Answer,
,Female,48,2,0,3,1,Hispanic,Tarrant,76106,"$26,701 - $44,500",FALSE,Prefer Not to Answer,Yes,
,Female,50,1,0,1,0,Hispanic,Tarrant,76106,Does not want to disclose,FALSE,Uninsured,No,
,Female,52,2,0,2,0,Hispanic,Tarrant,76106,"$26,701 - $44,500",FALSE,Uninsured,No,
,Female,53,3,0,1,1,Hispanic,Tarrant,76106,"$44,501 - $71,200",FALSE,Prefer Not to Answer,No,
,Female,55,1,0,1,0,Hispanic,Tarrant,76106,"$26,701 - $44,500",FALSE,Uninsured,Prefer Not to Answer,
,Female,55,1,0,1,0,Hispanic,Tarrant,76106,"$26,701 - $44,500",FALSE,Uninsured,Prefer Not to Answer,
,Female,55,2,1,1,0,Hispanic,Tarrant,76106,"Under $26,700",FALSE,Medicaid,No,
,Male,64,2,0,0,0,Hispanic,Tarrant,76106,"$26,701 - $44,500",FALSE,Uninsured,Prefer Not to Answer,
,Unknown,Unknown,1,0,0,1,Prefer Not to Answer,Dallas,75211,Does not want to disclose,FALSE,Prefer Not to Answer,Prefer Not to Answer,
,Unknown,Unknown,1,0,0,1,Prefer Not to Answer,Dallas,75211,Does not want to disclose,FALSE,Prefer Not to Answer,Prefer Not to Answer,
,Female,Unknown,5,0,0,2,Hispanic,Dallas,75232,"Under $26,700",FALSE,Medicaid,Yes,
,Female,21,4,0,0,1,Hispanic,Dallas,75235,"$26,701 - $44,500",FALSE,Medicaid,No,
,Female,35,2,0,0,3,Hispanic,Dallas,75233,Does not want to disclose,FALSE,Uninsured,No,
,Female,36,2,0,2,1,Hispanic,Dallas,75211,Unknown,FALSE,Other,No,
,Female,37,2,1,1,0,Hispanic,Dallas,75050,Unknown,FALSE,Medicaid,No,
,Female,38,2,0,1,0,Hispanic,Dallas,75211,Does not want to disclose,FALSE,Medicaid,No,
,Female,38,4,2,2,1,Hispanic,Dallas,75236,"$26,701 - $44,500",FALSE,Prefer Not to Answer,No,
,Female,38,1,0,3,1,Hispanic,Dallas,75233,Unknown,FALSE,Uninsured,No,
,Female,39,2,0,2,1,Hispanic,Dallas,75224,"Under $26,700",FALSE,Uninsured,No,
,Female,39,2,0,2,1,Hispanic,Dallas,75211,"Under $26,700",FALSE,Medicaid,No,
,Female,41,3,0,1,1,Hispanic,Dallas,75211,"$26,701 - $44,500",FALSE,Medicaid,Yes,
,Female,41,3,0,0,1,Hispanic,Dallas,75216,"Under $26,700",FALSE,Uninsured,No,
,Male,41,1,0,0,1,Hispanic,Dallas,75224,"Under $26,700",FALSE,Prefer Not to Answer,No,
,Female,43,3,0,1,1,Hispanic,Dallas,75211,"Under $26,700",FALSE,Medicaid,No,
,Female,43,2,0,0,2,Hispanic,Dallas,75211,"$26,701 - $44,500",FALSE,Medicaid,No,
,Female,44,2,0,1,1,Hispanic,Dallas,75211,"Under $26,700",FALSE,Medicaid,No,
,Female,44,2,0,1,1,Hispanic,Dallas,75224,"$44,501 - $71,200",FALSE,Medicaid,No,
,Female,44,5,0,0,1,Hispanic,Dallas,75211,"$26,701 - $44,500",FALSE,Uninsured,No,
,Female,45,2,0,1,1,Hispanic,Dallas,75224,"$44,501 - $71,200",FALSE,Other,No,
,Female,45,2,0,0,1,Hispanic,Dallas,75217,"Under $26,700",FALSE,Medicaid,No,
,Female,45,2,0,1,2,Hispanic,Dallas,75211,"$26,701 - $44,500",FALSE,Private,No,
,Female,47,5,0,0,2,Hispanic,Dallas,75211,"$26,701 - $44,500",FALSE,Other,No,
,Female,47,3,0,1,0,Hispanic,Dallas,75211,"$26,701 - $44,500",FALSE,Uninsured,No,
,Female,48,4,0,1,1,Hispanic,Dallas,75211,"Under $26,700",FALSE,Medicaid,No,
,Female,48,4,0,0,1,Hispanic,Dallas,75216,"$26,701 - $44,500",FALSE,Uninsured,Yes,
,Female,50,4,0,1,0,Hispanic,Dallas,75211,"$26,701 - $44,500",FALSE,Other,No,
,Female,50,3,0,0,4,Hispanic,Dallas,75211,"$26,701 - $44,500",FALSE,Private,No,
,Female,50,2,0,1,0,Hispanic,Dallas,75211,"Under $26,700",FALSE,Medicaid,No,
,Female,51,2,0,0,1,Hispanic,Dallas,75211,"$44,501 - $71,200",FALSE,Private,No,
,Female,51,3,0,0,1,Hispanic,Dallas,75211,"$26,701 - $44,500",FALSE,Uninsured,No,
,Male,51,2,0,0,2,Hispanic,Dallas,75211,"$26,701 - $44,500",FALSE,Medicaid,No,
,Female,52,5,0,0,1,Hispanic,Dallas,75211,"Under $26,700",FALSE,Prefer Not to Answer,No,
,Female,53,4,0,0,1,Hispanic,Dallas,75211,"$26,701 - $44,500",FALSE,Uninsured,No,
,Female,53,2,0,0,2,Hispanic,Dallas,75211,"$26,701 - $44,500",FALSE,CHIP,No,
,Female,53,1,0,0,1,Hispanic,Dallas,75211,Unknown,FALSE,Uninsured,No,
,Female,54,5,0,0,1,Hispanic,Dallas,75211,Does not want to disclose,FALSE,Private; Uninsured,No,
,Female,54,2,0,0,1,Hispanic,Dallas,75236,"$44,501 - $71,200",FALSE,Uninsured,No,
,Female,55,2,0,0,1,Hispanic,Dallas,75233,Does not want to disclose,FALSE,Prefer Not to Answer,No,
,Female,57,2,0,0,2,Hispanic,Dallas,75211,"$26,701 - $44,500",FALSE,CHIP,No,
,Female,58,3,0,0,1,Hispanic,Dallas,75211,"$26,701 - $44,500",FALSE,Uninsured,No,
,Female,58,2,0,0,1,Hispanic,Dallas,75211,"Under $26,700",FALSE,Uninsured,No,
,Female,59,3,2,0,1,Hispanic,Dallas,75241,"$44,501 - $71,200",FALSE,Uninsured,No,
,Female,60,2,0,0,1,Hispanic,Dallas,75211,Unknown,FALSE,Uninsured,No,
,Female,69,3,0,0,2,Hispanic,Dallas,75211,"$44,501 - $71,200",FALSE,Medicaid,No,
,Female,69,4,0,1,0,Hispanic,Dallas,75211,Unknown,FALSE,Uninsured,No,
,Female,19,3,0,1,0,Hispanic,Dallas,75219,Does not want to disclose,FALSE,Other,No,
,Female,31,6,4,1,0,Hispanic,Dallas,75233,"$44,501 - $71,200",FALSE,Medicaid,Prefer Not to Answer,
,Female,32,3,0,1,0,Hispanic,Dallas,75241,"Over $71,200",FALSE,Uninsured,No,
,Female,36,2,2,2,2,Hispanic,Dallas,75232,"$26,701 - $44,500",FALSE,Uninsured,Yes,
,Female,37,2,0,2,1,Hispanic,Dallas,75216,"$26,701 - $44,500",FALSE,Medicaid,No,
,Female,37,2,1,1,0,Hispanic,Dallas,75216,"Under $26,700",FALSE,Uninsured,Prefer Not to Answer,
,Female,42,3,0,1,1,Hispanic,Dallas,75211,"Under $26,700",FALSE,Medicaid,No,
,Female,42,2,2,1,0,Hispanic,Dallas,75232,Unknown,FALSE,Medicaid,Prefer Not to Answer,
,Female,47,3,2,1,1,Hispanic,Dallas,75060,"Over $71,200",FALSE,CHIP; Medicaid,Prefer Not to Answer,
,Female,47,2,0,0,1,Hispanic,Dallas,75137,"$44,501 - $71,200",FALSE,Medicaid,Prefer Not to Answer,
,Female,58,3,0,0,1,Hispanic,Dallas,75219,"Under $26,700",FALSE,Other,Yes,
,Female,Unknown,1,0,1,0,Hispanic,Dallas,75052,Does not want to disclose,FALSE,Prefer Not to Answer,Prefer Not to Answer,
,Female,Unknown,1,0,1,0,Hispanic,Dallas,75052,Does not want to disclose,FALSE,Prefer Not to Answer,Prefer Not to Answer,
,Female,Unknown,1,0,1,0,Hispanic,Dallas,75052,Does not want to disclose,FALSE,Prefer Not to Answer,Prefer Not to Answer,
,Female,Unknown,1,0,1,0,Hispanic,Dallas,75052,Does not want to disclose,FALSE,Prefer Not to Answer,Prefer Not to Answer,
,Female,42,1,0,1,0,Hispanic,Dallas,75052,Does not want to disclose,FALSE,Medicaid,No,
,Female,45,1,0,1,0,Hispanic,Dallas,75051,Does not want to disclose,FALSE,Prefer Not to Answer,Prefer Not to Answer,
,Female,53,2,0,1,0,American Indian or Alaska Native,Dallas,75211,"Under $26,700",FALSE,Private,Prefer Not to Answer,
,Female,Unknown,1,0,1,0,Hispanic,Dallas,75052,Does not want to disclose,FALSE,Prefer Not to Answer,Prefer Not to Answer,
,Female,32,1,1,0,0,Hispanic,Dallas,75052,Does not want to disclose,FALSE,Medicaid,Prefer Not to Answer,
,Female,33,2,2,0,0,Hispanic,Dallas,75052,Does not want to disclose,FALSE,Prefer Not to Answer,Prefer Not to Answer,
,Female,33,2,1,1,0,Hispanic,Dallas,75051,Does not want to disclose,FALSE,Prefer Not to Answer,Prefer Not to Answer,
,Female,34,1,1,1,0,Hispanic,Dallas,75051,Does not want to disclose,FALSE,Prefer Not to Answer,Prefer Not to Answer,
,Female,37,1,0,1,0,Hispanic,Dallas,75051,"Under $26,700",FALSE,CHIP; Medicaid,Yes,
,Female,40,1,0,0,1,Hispanic,Dallas,75052,Does not want to disclose,FALSE,Prefer Not to Answer,Prefer Not to Answer,
,Female,42,3,1,1,0,Hispanic,Dallas,75051,Does not want to disclose,FALSE,CHIP,Prefer Not to Answer,
,Female,43,1,0,2,1,Hispanic,Dallas,75052,Does not want to disclose,FALSE,Medicaid,No,
,Female,44,1,0,1,0,Hispanic,Dallas,75052,"Under $26,700",FALSE,Medicaid,Prefer Not to Answer,
,Female,46,1,0,1,0,Hispanic,Dallas,75050,Does not want to disclose,FALSE,Medicaid,Prefer Not to Answer,
,Female,48,1,0,1,0,Hispanic,Dallas,75051,Does not want to disclose,FALSE,CHIP,Prefer Not to Answer,
,Female,Unknown,1,0,1,0,Hispanic,Dallas,75227,Does not want to disclose,FALSE,Prefer Not to Answer,Prefer Not to Answer,
,Female,35,2,2,0,0,Hispanic,Dallas,75227,Does not want to disclose,FALSE,Prefer Not to Answer,No,
,Female,35,5,0,1,0,Hispanic,Dallas,75227,Does not want to disclose,FALSE,Private,No,
,Male,31,1,2,0,0,Hispanic,Dallas,75227,"$26,701 - $44,500",FALSE,Prefer Not to Answer,No,
,Female,34,2,0,2,0,Hispanic,Dallas,75150,"Under $26,700",FALSE,Medicaid,No,
,Male,35,2,1,0,0,Hispanic,Dallas,75253,"$44,501 - $71,200",FALSE,Uninsured,No,
,Female,37,2,0,1,1,Hispanic,Dallas,75227,"$26,701 - $44,500",FALSE,Prefer Not to Answer,No,
,Female,39,2,1,0,0,Hispanic,Dallas,75253,"$44,501 - $71,200",FALSE,Uninsured,No,
,Female,40,2,1,0,0,Hispanic,Dallas,75150,"$44,501 - $71,200",FALSE,CHIP,No,
,Male,42,2,2,0,0,Hispanic,Dallas,75227,"Over $71,200",FALSE,Private,No,
,Female,42,2,1,2,0,Hispanic,Dallas,75253,"$26,701 - $44,500",FALSE,Medicaid,No,
,Female,45,1,0,2,0,Hispanic,Dallas,75235,"Under $26,700",FALSE,Medicaid; Other,Yes,
,Female,46,1,0,1,1,Hispanic,Dallas,75227,"$44,501 - $71,200",FALSE,Private,No,
,Female,46,3,0,1,1,Hispanic,Dallas,75217,"$26,701 - $44,500",FALSE,Prefer Not to Answer,No,
,Female,47,2,0,1,1,Hispanic,Dallas,75150,"$26,701 - $44,500",FALSE,Medicaid,No,
,Female,48,2,0,1,1,Hispanic,Dallas,75149,"$26,701 - $44,500",FALSE,Medicaid,No,
,Female,50,2,0,1,1,Hispanic,Dallas,75217,"$44,501 - $71,200",FALSE,Medicaid,No,
,Female,51,2,0,1,0,Hispanic,Dallas,75150,"$26,701 - $44,500",FALSE,CHIP,No,
,Female,55,3,1,1,2,Hispanic,Dallas,75227,"$26,701 - $44,500",FALSE,Medicaid,No,
,Female,55,2,0,0,2,Hispanic,Dallas,75227,"$44,501 - $71,200",FALSE,Private; Other,No,
,Male,55,2,0,0,1,Hispanic,Dallas,75227,"$44,501 - $71,200",FALSE,Private; Other,No,
,Unknown,Unknown,1,0,1,0,Prefer Not to Answer,Dallas,75212,Does not want to disclose,FALSE,Prefer Not to Answer,Prefer Not to Answer,
,Unknown,Unknown,1,0,1,0,Prefer Not to Answer,Dallas,75212,Does not want to disclose,FALSE,Prefer Not to Answer,Prefer Not to Answer,
,Female,Unknown,2,0,1,0,Hispanic,Dallas,75150,"$26,701 - $44,500",FALSE,Medicaid,No,
,Female,38,1,0,1,0,Hispanic,Dallas,75208,Does not want to disclose,FALSE,Prefer Not to Answer,No,
,Female,39,1,0,1,0,Hispanic,Dallas,75208,Does not want to disclose,FALSE,Prefer Not to Answer,No,
,Female,32,1,0,1,0,Hispanic,Dallas,75208,Does not want to disclose,FALSE,Prefer Not to Answer,No,
,Female,28,1,0,1,0,Hispanic,Dallas,75208,Does not want to disclose,FALSE,Prefer Not to Answer,No,
,Female,26,2,1,0,0,Hispanic,Dallas,75044,Unknown,FALSE,Uninsured,No,
,Female,26,3,0,1,1,Hispanic,Dallas,75216,"$44,501 - $71,200",FALSE,Medicaid,No,
,Female,27,2,2,2,0,Hispanic,Dallas,75044,"Under $26,700",FALSE,Uninsured,No,
,Female,33,3,2,0,0,Hispanic,Dallas,75150,"Over $71,200",FALSE,Medicaid,No,
,Male,34,3,0,1,0,Hispanic,Dallas,75000,"Over $71,200",FALSE,Uninsured,No,
,Female,36,1,0,2,2,Hispanic,Dallas,75229,"Under $26,700",FALSE,Uninsured,No,
,Female,36,1,0,2,0,Hispanic,Dallas,75232,"Under $26,700",FALSE,Private,Prefer Not to Answer,
,Female,38,3,0,1,1,Hispanic,Dallas,75216,"$44,501 - $71,200",FALSE,Medicaid,Prefer Not to Answer,
,Female,39,2,0,2,1,Hispanic,Dallas,75220,"$26,701 - $44,500",FALSE,Uninsured,No,
,Female,43,7,1,0,0,Hispanic,Dallas,75042,"$26,701 - $44,500",FALSE,Uninsured,No,
,Female,43,1,0,0,2,Hispanic,Dallas,75227,"Under $26,700",FALSE,Uninsured,No,
,Female,43,2,4,0,0,Hispanic,Dallas,75180,"Under $26,700",FALSE,Prefer Not to Answer,Yes,
,Female,44,2,0,1,1,Hispanic,Dallas,75241,"$44,501 - $71,200",FALSE,Uninsured,No,
,Female,44,4,0,0,2,White,Dallas,75220,"$44,501 - $71,200",FALSE,Other,No,
,Female,44,3,0,0,0,Hispanic,Dallas,75134,"$26,701 - $44,500",FALSE,Uninsured,No,
,Female,45,2,1,0,1,Hispanic,Dallas,75141,"$44,501 - $71,200",FALSE,Private,No,
,Female,45,2,0,0,2,Hispanic,Dallas,75216,"$26,701 - $44,500",FALSE,Prefer Not to Answer,Prefer Not to Answer,
,Female,47,2,0,1,1,Hispanic,Dallas,75051,"Under $26,700",FALSE,Uninsured,No,
,Female,47,2,0,0,1,Hispanic,Dallas,75227,"Under $26,700",FALSE,Prefer Not to Answer,No,
,Female,47,5,0,1,1,Hispanic,Dallas,75220,"Under $26,700",FALSE,Medicaid,No,
,Female,48,3,1,0,0,Hispanic,Dallas,75042,"Under $26,700",FALSE,Prefer Not to Answer,No,
,Female,48,2,1,1,0,Hispanic,Dallas,75220,"$26,701 - $44,500",FALSE,Medicaid,No,
,Female,48,2,0,0,1,Hispanic,Dallas,75211,"$26,701 - $44,500",FALSE,Prefer Not to Answer,No,
,Female,49,2,0,1,2,Hispanic,Dallas,75238,"$26,701 - $44,500",FALSE,Medicaid,No,
,Female,49,4,0,0,0,Hispanic,Dallas,75232,"$26,701 - $44,500",FALSE,Uninsured,No,
,Female,51,2,0,1,0,Hispanic,Dallas,75150,"Under $26,700",FALSE,Uninsured,No,
,Female,52,2,0,1,2,Hispanic,Dallas,75235,"$26,701 - $44,500",FALSE,CHIP,No,
,Female,52,2,0,1,0,Hispanic,Dallas,75061,"$26,701 - $44,500",FALSE,Uninsured,No,
,Female,52,2,0,0,0,Hispanic,Rockwall,75087,"Over $71,200",FALSE,Uninsured,No,
,Female,53,2,0,0,0,Hispanic,Dallas,75216,"Under $26,700",FALSE,Uninsured,Prefer Not to Answer,
,Female,54,2,0,0,2,Hispanic,Dallas,75211,"$26,701 - $44,500",FALSE,Other,No,
,Female,54,1,0,1,0,Hispanic,Dallas,75044,"$26,701 - $44,500",FALSE,Uninsured,No,
,Female,55,5,0,0,0,Hispanic,Dallas,75232,"Under $26,700",FALSE,Medicaid,No,
,Female,56,4,1,2,0,Hispanic,Dallas,75211,"$26,701 - $44,500",FALSE,Other,No,
,Female,61,4,0,1,1,Hispanic,Dallas,75220,"$26,701 - $44,500",FALSE,Uninsured,No,
,Female,71,3,0,0,0,Hispanic,Dallas,75232,"Under $26,700",FALSE,Uninsured,Prefer Not to Answer,
,Female,Unknown,1,0,1,0,Hispanic,Dallas,75052,Does not want to disclose,FALSE,Prefer Not to Answer,Prefer Not to Answer,
,Female,30,2,1,1,0,Hispanic,Dallas,75216,"$26,701 - $44,500",FALSE,Medicaid,Yes,
,Female,30,4,1,0,0,Hispanic,Dallas,75116,"$26,701 - $44,500",FALSE,Medicaid,No,
,Female,31,2,0,1,0,Hispanic,Dallas,75216,"$44,501 - $71,200",FALSE,Medicaid,No,
,Female,32,2,1,1,0,Hispanic,Dallas,75234,Unknown,FALSE,Private,No,
,Female,33,1,0,1,0,Hispanic,Dallas,75287,Unknown,FALSE,Uninsured,No,
,Female,33,2,1,2,0,Hispanic,Dallas,75217,"Under $26,700",FALSE,Medicaid,No,
,Female,33,2,0,1,0,Hispanic,Dallas,75217,Does not want to disclose,FALSE,Uninsured,No,
,Female,34,2,1,0,0,Hispanic,Dallas,75234,"$26,701 - $44,500",FALSE,Medicaid,No,
,Female,34,2,1,2,0,Hispanic,Denton,75007,"Under $26,700",FALSE,Medicaid,Yes,
,Female,34,3,2,1,1,Hispanic,Dallas,75006,Unknown,FALSE,Uninsured,Yes,
,Female,35,2,1,1,0,Hispanic,Dallas,75051,Unknown,FALSE,Medicaid,No,
,Female,35,1,2,1,0,Hispanic,Dallas,75217,Unknown,FALSE,Uninsured,No,
,Female,35,2,0,2,0,Hispanic,Dallas,75220,"$44,501 - $71,200",FALSE,Uninsured,No,
,Female,35,3,0,2,0,Hispanic,Dallas,75235,"$26,701 - $44,500",FALSE,Medicaid,Yes,
,Female,35,2,2,0,0,Hispanic,Other,75114,"$44,501 - $71,200",FALSE,Private,No,
,Female,36,2,1,2,0,Hispanic,Dallas,75149,"$26,701 - $44,500",FALSE,Uninsured,Prefer Not to Answer,
,Female,36,2,1,1,0,Hispanic,Dallas,75234,Unknown,FALSE,Medicaid,Yes,
,Female,37,2,0,1,1,Hispanic,Dallas,75231,"Under $26,700",FALSE,Medicaid,No,
,Female,37,2,1,1,1,Hispanic,Dallas,75006,Unknown,FALSE,Medicaid,Yes,
,Female,37,2,1,3,1,Hispanic,Dallas,75229,Unknown,FALSE,Medicaid,No,
,Female,38,2,0,1,1,Hispanic,Dallas,75229,Does not want to disclose,FALSE,Medicaid,Prefer Not to Answer,
,Female,39,4,1,0,1,Hispanic,Dallas,75211,"Under $26,700",FALSE,Private,Yes,
,Female,39,2,1,1,1,Hispanic,Dallas,75229,"$26,701 - $44,500",FALSE,Medicaid,No,
,Female,39,2,1,1,1,Hispanic,Dallas,75040,"$44,501 - $71,200",FALSE,CHIP,Yes,
,Female,39,3,2,1,0,Hispanic,Dallas,75220,"$26,701 - $44,500",FALSE,Medicaid,No,
,Female,39,3,1,2,0,Hispanic,Dallas,75203,"$44,501 - $71,200",FALSE,Medicaid,No,
,Female,39,3,2,1,0,Hispanic,Dallas,75217,"Under $26,700",FALSE,Medicaid,No,
,Female,40,2,0,2,1,Hispanic,Dallas,75231,"$44,501 - $71,200",FALSE,Medicaid,No,
,Female,41,2,2,0,0,Hispanic,Dallas,75001,"Under $26,700",FALSE,Medicaid,Prefer Not to Answer,
,Female,41,5,0,2,0,Hispanic,Dallas,75231,"Under $26,700",FALSE,Uninsured,No,
,Female,41,2,0,1,1,Hispanic,Tarrant,76051,"$26,701 - $44,500",FALSE,Uninsured,No,
,Female,42,2,0,0,2,Hispanic,Dallas,75007,"Under $26,700",FALSE,Medicaid,Prefer Not to Answer,
,Female,42,2,1,2,0,Hispanic,Dallas,75229,Unknown,FALSE,Medicaid,No,
,Female,42,2,1,0,2,Hispanic,Other,75126,"Over $71,200",FALSE,Private,No,
,Female,43,1,0,1,0,Hispanic,Dallas,75007,"$26,701 - $44,500",FALSE,Uninsured,Prefer Not to Answer,
,Female,44,2,1,2,1,Hispanic,Dallas,75217,"$26,701 - $44,500",FALSE,Medicaid,Yes,
,Female,44,2,1,2,1,Hispanic,Dallas,75006,"$26,701 - $44,500",FALSE,Uninsured,No,
,Female,44,2,1,1,2,Hispanic,Dallas,75231,"Under $26,700",FALSE,Medicaid,Yes,
,Female,44,2,0,2,0,Hispanic,Collin,75074,"Under $26,700",FALSE,Uninsured,No,
,Female,44,2,0,2,1,Hispanic,Dallas,75150,"Under $26,700",FALSE,Medicaid,No,
,Female,44,3,0,2,0,Hispanic,Dallas,75217,"Under $26,700",FALSE,Medicaid,No,
,Female,46,2,1,1,0,Hispanic,Denton,75007,"$44,501 - $71,200",FALSE,Private,No,
,Female,47,2,1,2,0,Hispanic,Dallas,75229,Unknown,FALSE,Medicaid,No,
,Female,47,2,1,0,0,Hispanic,Dallas,75243,"$26,701 - $44,500",FALSE,Uninsured,No,
,Female,47,3,1,1,1,Hispanic,Dallas,75229,"$44,501 - $71,200",FALSE,Medicaid,Prefer Not to Answer,
,Female,48,2,0,0,1,Hispanic,Dallas,75220,"Under $26,700",FALSE,Uninsured,No,
,Female,48,3,1,1,1,Hispanic,Dallas,75233,"$26,701 - $44,500",FALSE,Medicaid,No,
,Female,50,4,0,1,1,Hispanic,Dallas,75229,"$26,701 - $44,500",FALSE,Uninsured,No,
,Female,52,2,0,1,2,Hispanic,Dallas,75231,"Under $26,700",FALSE,Medicaid,No,
,Female,53,3,0,1,1,Hispanic,Dallas,75234,"$26,701 - $44,500",FALSE,Medicaid,Prefer Not to Answer,
,Female,56,1,0,2,0,Hispanic,Dallas,75006,Does not want to disclose,FALSE,Medicaid,Yes,
,Female,37,2,0,5,1,Hispanic,Tarrant,76115,"$44,501 - $71,200",FALSE,Medicaid,No,
,Male,35,2,1,2,0,Hispanic,Tarrant,76106,"$26,701 - $44,500",FALSE,Uninsured,No,
,Female,37,1,1,3,0,Hispanic,Tarrant,76134,"Under $26,700",FALSE,CHIP,Yes,
,Male,38,2,0,1,0,Hispanic,Tarrant,76106,Unknown,FALSE,Prefer Not to Answer,No,
,Female,46,2,0,1,1,Hispanic,Tarrant,76110,"$26,701 - $44,500",FALSE,Medicaid,No,
,Female,34,4,2,1,0,Hispanic,Dallas,75234,Unknown,FALSE,Private,No,
,Female,34,2,1,0,0,Hispanic,Dallas,75006,"Under $26,700",FALSE,Uninsured,No,
,Female,67,1,0,1,0,Hispanic,Dallas,75006,"Under $26,700",FALSE,Uninsured,No,
,Female,27,2,0,1,1,Hispanic,Dallas,75006,Unknown,FALSE,Uninsured,No,
,Female,29,2,0,1,1,Hispanic,Dallas,75234,Unknown,FALSE,Medicaid,No,
,Male,30,2,0,0,0,Hispanic,Dallas,75006,Unknown,FALSE,Uninsured,No,
,Female,32,1,2,0,0,Hispanic,Dallas,75006,Does not want to disclose,FALSE,Medicaid,Yes,
,Female,34,2,2,1,0,Hispanic,Dallas,75006,Unknown,FALSE,Uninsured,No,
,Female,35,2,1,2,1,Hispanic,Dallas,75006,Unknown,FALSE,Uninsured,No,
,Female,37,3,1,1,2,Hispanic,Dallas,75006,"Under $26,700",FALSE,Medicaid,No,
,Female,40,1,2,1,1,Hispanic,Dallas,75006,"Under $26,700",FALSE,Medicaid,No,
,Female,40,2,1,0,2,Hispanic,Dallas,75006,Unknown,FALSE,Medicaid,No,
,Female,41,2,3,2,1,Hispanic,Dallas,75006,"Under $26,700",FALSE,Uninsured,No,
,Female,46,2,1,1,0,Hispanic,Dallas,75234,Unknown,FALSE,Medicaid,No,
,Female,Unknown,1,0,1,0,Hispanic,Dallas,75287,Does not want to disclose,FALSE,Prefer Not to Answer,Prefer Not to Answer,
,Female,48,2,0,1,1,Hispanic,Dallas,75287,"Under $26,700",FALSE,Uninsured,No,
,Female,49,1,0,1,1,Hispanic,Dallas,75006,Does not want to disclose,FALSE,Medicaid,No,
,Male,55,2,0,1,0,Hispanic,Dallas,75287,"Under $26,700",FALSE,Uninsured,No,
,Female,22,2,1,0,0,Hispanic,Dallas,75220,Unknown,FALSE,Medicaid,No,
,Female,23,3,1,0,0,Hispanic,Dallas,75220,Unknown,FALSE,Medicaid,Yes,
,Female,25,2,1,0,0,Hispanic,Dallas,75234,"Under $26,700",FALSE,Medicaid,No,
,Female,25,4,2,0,0,Hispanic,Dallas,75006,Unknown,FALSE,Medicaid,No,
,Female,27,3,1,1,0,Hispanic,Dallas,75254,"Under $26,700",FALSE,CHIP,No,
,Female,29,2,1,1,0,Hispanic,Dallas,75006,Unknown,FALSE,Prefer Not to Answer,No,
,Female,29,3,3,1,0,Hispanic,Dallas,75220,"Under $26,700",FALSE,Medicaid,No,
,Female,30,2,1,1,0,Hispanic,Dallas,75254,Unknown,FALSE,Uninsured,No,
,Female,30,2,1,0,1,Hispanic,Dallas,75254,"Under $26,700",FALSE,Uninsured,No,
,Female,30,1,1,1,0,Hispanic,Dallas,75006,"Under $26,700",FALSE,Medicaid,No,
,Female,30,2,1,1,0,Hispanic,Dallas,75220,Unknown,FALSE,Uninsured,No,
,Female,32,2,1,1,0,Hispanic,Dallas,75287,Unknown,FALSE,Medicaid,Yes,
,Female,32,2,2,0,0,Hispanic,Dallas,75220,"Under $26,700",FALSE,Medicaid,Yes,
,Female,32,1,0,2,0,Hispanic,Dallas,75006,Unknown,FALSE,Uninsured,Yes,
,Male,32,5,0,0,0,Hispanic,Dallas,75234,Unknown,FALSE,Prefer Not to Answer,Yes,
,Female,32,2,1,1,0,Hispanic,Dallas,75220,Unknown,FALSE,Medicaid,No,
,Female,33,2,2,1,0,Hispanic,Dallas,75019,"Under $26,700",FALSE,Medicaid,No,
,Female,34,2,2,0,0,Hispanic,Dallas,75254,"$26,701 - $44,500",FALSE,Uninsured,No,
,Female,36,2,0,2,2,Hispanic,Dallas,75234,"Under $26,700",FALSE,Medicaid,No,
,Male,36,4,0,0,0,Hispanic,Dallas,75254,"Under $26,700",FALSE,Uninsured,No,
,Female,37,1,0,1,0,Hispanic,Dallas,75007,"Under $26,700",FALSE,Uninsured,No,
,Female,37,2,1,1,0,Hispanic,Dallas,75006,Unknown,FALSE,Medicaid,No,
,Female,38,1,1,1,0,Hispanic,Dallas,75019,Unknown,FALSE,Uninsured,Yes,
,Female,38,2,1,1,0,Hispanic,Dallas,75220,"Under $26,700",FALSE,Medicaid,Yes,
,Female,39,2,1,0,0,Hispanic,Dallas,75254,Unknown,FALSE,Uninsured,No,
,Female,40,2,0,2,3,Hispanic,Dallas,75287,"Under $26,700",FALSE,Medicaid,No,
,Female,40,2,1,1,1,Hispanic,Dallas,75217,"$26,701 - $44,500",FALSE,Medicaid,No,
,Female,41,2,0,1,1,Hispanic,Dallas,75254,Unknown,FALSE,Medicaid,Yes,
,Female,42,2,1,1,0,Hispanic,Dallas,75220,"$26,701 - $44,500",FALSE,Medicaid,No,
,Female,43,2,2,2,0,Hispanic,Dallas,75287,Unknown,FALSE,Medicaid,No,
,Female,45,2,0,1,1,Hispanic,Dallas,75006,Does not want to disclose,FALSE,Uninsured,No,
,Male,45,2,2,0,0,Hispanic,Dallas,75220,"Under $26,700",FALSE,Medicaid,Yes,
,Female,46,2,1,1,0,Hispanic,Denton,75007,"$44,501 - $71,200",FALSE,Private,No,
,Female,49,2,1,3,0,Hispanic,Dallas,75217,"Under $26,700",FALSE,Medicaid,Yes,
,Female,50,3,0,1,2,Hispanic,Dallas,75006,"Under $26,700",FALSE,Medicaid,No,
,Female,50,2,0,1,0,Hispanic,Dallas,75220,"Under $26,700",FALSE,Uninsured,No,
,Female,55,5,0,1,1,Hispanic,Dallas,75234,Unknown,FALSE,Uninsured,No,
,Male,58,5,0,0,0,Hispanic,Dallas,75234,Unknown,FALSE,Uninsured,No,
,Male,Unknown,1,0,1,0,Hispanic,Dallas,75234,Does not want to disclose,FALSE,Prefer Not to Answer,Prefer Not to Answer,
,Female,35,2,0,1,0,Hispanic,Dallas,75234,"Under $26,700",FALSE,Medicaid,No,
,Female,50,3,0,2,0,Hispanic,Dallas,75234,"Under $26,700",FALSE,Uninsured,No,
,Male,56,1,0,1,0,Hispanic,Dallas,75234,"$26,701 - $44,500",FALSE,Uninsured,No,
,Female,29,3,3,1,0,Hispanic,Dallas,75234,Unknown,FALSE,Uninsured,Yes,
,Female,31,4,2,0,0,Hispanic,Dallas,75234,"$44,501 - $71,200",FALSE,Medicaid,No,
,Female,35,1,1,2,0,White,Dallas,75244,"Under $26,700",FALSE,Medicaid,Yes,
,Female,36,4,1,1,0,Hispanic,Dallas,75234,"Under $26,700",FALSE,Medicaid,No,
,Female,44,2,1,1,1,Hispanic,Dallas,75234,"Under $26,700",FALSE,Uninsured,No,
,Female,44,1,0,0,0,White,Dallas,75006,Does not want to disclose,FALSE,Private,No,
,Female,44,2,1,1,0,Hispanic,Dallas,75006,"$44,501 - $71,200",FALSE,Uninsured,No,
,Female,45,2,0,1,3,Hispanic,Dallas,75234,"$26,701 - $44,500",FALSE,Uninsured,No,
,Female,47,2,0,1,0,Hispanic,Dallas,75234,Unknown,FALSE,Private,No,
,Male,47,1,0,2,0,Hispanic,Dallas,75006,Does not want to disclose,FALSE,Private,No,
,Female,58,2,1,0,0,White,Tarrant,76039,"Over $71,200",FALSE,Private,No,
,Female,67,1,0,0,0,Hispanic,Dallas,75006,Does not want to disclose,FALSE,Prefer Not to Answer,No,
,Female,32,1,1,3,0,Black or African American,Dallas,75234,"Under $26,700",FALSE,Uninsured,Yes,
,Female,23,4,0,0,0,Hispanic,Dallas,75234,Does not want to disclose,FALSE,Uninsured,No,
,Female,27,3,2,0,0,Hispanic,Dallas,75006,"$26,701 - $44,500",FALSE,Medicaid,No,
,Male,40,1,0,0,0,Hispanic,Dallas,75006,"Under $26,700",FALSE,Uninsured,No,
,Female,40,2,2,1,0,Hispanic,Dallas,75006,Does not want to disclose,FALSE,Uninsured,No,
,Female,40,3,0,1,0,White,Dallas,75234,"$44,501 - $71,200",FALSE,Private,No,
,Male,43,2,1,1,0,Hispanic,Other,77619,Does not want to disclose,FALSE,Medicaid,No,
,Female,43,6,0,1,0,Hispanic,Dallas,75234,"$26,701 - $44,500",FALSE,Other,No,
,Female,43,3,0,0,1,Hispanic,Dallas,75229,Unknown,FALSE,Uninsured,No,
,Female,44,3,0,1,0,Hispanic,Dallas,75006,Does not want to disclose,FALSE,Uninsured,No,
,Female,45,2,1,1,0,Hispanic,Denton,75007,"$26,701 - $44,500",FALSE,Medicaid,No,
,Female,46,2,0,0,0,Hispanic,Denton,75007,"$26,701 - $44,500",FALSE,Uninsured,No,
,Female,48,1,1,0,0,White,Dallas,75234,"$44,501 - $71,200",FALSE,Private,No,
,Female,50,4,0,2,0,Hispanic,Dallas,75234,Does not want to disclose,FALSE,Uninsured,No,
,Female,51,2,0,2,0,Hispanic,Dallas,75006,"Under $26,700",FALSE,Uninsured,No,
,Female,63,2,0,0,0,Hispanic,Dallas,75006,Unknown,FALSE,Uninsured,No,
,Female,64,4,0,0,0,Hispanic,Denton,75006,Unknown,FALSE,Uninsured,No,
,Female,Unknown,1,0,1,0,Hispanic,Dallas,75231,Does not want to disclose,FALSE,Prefer Not to Answer,Prefer Not to Answer,
,Female,36,2,2,0,0,Hispanic,Dallas,75231,Does not want to disclose,FALSE,Medicaid,Yes,
,Female,22,1,0,0,0,Hispanic,Dallas,75231,"Under $26,700",FALSE,Medicaid,Yes,
,Male,27,2,0,0,0,Hispanic,Dallas,75231,"$26,701 - $44,500",FALSE,Prefer Not to Answer,No,
,Female,33,2,1,1,1,Hispanic,Dallas,75231,Unknown,FALSE,Uninsured,No,
,Female,44,2,0,2,0,Hispanic,Dallas,75231,"Under $26,700",FALSE,Medicaid,No,
,Female,21,2,1,0,0,Hispanic,Dallas,75231,"$26,701 - $44,500",FALSE,Uninsured,No,
,Female,25,1,3,1,0,White,Dallas,75231,"Under $26,700",FALSE,Medicaid,Prefer Not to Answer,
,Female,27,2,1,2,0,Hispanic,Dallas,75231,Unknown,FALSE,Medicaid,No,
,Female,29,2,1,2,0,Hispanic,Dallas,75231,"Under $26,700",FALSE,Medicaid,No,
,Female,31,1,2,2,0,Hispanic,Dallas,75231,Unknown,FALSE,Medicaid,Yes,
,Female,31,2,2,2,0,Hispanic,Dallas,75231,"Under $26,700",FALSE,Medicaid,Yes,
,Female,32,2,1,1,0,Hispanic,Dallas,75231,"$26,701 - $44,500",FALSE,Medicaid,No,
,Female,32,1,0,3,0,Hispanic,Dallas,75231,Unknown,FALSE,Uninsured,No,
,Female,33,2,1,2,0,Hispanic,Dallas,75231,"$26,701 - $44,500",FALSE,CHIP,No,
,Female,33,2,1,0,0,Hispanic,Dallas,75217,"Under $26,700",FALSE,Uninsured,No,
,Female,34,7,1,2,2,Hispanic,Dallas,75231,"$26,701 - $44,500",FALSE,Medicaid,Yes,
,Female,34,2,1,1,1,Hispanic,Dallas,75231,"$26,701 - $44,500",FALSE,Medicaid,No,
,Female,34,1,1,0,0,Hispanic,Dallas,75231,Unknown,FALSE,Medicaid,No,
,Female,35,2,2,2,0,Hispanic,Dallas,75227,"$26,701 - $44,500",FALSE,Medicaid,No,
,Female,35,2,1,0,0,Hispanic,Dallas,75228,"Over $71,200",FALSE,Uninsured,No,
,Female,36,2,1,1,1,Hispanic,Dallas,75231,Does not want to disclose,FALSE,Uninsured,No,
,Female,36,2,1,1,2,Hispanic,Dallas,75231,Unknown,FALSE,Uninsured,No,
,Female,37,2,5,0,0,Hispanic,Dallas,75231,Unknown,FALSE,Medicaid,No,
,Female,38,3,1,0,0,Hispanic,Dallas,75231,Does not want to disclose,FALSE,Uninsured,No,
,Female,39,2,2,1,0,Hispanic,Dallas,75231,"Under $26,700",FALSE,Prefer Not to Answer,Yes,
,Female,40,2,1,1,1,Hispanic,Dallas,75231,"Under $26,700",FALSE,Medicaid,No,
,Female,40,4,1,1,0,White,Dallas,75231,Unknown,FALSE,Prefer Not to Answer,No,
,Female,42,2,1,1,0,Hispanic,Dallas,75231,"$26,701 - $44,500",FALSE,Uninsured,No,
,Female,42,2,2,2,0,Hispanic,Dallas,75231,"$26,701 - $44,500",FALSE,Medicaid,Yes,
,Female,42,2,1,1,1,Hispanic,Dallas,75231,"Under $26,700",FALSE,Uninsured,No,
,Female,43,3,1,2,2,Hispanic,Dallas,75231,Unknown,FALSE,Prefer Not to Answer,Yes,
,Female,44,2,1,1,2,Hispanic,Dallas,75231,"Under $26,700",FALSE,Medicaid,Yes,
,Female,44,2,0,1,2,Hispanic,Dallas,75231,"Under $26,700",FALSE,Prefer Not to Answer,Yes,
,Female,45,2,0,2,1,Hispanic,Dallas,75231,Unknown,FALSE,Uninsured,No,
,Female,45,2,1,2,1,Hispanic,Dallas,75231,"$26,701 - $44,500",FALSE,Medicaid,Yes,
,Female,46,2,1,0,2,Hispanic,Dallas,75231,"$26,701 - $44,500",FALSE,Medicaid,Yes,
,Female,46,1,1,1,0,Hispanic,Dallas,75231,"Under $26,700",FALSE,Uninsured,Yes,
,Female,49,2,0,1,2,Hispanic,Dallas,75231,Does not want to disclose,FALSE,Medicaid,No,
,Female,50,2,0,1,0,Hispanic,Dallas,75231,Unknown,FALSE,Medicaid,Yes,
,Female,50,2,0,1,1,Hispanic,Dallas,75231,Unknown,FALSE,Uninsured,No,
,Female,51,4,0,0,1,Hispanic,Dallas,75231,Unknown,FALSE,Uninsured,No,
,Female,65,3,0,3,3,Two or More Races,Dallas,75231,Unknown,FALSE,Medicaid,No,
,Female,67,2,0,1,0,Hispanic,Dallas,75231,"Under $26,700",FALSE,Medicaid,No,
,Female,Unknown,2,1,1,0,Two or More Races,Dallas,75254,Unknown,FALSE,Medicaid,No,
,Female,Unknown,1,1,0,0,Prefer Not to Answer,Dallas,75254,Unknown,FALSE,Prefer Not to Answer,Prefer Not to Answer,
,Female,Unknown,4,1,0,1,Black or African American,Dallas,75254,Unknown,FALSE,CHIP,No,
,Female,25,3,1,0,0,Hispanic,Dallas,75254,Unknown,FALSE,Prefer Not to Answer,No,
,Female,28,2,3,0,0,Hispanic,Dallas,75254,"$26,701 - $44,500",FALSE,CHIP; Medicaid,No,
,Female,29,2,1,1,0,Hispanic,Dallas,75254,Does not want to disclose,FALSE,Uninsured,No,
,Female,29,2,2,0,0,Hispanic,Dallas,75254,Unknown,FALSE,Prefer Not to Answer,No,
,Female,30,2,1,0,0,Black or African American,Dallas,75254,"$26,701 - $44,500",FALSE,Prefer Not to Answer,No,
,Female,30,1,2,2,0,Hispanic,Dallas,75254,"Under $26,700",FALSE,Uninsured,Yes,
,Female,31,4,1,0,0,Hispanic,Dallas,75254,"$26,701 - $44,500",FALSE,CHIP,No,
,Female,33,2,1,0,0,Hispanic,Dallas,75240,Unknown,FALSE,Uninsured,No,
,Female,34,1,1,1,0,Asian,Dallas,75254,Does not want to disclose,FALSE,Medicaid,No,
,Female,39,1,1,0,0,Black or African American,Dallas,75254,"$26,701 - $44,500",FALSE,Uninsured,No,
,Female,39,3,1,0,0,Black or African American,Dallas,75254,"Under $26,700",FALSE,Other,No,
,Male,42,2,1,1,1,Hispanic,Dallas,75254,"$44,501 - $71,200",FALSE,Uninsured,No,
,Male,42,2,2,0,0,Black or African American,Dallas,75254,"$44,501 - $71,200",FALSE,Private,No,
,Female,43,3,2,1,0,Hispanic,Dallas,75254,Does not want to disclose,FALSE,Prefer Not to Answer,No,
,Female,43,1,1,0,2,Hispanic,Dallas,75254,Does not want to disclose,FALSE,Uninsured,Yes,
,Male,44,2,1,1,0,Black or African American,Dallas,75240,"Under $26,700",FALSE,Private,Prefer Not to Answer,
,Female,44,2,0,3,1,Hispanic,Dallas,75254,Unknown,FALSE,Medicaid,Yes,
,Female,45,3,1,1,1,Hispanic,Dallas,75254,"Under $26,700",FALSE,Medicaid,No,
,Male,47,2,1,0,0,Hispanic,Dallas,75240,Unknown,FALSE,Other,No,
,Male,64,2,0,1,0,Asian,Dallas,75254,"$44,501 - $71,200",FALSE,Medicaid; Private; Other,No,
,Female,68,3,2,1,0,Hispanic,Dallas,75254,Does not want to disclose,FALSE,Prefer Not to Answer,No,
,Female,Unknown,1,1,0,0,Hispanic,Dallas,75254,Unknown,FALSE,Prefer Not to Answer,Prefer Not to Answer,
,Female,20,5,1,1,0,Hispanic,Dallas,75254,Unknown,FALSE,Uninsured,No,
,Female,22,1,1,1,0,Hispanic,Dallas,75254,"Under $26,700",FALSE,Private,No,
,Female,24,2,2,0,0,Hispanic,Dallas,75254,"$44,501 - $71,200",FALSE,Private,No,
,Female,26,1,1,1,0,Hispanic,Dallas,75254,"Under $26,700",FALSE,Uninsured; Other,No,
,Female,27,2,1,0,0,Hispanic,Dallas,75254,"Under $26,700",FALSE,Uninsured,No,
,Female,27,3,1,1,0,Hispanic,Dallas,75254,"Under $26,700",FALSE,CHIP,No,
,Female,28,2,2,0,0,Asian,Dallas,75254,Does not want to disclose,FALSE,Uninsured; Other,No,
,Female,28,2,1,1,0,Hispanic,Dallas,75254,Unknown,FALSE,Medicaid,No,
,Female,29,5,1,2,0,Hispanic,Dallas,75254,Unknown,FALSE,Prefer Not to Answer,No,
,Female,29,3,2,0,0,Hispanic,Dallas,75230,"Under $26,700",FALSE,Uninsured,No,
,Female,30,5,1,0,1,Hispanic,Dallas,75254,"Under $26,700",FALSE,Uninsured,No,
,Female,30,2,1,1,0,Hispanic,Dallas,75254,Unknown,FALSE,Uninsured,No,
,Male,33,2,2,1,0,Hispanic,Dallas,75254,"$26,701 - $44,500",FALSE,Prefer Not to Answer,No,
,Female,34,3,2,0,0,White,Dallas,75240,"$26,701 - $44,500",FALSE,Private,No,
,Female,35,2,2,0,0,Hispanic,Dallas,75254,"$26,701 - $44,500",FALSE,Uninsured,No,
,Female,35,2,2,0,0,Hispanic,Dallas,75254,"$26,701 - $44,500",FALSE,Medicaid,No,
,Female,35,2,3,0,0,Hispanic,Dallas,75217,Unknown,FALSE,Medicaid; Other,Yes,
,Male,36,3,1,1,0,White,Dallas,75254,Unknown,FALSE,Other,No,
,Female,39,5,1,0,0,Hispanic,Dallas,75254,Unknown,FALSE,Prefer Not to Answer,No,
,Male,40,1,1,1,0,Hispanic,Dallas,75254,"$26,701 - $44,500",FALSE,Private,No,
,Female,40,2,1,2,0,Hispanic,Dallas,75254,"Under $26,700",FALSE,Uninsured,No,
,Male,40,1,1,0,1,Hispanic,Dallas,75254,Unknown,FALSE,Prefer Not to Answer,Prefer Not to Answer,
,Female,41,2,0,1,1,Hispanic,Dallas,75254,Unknown,FALSE,Medicaid,Yes,
,Female,43,2,1,0,1,Hispanic,Dallas,75254,Does not want to disclose,FALSE,Prefer Not to Answer,Yes,
,Female,44,3,1,0,0,Hispanic,Dallas,75240,Unknown,FALSE,Prefer Not to Answer,No,
,Female,56,1,1,1,0,Prefer Not to Answer,Dallas,75254,Unknown,FALSE,Private,No,
,Female,57,2,1,1,0,Hispanic,Dallas,75254,Unknown,FALSE,Prefer Not to Answer,No,
,Female,26,2,2,1,1,Hispanic,Dallas,75216,Unknown,FALSE,Medicaid,No,
,Female,26,5,2,1,0,Hispanic,Dallas,75203,Unknown,FALSE,Medicaid,Yes,
,Female,28,2,1,0,0,Hispanic,Dallas,75203,Unknown,FALSE,Prefer Not to Answer,Prefer Not to Answer,
,Male,28,2,1,1,0,Hispanic,Dallas,75203,"Under $26,700",FALSE,Medicaid,Yes,
,Female,30,3,0,1,0,Hispanic,Dallas,75203,"$26,701 - $44,500",FALSE,Prefer Not to Answer,Prefer Not to Answer,
,Female,30,4,1,0,0,Hispanic,Dallas,75203,Unknown,FALSE,Prefer Not to Answer,No,
,Male,30,2,2,1,0,Hispanic,Dallas,75203,"$26,701 - $44,500",FALSE,Medicaid,Prefer Not to Answer,
,Female,31,2,1,1,0,Hispanic,Dallas,75203,Does not want to disclose,FALSE,Prefer Not to Answer,Prefer Not to Answer,
,Female,35,2,0,1,0,Hispanic,Dallas,75203,"Under $26,700",FALSE,Prefer Not to Answer,Prefer Not to Answer,
,Female,35,2,1,1,0,Hispanic,Dallas,75216,"$26,701 - $44,500",FALSE,Medicaid,No,
,Female,35,2,1,1,0,Hispanic,Dallas,75203,Unknown,FALSE,Medicaid,No,
,Female,36,2,1,0,0,Hispanic,Dallas,75203,Does not want to disclose,FALSE,Prefer Not to Answer,No,
,Female,37,2,1,1,1,Hispanic,Dallas,75211,"Under $26,700",FALSE,Uninsured,No,
,Male,37,2,1,1,0,Hispanic,Dallas,75203,Unknown,FALSE,Medicaid,Prefer Not to Answer,
,Female,38,2,1,0,0,Hispanic,Dallas,75203,Does not want to disclose,FALSE,Medicaid,Yes,
,Female,38,2,1,1,3,Hispanic,Dallas,75203,Unknown,FALSE,Medicaid,No,
,Female,38,5,0,1,1,Hispanic,Dallas,75203,"Under $26,700",FALSE,CHIP,No,
,Female,39,2,2,0,0,Hispanic,Dallas,75203,"Over $71,200",FALSE,Prefer Not to Answer,No,
,Female,43,1,0,1,2,Hispanic,Dallas,75203,"Under $26,700",FALSE,Private,No,
,Female,44,2,1,1,0,Hispanic,Dallas,75203,"Under $26,700",FALSE,Medicaid; Uninsured,No,
,Female,46,2,1,0,0,Hispanic,Dallas,75203,Unknown,FALSE,Prefer Not to Answer,Prefer Not to Answer,
,Female,47,2,1,0,0,Hispanic,Dallas,75216,Unknown,FALSE,Medicaid,Yes,
,Female,47,2,0,1,0,Hispanic,Dallas,75203,Does not want to disclose,FALSE,Prefer Not to Answer,No,
,Male,50,2,1,1,0,Hispanic,Dallas,75216,"$26,701 - $44,500",FALSE,Medicaid,Yes,
,Female,57,1,0,1,0,Hispanic,Dallas,75203,"Under $26,700",FALSE,Medicaid,Yes,
,Female,76,3,2,0,0,Hispanic,Dallas,75216,"$26,701 - $44,500",FALSE,Medicaid,Yes,
,Female,28,4,0,2,0,Hispanic,Dallas,75224,Unknown,FALSE,Uninsured,No,
,Female,29,4,1,1,0,Hispanic,Dallas,75216,Unknown,FALSE,Uninsured,No,
,Female,30,2,1,0,0,Hispanic,Dallas,75216,"Under $26,700",FALSE,Uninsured,No,
,Female,31,2,2,0,0,Hispanic,Dallas,75224,"Under $26,700",FALSE,Private,No,
,Female,31,2,1,1,0,White,Dallas,75216,"Over $71,200",FALSE,Private,No,
,Female,32,2,1,0,0,Hispanic,Dallas,75216,"Under $26,700",FALSE,Uninsured,No,
,Female,34,1,1,3,1,Hispanic,Dallas,75223,"Under $26,700",FALSE,Medicaid,Yes,
,Female,35,2,1,0,0,Hispanic,Dallas,75220,Does not want to disclose,FALSE,Medicaid,Prefer Not to Answer,
,Male,36,2,1,0,0,Hispanic,Dallas,75216,"Under $26,700",FALSE,CHIP,No,
,Female,36,2,2,1,2,Hispanic,Dallas,75216,"Under $26,700",FALSE,Medicaid,No,
,Female,37,3,0,1,0,Hispanic,Dallas,75247,Unknown,FALSE,Uninsured,No,
,Female,40,2,1,1,0,Hispanic,Dallas,75216,"Under $26,700",FALSE,Medicaid,No,
,Female,41,2,1,2,1,Hispanic,Dallas,75216,Does not want to disclose,FALSE,Prefer Not to Answer,Yes,
,Female,26,2,1,0,0,Hispanic,Dallas,75232,"Under $26,700",FALSE,Medicaid,Yes,
,Female,26,2,1,0,0,Hispanic,Dallas,75134,"$26,701 - $44,500",FALSE,Uninsured,No,
,Female,27,2,0,1,0,Hispanic,Dallas,75071,Unknown,FALSE,Medicaid,Yes,
,Female,27,1,1,1,0,Hispanic,Dallas,75115,Does not want to disclose,FALSE,Prefer Not to Answer,Prefer Not to Answer,
,Female,28,3,2,1,0,Hispanic,Dallas,75216,"$26,701 - $44,500",FALSE,Medicaid; Uninsured,No,
,Female,28,1,2,0,0,Hispanic,Dallas,75224,Does not want to disclose,FALSE,Uninsured,No,
,Female,28,4,0,1,2,Hispanic,Dallas,75216,"Under $26,700",FALSE,Medicaid,Yes,
,Female,28,4,0,1,2,Hispanic,Dallas,75216,"Under $26,700",FALSE,Medicaid,Yes,
,Female,28,2,2,1,0,Hispanic,Dallas,75208,"Under $26,700",FALSE,Uninsured,Yes,
,Female,29,3,1,0,0,Hispanic,Dallas,75216,Unknown,FALSE,Medicaid,No,
,Male,29,2,1,1,0,Hispanic,Dallas,75115,Does not want to disclose,FALSE,Prefer Not to Answer,Prefer Not to Answer,
,Female,30,1,3,0,0,Hispanic,Dallas,75134,"$26,701 - $44,500",FALSE,Medicaid,No,
,Female,30,2,1,0,0,Hispanic,Dallas,75216,"Under $26,700",FALSE,Uninsured,No,
,Female,31,2,1,1,0,Hispanic,Dallas,75241,"Under $26,700",FALSE,Uninsured,No,
,Prefer Not to Answer,32,2,0,2,0,Hispanic,Dallas,75134,"$44,501 - $71,200",FALSE,CHIP,No,
,Female,32,5,2,1,0,Hispanic,Dallas,75216,"Under $26,700",FALSE,Other,No,
,Female,32,1,2,0,0,Hispanic,Dallas,75216,"$26,701 - $44,500",FALSE,Other,No,
,Female,33,2,2,0,0,Hispanic,Dallas,75241,Unknown,FALSE,Private,No,
,Female,33,2,1,1,0,Hispanic,Dallas,75224,Does not want to disclose,FALSE,Uninsured,No,
,Female,33,2,1,1,0,Hispanic,Dallas,75216,"Under $26,700",FALSE,Prefer Not to Answer,No,
,Male,34,3,0,1,0,Hispanic,Dallas,75216,Does not want to disclose,FALSE,Prefer Not to Answer,Yes,
,Female,34,2,1,1,1,Hispanic,Dallas,75237,"$26,701 - $44,500",FALSE,Medicaid,No,
,Female,35,2,1,0,0,Hispanic,Dallas,75216,Unknown,FALSE,Private; Uninsured,No,
,Female,35,2,1,1,1,Hispanic,Dallas,75115,"Under $26,700",FALSE,Uninsured,No,
,Female,37,2,1,1,1,White,Dallas,75232,"Under $26,700",FALSE,Uninsured,No,
,Female,37,2,0,1,1,Hispanic,Dallas,75224,"$26,701 - $44,500",FALSE,Uninsured,No,
,Female,37,2,3,0,0,Hispanic,Dallas,75224,Unknown,FALSE,Medicaid,Yes,
,Female,38,2,1,3,0,Hispanic,Dallas,75216,"Under $26,700",FALSE,Medicaid,No,
,Female,38,2,1,1,2,Hispanic,Dallas,75134,"$26,701 - $44,500",FALSE,Medicaid,No,
,Female,41,2,1,1,0,Hispanic,Dallas,75236,"$26,701 - $44,500",FALSE,Medicaid,No,
,Female,41,2,0,1,3,Hispanic,Dallas,75216,Does not want to disclose,FALSE,Private,No,
,Female,41,1,1,3,1,Hispanic,Dallas,75241,"Under $26,700",FALSE,Uninsured,No,
,Female,41,2,1,3,0,Hispanic,Dallas,75216,"Under $26,700",FALSE,Medicaid,No,
,Female,41,3,0,2,0,Hispanic,Dallas,75211,Unknown,FALSE,Prefer Not to Answer,No,
,Female,42,2,1,2,0,Hispanic,Dallas,75232,Does not want to disclose,FALSE,Medicaid,Yes,
,Female,42,2,1,3,0,Hispanic,Dallas,75227,"Under $26,700",FALSE,Uninsured,No,
,Male,42,2,1,3,0,Hispanic,Dallas,75227,"Under $26,700",FALSE,Uninsured,No,
,Female,44,1,1,0,0,Hispanic,Dallas,75216,Unknown,FALSE,Medicaid,No,
,Female,48,1,0,0,0,Hispanic,Dallas,75216,Does not want to disclose,FALSE,Private,No,
,Female,59,3,2,0,1,Hispanic,Dallas,75241,"$44,501 - $71,200",FALSE,Uninsured,No,
,Female,32,2,2,0,0,Hispanic,Dallas,75134,"Under $26,700",FALSE,Prefer Not to Answer,No,
,Female,33,2,1,0,0,Hispanic,Dallas,75134,"Under $26,700",FALSE,Medicaid,No,
,Male,37,1,1,1,0,Hispanic,Dallas,75134,Unknown,FALSE,Medicaid,No,
,Female,38,2,0,1,1,Hispanic,Dallas,75146,"$26,701 - $44,500",FALSE,Medicaid,No,
,Female,42,1,1,1,0,Hispanic,Dallas,75134,Unknown,FALSE,Medicaid,No,
,Female,28,1,1,0,0,Hispanic,Dallas,75134,Does not want to disclose,FALSE,Prefer Not to Answer,Prefer Not to Answer,
,Female,Unknown,1,1,0,0,Hispanic,Dallas,75134,Does not want to disclose,FALSE,Prefer Not to Answer,Prefer Not to Answer,
,Female,Unknown,1,1,0,0,Hispanic,Dallas,75134,Does not want to disclose,FALSE,Prefer Not to Answer,Prefer Not to Answer,
,Female,23,4,0,2,2,Hispanic,Dallas,75134,Unknown,FALSE,Other; Prefer Not to Answer,No,
,Female,26,3,0,1,0,Hispanic,Dallas,75134,Unknown,FALSE,Uninsured,Prefer Not to Answer,
,Female,26,1,1,0,0,Hispanic,Dallas,75146,"Over $71,200",FALSE,Other,No,
,Female,27,4,1,1,0,Hispanic,Dallas,75146,Unknown,FALSE,Uninsured,No,
,Male,28,4,1,1,0,Hispanic,Dallas,75146,Unknown,FALSE,Medicaid,No,
,Female,29,6,1,0,0,Hispanic,Dallas,75134,Unknown,FALSE,Uninsured,No,
,Male,30,6,1,0,0,Hispanic,Dallas,75134,Unknown,FALSE,Uninsured,No,
,Male,30,1,2,0,0,Hispanic,Dallas,75134,Does not want to disclose,FALSE,Medicaid,No,
,Female,31,2,1,1,0,Hispanic,Dallas,75134,"$44,501 - $71,200",FALSE,Medicaid,No,
,Female,32,3,0,1,0,Hispanic,Dallas,75241,"Over $71,200",FALSE,Uninsured,No,
,Female,33,3,1,1,1,Hispanic,Dallas,75146,"$26,701 - $44,500",FALSE,Medicaid,No,
,Female,34,1,0,1,0,Hispanic,Dallas,75146,Unknown,FALSE,Uninsured,No,
,Female,34,6,1,1,0,Hispanic,Dallas,75134,Unknown,FALSE,Uninsured,No,
,Female,34,7,3,2,0,Hispanic,Dallas,75241,Does not want to disclose,FALSE,CHIP,No,
,Female,37,2,1,2,1,Hispanic,Dallas,75146,"$26,701 - $44,500",FALSE,Uninsured,Yes,
,Female,37,2,1,1,1,Hispanic,Dallas,75134,Does not want to disclose,FALSE,Uninsured,No,
,Male,38,3,1,1,1,Hispanic,Dallas,75146,"$26,701 - $44,500",FALSE,Medicaid,No,
,Female,39,1,1,0,0,Hispanic,Dallas,75134,"Under $26,700",FALSE,Uninsured,No,
,Female,40,3,2,2,1,Hispanic,Dallas,75134,"$26,701 - $44,500",FALSE,Uninsured,No,
,Male,41,4,2,0,0,Hispanic,Dallas,75146,Unknown,FALSE,Uninsured,No,
,Female,41,4,2,0,0,Hispanic,Dallas,75146,Unknown,FALSE,Uninsured,No,
,Female,41,3,1,2,0,Hispanic,Dallas,75146,"$44,501 - $71,200",FALSE,Private,No,
,Female,41,2,1,1,0,Hispanic,Dallas,75146,"$26,701 - $44,500",FALSE,Prefer Not to Answer,No,
,Female,42,1,0,2,0,Hispanic,Dallas,75146,"$26,701 - $44,500",FALSE,Uninsured,No,
,Female,42,7,1,0,1,Hispanic,Dallas,75134,"Under $26,700",FALSE,Medicaid,Yes,
,Male,43,1,1,0,0,Hispanic,Dallas,75134,"Under $26,700",FALSE,Uninsured,No,
,Female,43,2,2,0,2,Hispanic,Dallas,75146,"$26,701 - $44,500",FALSE,Medicaid,No,
,Female,44,2,0,1,1,Hispanic,Dallas,75146,"$26,701 - $44,500",FALSE,Prefer Not to Answer,No,
,Female,48,4,1,1,0,Hispanic,Dallas,75146,"$26,701 - $44,500",FALSE,Medicaid,No,
,Female,64,1,3,0,0,Prefer Not to Answer,Dallas,75146,Unknown,FALSE,Prefer Not to Answer,No,
,Female,39,2,2,1,0,Hispanic,Dallas,75210,"$26,701 - $44,500",FALSE,Medicaid,Yes,
,Female,20,3,1,0,0,Hispanic,Dallas,75210,"Under $26,700",TRUE,Uninsured,No,
,Female,21,6,1,0,0,Hispanic,Dallas,75215,"$26,701 - $44,500",FALSE,Medicaid,No,
,Female,27,2,2,1,0,Hispanic,Dallas,75210,Unknown,FALSE,Medicaid,Prefer Not to Answer,
,Female,30,2,2,0,0,Hispanic,Dallas,75210,"Under $26,700",FALSE,Uninsured,Yes,
,Female,32,1,2,0,0,Black or African American,Dallas,75215,Does not want to disclose,FALSE,Prefer Not to Answer,Prefer Not to Answer,
,Male,32,2,2,0,0,Black or African American,Dallas,75215,Does not want to disclose,FALSE,Prefer Not to Answer,Prefer Not to Answer,
,Female,33,3,0,2,1,Hispanic,Dallas,75215,"$26,701 - $44,500",FALSE,Prefer Not to Answer,No,
,Male,33,2,1,1,1,Black or African American,Dallas,75210,Unknown,FALSE,Private,No,
,Female,34,1,1,0,0,Prefer Not to Answer,Dallas,75210,Does not want to disclose,FALSE,Prefer Not to Answer,Prefer Not to Answer,
,Female,35,2,2,0,1,Hispanic,Dallas,75212,"Under $26,700",FALSE,Medicaid,Yes,
,Female,35,6,1,2,1,Hispanic,Dallas,75215,"$26,701 - $44,500",FALSE,Uninsured,Yes,
,Female,36,2,1,1,1,Hispanic,Dallas,75215,Does not want to disclose,FALSE,Medicaid,No,
,Female,43,2,2,1,0,Hispanic,Dallas,75210,"Under $26,700",FALSE,Medicaid,Yes,
,Female,43,2,0,0,1,Hispanic,Dallas,75210,"Under $26,700",FALSE,Prefer Not to Answer,No,
,Female,43,5,1,0,2,Hispanic,Dallas,75217,"$26,701 - $44,500",TRUE,Medicaid,Prefer Not to Answer,
,Female,57,1,1,0,0,Hispanic,Dallas,75210,Does not want to disclose,FALSE,Uninsured,No,
,Female,28,2,1,1,1,Hispanic,Dallas,75051,Does not want to disclose,FALSE,Prefer Not to Answer,No,
,Female,35,1,1,2,0,Hispanic,Dallas,75052,"Under $26,700",FALSE,Medicaid,Yes,
,Female,55,1,0,0,1,Hispanic,Dallas,75051,"Under $26,700",FALSE,Prefer Not to Answer,Yes,
,Female,Unknown,1,1,0,0,Hispanic,Dallas,75051,Does not want to disclose,FALSE,Prefer Not to Answer,Prefer Not to Answer,
,Female,80,2,1,0,0,Hispanic,Dallas,75052,"$26,701 - $44,500",FALSE,Medicaid,No,
,Female,Unknown,2,1,0,0,Hispanic,Dallas,75051,Does not want to disclose,FALSE,Prefer Not to Answer,Prefer Not to Answer,
,Female,20,1,1,0,0,Hispanic,Dallas,75051,Unknown,FALSE,Uninsured,No,
,Female,23,5,1,0,0,Hispanic,Dallas,75051,Unknown,FALSE,Prefer Not to Answer,No,
,Female,25,4,1,0,0,Hispanic,Dallas,75057,Does not want to disclose,FALSE,Prefer Not to Answer,No,
,Female,28,5,2,1,0,Hispanic,Dallas,75051,Unknown,FALSE,CHIP,Yes,
,Female,30,2,1,1,0,Hispanic,Dallas,75051,"$26,701 - $44,500",FALSE,Medicaid,No,
,Female,32,2,2,1,0,Hispanic,Dallas,75051,"$26,701 - $44,500",FALSE,Prefer Not to Answer,No,
,Female,35,2,1,0,0,Hispanic,Dallas,75051,"$26,701 - $44,500",FALSE,Uninsured,No,
,Female,38,2,1,1,0,Hispanic,Dallas,75050,Does not want to disclose,FALSE,Uninsured,No,
,Female,39,2,1,0,1,Hispanic,Dallas,75051,"$26,701 - $44,500",FALSE,Medicaid,No,
,Female,39,2,0,2,3,Hispanic,Dallas,75051,"$26,701 - $44,500",FALSE,Prefer Not to Answer,Yes,
,Female,40,2,0,1,0,Hispanic,Dallas,75051,"$26,701 - $44,500",FALSE,Uninsured,No,
,Female,41,4,1,3,0,Hispanic,Dallas,75051,Unknown,FALSE,Uninsured,No,
,Female,42,1,1,1,0,Prefer Not to Answer,Dallas,75031,Does not want to disclose,FALSE,Medicaid; Private,No,
,Female,42,2,0,1,1,Hispanic,Dallas,75052,"$26,701 - $44,500",FALSE,Medicaid,Yes,
,Female,42,2,1,0,0,Hispanic,Dallas,75051,"$44,501 - $71,200",FALSE,Private,No,
,Female,42,6,1,0,1,Hispanic,Dallas,75051,"Under $26,700",FALSE,Prefer Not to Answer,No,
,Female,44,3,0,2,1,Hispanic,Dallas,75051,Unknown,FALSE,Prefer Not to Answer,No,
,Female,46,5,0,2,0,Hispanic,Dallas,75051,"$44,501 - $71,200",FALSE,CHIP,No,
,Female,51,2,1,0,0,Hispanic,Dallas,75051,Does not want to disclose,FALSE,Private,No,
,Female,55,3,2,0,1,Hispanic,Dallas,75051,Unknown,FALSE,Medicaid,No,
,Female,59,1,1,0,0,Hispanic,Dallas,75051,"$44,501 - $71,200",FALSE,Private,No,
,Female,70,2,1,0,0,Hispanic,Dallas,75051,"$26,701 - $44,500",FALSE,Prefer Not to Answer,No,
,Female,71,3,1,1,1,Hispanic,Dallas,76051,Unknown,FALSE,Medicaid,No,
,Female,74,4,1,0,0,Hispanic,Dallas,75051,"$26,701 - $44,500",FALSE,Medicaid,No,
,Male,81,4,1,0,0,Hispanic,Dallas,75051,"Under $26,700",FALSE,Medicaid,No,
,Female,28,5,1,1,0,Hispanic,Dallas,75211,"Under $26,700",FALSE,Medicaid; Private,No,
,Female,27,1,1,0,0,White,Tarrant,76248,"$44,501 - $71,200",FALSE,Private,No,
,Male,27,2,1,0,0,Hispanic,Tarrant,76110,"$44,501 - $71,200",FALSE,Medicaid,No,
,Female,Unknown,1,0,1,1,Hispanic,Tarrant,76115,"$26,701 - $44,500",FALSE,Prefer Not to Answer,No,
,Female,19,3,1,0,0,Two or More Races,Tarrant,76115,Unknown,FALSE,Uninsured,No,
,Female,19,4,1,1,0,Hispanic,Tarrant,76110,Unknown,FALSE,Medicaid,No,
,Female,21,2,1,0,0,Hispanic,Tarrant,76115,Does not want to disclose,FALSE,Medicaid,No,
,Female,23,1,1,0,0,American Indian or Alaska Native,Tarrant,76119,"Under $26,700",FALSE,Prefer Not to Answer,No,
,Female,26,2,1,1,0,Hispanic,Tarrant,76115,"$44,501 - $71,200",FALSE,Prefer Not to Answer,No,
,Female,27,2,0,1,0,Hispanic,Tarrant,76115,Does not want to disclose,FALSE,Prefer Not to Answer,No,
,Male,27,1,1,0,0,Hispanic,Dallas,75219,Does not want to disclose,FALSE,Prefer Not to Answer,No,
,Female,29,2,0,1,0,Hispanic,Tarrant,76119,"$26,701 - $44,500",FALSE,Uninsured,No,
,Female,29,2,1,0,0,Hispanic,Tarrant,76117,"Over $71,200",FALSE,Private,No,
,Female,30,4,1,1,0,Hispanic,Tarrant,76115,Unknown,FALSE,Uninsured,Yes,
,Female,31,1,0,1,0,Hispanic,Tarrant,76115,"Under $26,700",FALSE,Uninsured,No,
,Female,31,3,0,1,0,Hispanic,Tarrant,76115,"Under $26,700",FALSE,Uninsured,No,
,Female,32,3,1,0,0,Hispanic,Tarrant,76115,Unknown,FALSE,Private,No,
,Male,32,2,3,0,0,Two or More Races,Tarrant,76104,"$44,501 - $71,200",FALSE,Private,No,
,Female,32,2,3,0,0,Two or More Races,Tarrant,76104,"$44,501 - $71,200",FALSE,Private,No,
,Female,33,2,2,0,0,Prefer Not to Answer,Tarrant,76115,"Under $26,700",FALSE,Medicaid,Yes,
,Female,33,2,1,2,0,Hispanic,Tarrant,76110,"$26,701 - $44,500",FALSE,Medicaid,No,
,Female,33,2,3,2,1,Hispanic,Tarrant,76110,"$26,701 - $44,500",FALSE,Medicaid,Yes,
,Female,34,2,2,0,0,Hispanic,Tarrant,76119,"$26,701 - $44,500",FALSE,Medicaid,No,
,Female,35,1,0,2,0,Hispanic,Tarrant,76115,Does not want to disclose,FALSE,Prefer Not to Answer,Prefer Not to Answer,
,Female,35,2,1,4,0,Hispanic,Tarrant,76103,"Under $26,700",FALSE,Uninsured,No,
,Female,35,1,0,2,1,Black or African American,Tarrant,76112,"Under $26,700",FALSE,Uninsured,Yes,
,Female,35,3,2,0,0,Hispanic,Tarrant,76779,Unknown,FALSE,Prefer Not to Answer,No,
,Female,35,2,1,0,0,Hispanic,Tarrant,76161,Unknown,FALSE,Uninsured,No,
,Female,36,2,1,1,1,White,Tarrant,76115,Does not want to disclose,FALSE,Prefer Not to Answer,No,
,Female,36,4,0,1,0,Hispanic,Tarrant,76115,Unknown,FALSE,Uninsured,No,
,Female,36,2,2,1,0,Hispanic,Tarrant,76115,"$44,501 - $71,200",FALSE,CHIP; Medicaid,No,
,Female,37,2,2,1,1,Hispanic,Tarrant,76110,Does not want to disclose,FALSE,Uninsured,No,
,Female,38,1,1,1,0,Prefer Not to Answer,Tarrant,76107,"Under $26,700",FALSE,Prefer Not to Answer,Prefer Not to Answer,
,Female,39,2,0,2,0,Hispanic,Tarrant,76115,Unknown,FALSE,Private,No,
,Female,40,4,1,1,0,Hispanic,Tarrant,76110,Does not want to disclose,FALSE,Prefer Not to Answer,No,
,Female,40,2,1,1,0,Hispanic,Tarrant,76115,"Under $26,700",FALSE,Uninsured,No,
,Female,41,2,1,1,1,White,Tarrant,76115,"Under $26,700",FALSE,Medicaid,Yes,
,Female,41,2,2,0,0,White,Tarrant,76115,Does not want to disclose,FALSE,Prefer Not to Answer,Yes,
,Male,41,2,0,1,2,Hispanic,Tarrant,76115,"Over $71,200",FALSE,Private,No,
,Female,41,3,0,1,1,Hispanic,Tarrant,76115,"Under $26,700",FALSE,Medicaid,No,
,Female,43,5,1,1,0,Hispanic,Tarrant,76115,"$26,701 - $44,500",FALSE,Uninsured,No,
,Female,43,2,1,3,2,Hispanic,Tarrant,76115,Unknown,FALSE,Uninsured,No,
,Female,43,4,1,0,0,Hispanic,Tarrant,76115,Unknown,FALSE,Uninsured,No,
,Female,44,2,0,2,1,Hispanic,Tarrant,76115,"Under $26,700",FALSE,Prefer Not to Answer,No,
,Female,44,1,2,0,0,Hispanic,Tarrant,76115,Unknown,FALSE,Prefer Not to Answer,No,
,Female,45,3,0,2,0,Hispanic,Tarrant,76115,"Under $26,700",FALSE,Uninsured,No,
,Female,47,4,0,1,0,Hispanic,Tarrant,76115,Does not want to disclose,FALSE,Medicaid,Yes,
,Female,47,3,0,1,0,White,Tarrant,76115,Unknown,FALSE,Uninsured,No,
,Female,47,4,2,0,0,Hispanic,Tarrant,76115,"$26,701 - $44,500",FALSE,Medicaid,No,
,Female,48,1,1,0,0,Hispanic,Tarrant,76115,Does not want to disclose,FALSE,Prefer Not to Answer,Prefer Not to Answer,
,Female,48,3,0,1,1,Hispanic,Tarrant,76133,Unknown,FALSE,Medicaid,Yes,
,Female,49,2,0,1,0,Hispanic,Tarrant,76115,"$26,701 - $44,500",FALSE,Prefer Not to Answer,No,
,Female,50,2,0,2,0,Hispanic,Tarrant,76134,Unknown,FALSE,Medicaid; Uninsured,No,
,Male,51,1,0,0,1,American Indian or Alaska Native,Tarrant,76115,"$26,701 - $44,500",FALSE,Private,No,
,Female,55,2,0,0,1,Hispanic,Tarrant,76133,Unknown,FALSE,Private,No,
,Female,57,5,1,0,0,Hispanic,Tarrant,76115,Unknown,FALSE,Uninsured,Yes,
,Female,57,1,1,0,0,White,Tarrant,76113,"$44,501 - $71,200",FALSE,Private,No,
,Male,59,4,1,0,0,Hispanic,Tarrant,76118,"Under $26,700",FALSE,Uninsured,No,
,Female,61,1,1,0,0,Prefer Not to Answer,Tarrant,76110,Unknown,FALSE,Prefer Not to Answer,No,
,Female,61,4,1,1,1,Hispanic,Tarrant,76118,Unknown,FALSE,Uninsured,Prefer Not to Answer,
,Female,61,4,1,0,0,Hispanic,Tarrant,76115,Unknown,FALSE,Private,No,
,Female,61,1,1,0,0,Hispanic,Tarrant,76115,Unknown,FALSE,Prefer Not to Answer,No,
,Female,62,1,1,0,0,White,Tarrant,76115,Unknown,FALSE,Prefer Not to Answer,No,
,Female,66,1,1,0,0,Hispanic,Tarrant,76109,"$44,501 - $71,200",FALSE,Other,No,
,Female,66,2,1,1,0,Hispanic,Tarrant,76115,Unknown,FALSE,Uninsured,No,
,Female,67,3,1,0,0,Hispanic,Tarrant,76110,Unknown,FALSE,Uninsured,No,
,Female,72,2,1,0,0,Hispanic,Tarrant,76115,"Under $26,700",FALSE,Uninsured,No,
,Female,76,4,1,0,0,Hispanic,Tarrant,76115,Unknown,FALSE,Uninsured,No,
,Male,Unknown,1,0,1,0,Hispanic,Dallas,75149,Does not want to disclose,FALSE,Prefer Not to Answer,Prefer Not to Answer,
,Female,19,3,1,0,0,Hispanic,Dallas,75149,Unknown,FALSE,Medicaid,No,
,Female,20,4,0,0,1,Hispanic,Dallas,75149,Unknown,FALSE,Other,Prefer Not to Answer,
,Female,30,5,2,1,0,Hispanic,Dallas,75180,Does not want to disclose,FALSE,Uninsured,No,
,Female,32,2,1,1,1,Hispanic,Dallas,75149,"Under $26,700",FALSE,Prefer Not to Answer,No,
,Female,32,2,0,2,0,Hispanic,Dallas,75149,Unknown,FALSE,Uninsured,No,
,Female,32,2,0,2,0,Hispanic,Dallas,75149,Unknown,FALSE,Uninsured,No,
,Female,33,2,1,2,0,Hispanic,Dallas,75149,"$26,701 - $44,500",FALSE,Medicaid,Yes,
,Female,34,2,0,2,0,Hispanic,Dallas,75149,Does not want to disclose,FALSE,Uninsured,No,
,Female,34,2,0,2,1,Hispanic,Dallas,75149,"$44,501 - $71,200",FALSE,Medicaid,No,
,Female,34,2,0,0,2,Hispanic,Dallas,75149,"$44,501 - $71,200",FALSE,Uninsured,No,
,Female,34,1,0,1,0,Hispanic,Dallas,75180,"$44,501 - $71,200",FALSE,Medicaid; Private,No,
,Female,34,2,0,1,1,Hispanic,Dallas,75149,Does not want to disclose,FALSE,Prefer Not to Answer,No,
,Female,37,3,0,1,0,Hispanic,Dallas,75149,Unknown,FALSE,Private,No,
,Male,37,3,0,0,1,Hispanic,Dallas,75149,"$26,701 - $44,500",FALSE,Uninsured,No,
,Female,38,2,0,3,0,Hispanic,Dallas,75180,"Under $26,700",FALSE,Medicaid,Yes,
,Female,39,1,0,2,1,Hispanic,Dallas,75149,"Under $26,700",FALSE,Medicaid,Yes,
,Female,40,1,0,1,0,Hispanic,Dallas,75180,"$44,501 - $71,200",FALSE,Private,No,
,Female,41,1,0,0,1,Hispanic,Dallas,75149,"$26,701 - $44,500",FALSE,Uninsured,No,
,Female,42,2,0,0,1,Hispanic,Dallas,75149,"$26,701 - $44,500",FALSE,Uninsured,No,
,Male,42,2,0,2,0,Hispanic,Dallas,75149,"$26,701 - $44,500",FALSE,Medicaid,No,
,Female,44,2,0,2,1,Hispanic,Dallas,75149,"$26,701 - $44,500",FALSE,Medicaid,Prefer Not to Answer,
,Female,44,1,0,2,1,White,Dallas,75149,Does not want to disclose,FALSE,Uninsured,No,
,Male,45,2,0,2,0,Hispanic,Dallas,75149,Unknown,FALSE,Other,No,
,Female,46,2,0,1,2,Hispanic,Dallas,75149,"$26,701 - $44,500",FALSE,Uninsured,No,
,Male,46,3,0,0,2,Hispanic,Dallas,75149,"$26,701 - $44,500",FALSE,Medicaid,No,
,Female,46,2,1,1,1,Hispanic,Dallas,75149,Does not want to disclose,FALSE,Prefer Not to Answer,No,
,Female,47,4,0,0,1,Hispanic,Dallas,75149,"$44,501 - $71,200",FALSE,Prefer Not to Answer,No,
,Female,47,3,0,0,1,Hispanic,Dallas,75149,"$26,701 - $44,500",FALSE,Uninsured,No,
,Female,47,1,0,1,3,Black or African American,Dallas,75149,"$44,501 - $71,200",FALSE,Prefer Not to Answer,No,
,Female,49,2,0,1,1,Hispanic,Dallas,75149,"Under $26,700",FALSE,Private,Prefer Not to Answer,
,Male,49,3,0,2,1,Hispanic,Dallas,75149,Does not want to disclose,FALSE,Prefer Not to Answer,No,
,Female,51,4,0,0,2,Hispanic,Dallas,75149,Unknown,FALSE,CHIP,No,
,Female,79,2,0,0,1,Hispanic,Dallas,75180,"Under $26,700",FALSE,Medicaid,Yes,
,Female,23,1,0,1,0,Hispanic,Dallas,75149,"$26,701 - $44,500",FALSE,Uninsured,No,
,Female,25,3,0,1,2,Hispanic,Dallas,75149,"Under $26,700",FALSE,Medicaid,Yes,
,Female,27,2,0,2,1,Hispanic,Dallas,75149,"$44,501 - $71,200",FALSE,Other,No,
,Female,30,2,1,1,0,Hispanic,Dallas,75149,"$44,501 - $71,200",FALSE,Medicaid,No,
,Female,30,2,0,1,1,Hispanic,Dallas,75149,"Under $26,700",FALSE,Uninsured,No,
,Female,32,2,0,1,1,Hispanic,Dallas,75149,Unknown,FALSE,Uninsured,Yes,
,Female,33,2,2,2,1,Hispanic,Dallas,75149,"$26,701 - $44,500",FALSE,Other,No,
,Female,34,1,1,1,1,Two or More Races,Dallas,75149,"Over $71,200",FALSE,Private,No,
,Female,35,2,1,2,0,Hispanic,Dallas,75149,"Over $71,200",FALSE,Private,No,
,Female,35,2,1,2,0,Hispanic,Dallas,75149,"$26,701 - $44,500",FALSE,Medicaid,Yes,
,Female,35,2,1,0,2,Hispanic,Dallas,75149,Unknown,FALSE,Medicaid,Yes,
,Female,35,4,0,1,1,White,Dallas,75149,Does not want to disclose,FALSE,Uninsured,No,
,Female,36,2,1,1,0,Hispanic,Dallas,75149,"Over $71,200",FALSE,Uninsured,Prefer Not to Answer,
,Male,36,4,0,1,1,White,Dallas,75149,Does not want to disclose,FALSE,Uninsured,No,
,Female,36,2,0,3,0,Hispanic,Dallas,75149,"$26,701 - $44,500",FALSE,Medicaid,No,
,Female,37,3,0,1,2,Hispanic,Dallas,75149,"$26,701 - $44,500",FALSE,Prefer Not to Answer,No,
,Female,37,2,0,1,1,Hispanic,Dallas,75149,Does not want to disclose,FALSE,Uninsured,No,
,Female,37,2,1,1,1,Hispanic,Dallas,75149,"$26,701 - $44,500",FALSE,Medicaid,No,
,Female,37,2,0,3,0,Hispanic,Dallas,75149,"$44,501 - $71,200",FALSE,Medicaid,No,
,Female,38,2,1,1,1,Hispanic,Dallas,75149,Unknown,FALSE,Medicaid,Yes,
,Female,38,2,1,2,1,Hispanic,Dallas,75149,"$26,701 - $44,500",FALSE,Medicaid,Yes,
,Female,38,2,1,1,1,Hispanic,Dallas,75149,"Under $26,700",FALSE,Medicaid,No,
,Female,38,2,1,2,0,Hispanic,Dallas,75149,Does not want to disclose,FALSE,Prefer Not to Answer,No,
,Female,39,1,0,3,2,Hispanic,Dallas,75149,Does not want to disclose,FALSE,Medicaid,No,
,Female,39,1,0,2,1,Hispanic,Dallas,75149,"Under $26,700",FALSE,Medicaid,No,
,Female,39,1,0,1,0,Hispanic,Dallas,75149,"Under $26,700",FALSE,Uninsured,No,
,Female,40,4,0,2,0,Hispanic,Dallas,75149,"$26,701 - $44,500",FALSE,CHIP,Yes,
,Female,40,2,1,1,0,American Indian or Alaska Native,Dallas,75149,Unknown,FALSE,Medicaid,No,
,Female,40,2,0,1,0,Hispanic,Dallas,75149,"$26,701 - $44,500",FALSE,Prefer Not to Answer,No,
,Female,40,2,0,2,1,White,Dallas,75149,Unknown,FALSE,Medicaid,No,
,Male,41,3,1,1,0,Hispanic,Dallas,75149,"$26,701 - $44,500",FALSE,Medicaid,Yes,
,Male,41,2,0,2,1,Hispanic,Dallas,75149,"Under $26,700",FALSE,Medicaid,No,
,Female,41,3,0,2,1,Hispanic,Dallas,75149,"$26,701 - $44,500",FALSE,Private,No,
,Female,41,2,0,0,2,Hispanic,Dallas,75149,Does not want to disclose,FALSE,Prefer Not to Answer,No,
,Female,42,1,0,1,0,Hispanic,Dallas,75149,"Under $26,700",FALSE,Uninsured,No,
,Female,42,3,1,0,2,Hispanic,Dallas,75149,"$26,701 - $44,500",FALSE,Medicaid,No,
,Female,42,3,0,1,2,Hispanic,Dallas,75149,Unknown,FALSE,Other,No,
,Female,42,5,1,2,0,Hispanic,Dallas,75149,Does not want to disclose,FALSE,Prefer Not to Answer,No,
,Female,42,2,0,1,0,Hispanic,Dallas,75149,"Under $26,700",FALSE,Medicaid,Yes,
,Female,42,1,0,1,2,Hispanic,Dallas,75149,"Under $26,700",FALSE,Medicaid,No,
,Female,43,3,0,1,1,Hispanic,Dallas,75149,"$26,701 - $44,500",FALSE,CHIP,No,
,Female,43,2,0,2,0,Hispanic,Dallas,75149,Unknown,FALSE,Other,No,
,Female,43,3,0,1,2,Hispanic,Dallas,75149,"$44,501 - $71,200",FALSE,Prefer Not to Answer,No,
,Female,44,2,0,0,1,Hispanic,Dallas,75149,"$26,701 - $44,500",FALSE,Medicaid,No,
,Female,45,2,1,2,0,Hispanic,Dallas,75149,"$26,701 - $44,500",FALSE,Medicaid,Yes,
,Female,45,4,0,1,0,Hispanic,Dallas,75149,"Over $71,200",FALSE,Private,No,
,Male,45,2,1,1,0,Hispanic,Dallas,75149,"Over $71,200",FALSE,Uninsured,Prefer Not to Answer,
,Female,46,3,0,0,2,Hispanic,Dallas,75149,"$26,701 - $44,500",FALSE,Medicaid,No,
,Female,46,2,2,1,0,Hispanic,Dallas,75149,"Under $26,700",FALSE,Medicaid,No,
,Female,46,3,0,2,1,Hispanic,Dallas,75149,Does not want to disclose,FALSE,Prefer Not to Answer,No,
,Male,46,3,0,1,2,Hispanic,Dallas,75149,"$44,501 - $71,200",FALSE,Prefer Not to Answer,No,
,Female,47,2,0,1,1,Black or African American,Dallas,75149,Does not want to disclose,FALSE,Private,No,
,Female,48,1,2,1,2,Hispanic,Dallas,75149,"Under $26,700",FALSE,Prefer Not to Answer,No,
,Female,48,2,0,0,1,Hispanic,Dallas,75149,"$26,701 - $44,500",FALSE,Prefer Not to Answer,No,
,Female,49,4,0,2,0,Hispanic,Dallas,75149,Does not want to disclose,FALSE,Medicaid,No,
,Female,49,6,0,2,1,Hispanic,Dallas,75149,"Under $26,700",FALSE,Medicaid,No,
,Female,50,2,0,1,0,Hispanic,Dallas,75149,Unknown,FALSE,Uninsured,No,
,Male,51,3,0,1,0,Hispanic,Dallas,75149,"Under $26,700",FALSE,Medicaid,No,
,Female,52,2,0,0,1,Hispanic,Dallas,75149,"Under $26,700",FALSE,Medicaid,No,
,Female,52,3,1,1,0,Hispanic,Dallas,75149,"Under $26,700",FALSE,Medicaid,No,
,Male,52,2,0,3,0,Hispanic,Dallas,75149,"$44,501 - $71,200",FALSE,Medicaid,No,
,Female,55,2,0,1,0,Hispanic,Dallas,75149,Does not want to disclose,FALSE,Uninsured,No,
,Female,56,1,0,1,0,Hispanic,Dallas,75149,"$26,701 - $44,500",FALSE,Other,No,
,Female,56,1,0,0,1,Hispanic,Dallas,75149,Unknown,FALSE,Prefer Not to Answer,Prefer Not to Answer,
,Male,76,2,0,1,0,White,Dallas,75149,"Under $26,700",FALSE,Other,No,
,Female,Unknown,2,1,0,0,Hispanic,Tarrant,76105,Unknown,FALSE,Private,No,
,Male,24,4,0,0,0,Prefer Not to Answer,Dallas,75241,"$26,701 - $44,500",FALSE,Uninsured,No,
,Female,28,3,1,0,0,Hispanic,Dallas,75216,Unknown,FALSE,Private,No,
,Female,29,2,1,1,0,Hispanic,Other,75125,"Over $71,200",FALSE,Private,No,
,Female,30,2,0,0,0,Hispanic,Other,76065,"$44,501 - $71,200",FALSE,Private,No,
,Female,32,5,1,0,0,Hispanic,Other,75126,"$26,701 - $44,500",FALSE,Other,No,
,Female,33,2,1,1,0,Hispanic,Dallas,75060,"Over $71,200",FALSE,Private,No,
,Female,33,2,0,1,1,Hispanic,Dallas,75040,"Over $71,200",FALSE,Uninsured,No,
,Female,33,2,1,2,0,Hispanic,Dallas,75149,"$44,501 - $71,200",FALSE,CHIP,No,
,Female,34,3,3,0,0,Hispanic,Dallas,75149,"Under $26,700",FALSE,Medicaid,No,
,Female,34,5,1,2,0,Hispanic,Dallas,75150,Unknown,FALSE,Medicaid,No,
,Female,35,2,0,2,0,Hispanic,Dallas,75217,"Under $26,700",FALSE,Uninsured,No,
,Female,37,4,1,1,0,Hispanic,Dallas,75211,Does not want to disclose,FALSE,Prefer Not to Answer,No,
,Female,38,4,0,2,1,Hispanic,Dallas,75104,"Over $71,200",FALSE,Private,No,
,Female,38,2,0,2,1,Hispanic,Dallas,75061,"$26,701 - $44,500",FALSE,Medicaid,No,
,Female,39,2,0,2,2,Hispanic,Dallas,75211,"$26,701 - $44,500",FALSE,Medicaid,No,
,Female,40,5,0,2,1,Hispanic,Dallas,76119,"Over $71,200",FALSE,Uninsured,No,
,Female,40,3,1,0,1,Hispanic,Collin,75074,Unknown,FALSE,Prefer Not to Answer,Prefer Not to Answer,
,Female,40,3,0,0,2,Hispanic,Tarrant,76018,"$26,701 - $44,500",FALSE,Private,No,
,Female,42,2,0,1,0,Hispanic,Dallas,75287,Does not want to disclose,FALSE,Prefer Not to Answer,No,
,Female,42,2,0,1,2,Hispanic,Dallas,75419,"$44,501 - $71,200",FALSE,Medicaid,No,
,Female,42,3,1,1,1,Hispanic,Dallas,75216,"$26,701 - $44,500",FALSE,Medicaid,No,
,Female,43,2,0,0,1,Hispanic,Tarrant,76036,Does not want to disclose,FALSE,Private,No,
,Female,44,3,1,0,0,Hispanic,Dallas,75220,"Under $26,700",FALSE,Uninsured,No,
,Female,44,3,0,1,1,White,Dallas,75211,Does not want to disclose,FALSE,Private,No,
,Female,45,4,0,2,0,Hispanic,Dallas,75137,Does not want to disclose,FALSE,Other,No,
,Female,45,3,0,1,1,Hispanic,Dallas,75211,"Over $71,200",FALSE,Private,No,
,Female,46,3,0,1,0,Hispanic,Other,76008,Does not want to disclose,FALSE,Private,No,
,Female,46,4,0,1,0,Hispanic,Dallas,75098,"$44,501 - $71,200",FALSE,Other,No,
,Female,46,3,0,1,1,Hispanic,Dallas,78215,Does not want to disclose,FALSE,Prefer Not to Answer,No,
,Female,46,4,0,0,1,Hispanic,Dallas,75211,Does not want to disclose,FALSE,Private,No,
,Female,48,5,2,0,1,Hispanic,Other,75154,"Over $71,200",FALSE,Private,No,
,Female,50,3,1,0,0,Hispanic,Dallas,75126,Does not want to disclose,FALSE,Other,No,
,Female,51,3,1,0,0,Hispanic,Dallas,75233,"Over $71,200",FALSE,Prefer Not to Answer,No,
,Female,51,4,0,0,0,Hispanic,Dallas,75203,Does not want to disclose,FALSE,Prefer Not to Answer,No,
,Female,51,2,1,0,0,Hispanic,Dallas,75227,"$44,501 - $71,200",FALSE,Prefer Not to Answer,No,
,Female,51,2,0,0,1,Hispanic,Dallas,75241,Does not want to disclose,FALSE,CHIP,No,
,Female,53,4,1,0,0,Hispanic,Dallas,75203,"$26,701 - $44,500",FALSE,Private,No,
,Female,54,2,0,0,1,Hispanic,Dallas,75249,"$44,501 - $71,200",FALSE,Uninsured,No,
,Female,55,3,1,0,0,Hispanic,Other,75401,"$44,501 - $71,200",FALSE,Uninsured,No,
,Female,55,2,1,0,0,Hispanic,Dallas,75089,Unknown,FALSE,CHIP; Medicaid,No,
,Female,60,2,1,0,0,Hispanic,Other,75126,Does not want to disclose,FALSE,Prefer Not to Answer,No,
,Female,61,2,1,0,0,White,Dallas,75206,Unknown,FALSE,Private,No,
,Female,65,3,1,0,0,Hispanic,Dallas,75211,"Under $26,700",FALSE,Private,No,
,Female,Unknown,1,1,0,0,Hispanic,Dallas,75235,Unknown,FALSE,Prefer Not to Answer,Prefer Not to Answer,
,Female,Unknown,1,1,0,0,Hispanic,Dallas,75235,Unknown,FALSE,Prefer Not to Answer,Prefer Not to Answer,
,Female,Unknown,1,1,0,0,Hispanic,Dallas,75235,Unknown,FALSE,Prefer Not to Answer,Prefer Not to Answer,
,Male,Unknown,1,1,0,0,Black or African American,Dallas,75235,Unknown,FALSE,Prefer Not to Answer,Prefer Not to Answer,
,Male,Unknown,1,1,0,0,Hispanic,Dallas,75235,Unknown,FALSE,Prefer Not to Answer,Prefer Not to Answer,
,Female,24,4,1,0,0,Black or African American,Dallas,75212,Does not want to disclose,FALSE,Medicaid,Yes,
,Female,30,3,3,2,0,Hispanic,Dallas,75235,Does not want to disclose,FALSE,Uninsured,No,
,Female,35,2,1,1,0,Hispanic,Dallas,75249,"$26,701 - $44,500",FALSE,Private,No,
,Female,36,2,2,0,0,Hispanic,Dallas,75236,"Over $71,200",FALSE,Private,Prefer Not to Answer,
,Female,41,2,1,0,0,Hispanic,Dallas,75235,"Under $26,700",FALSE,Medicaid; Private,No,
,Female,50,2,1,1,1,Hispanic,Dallas,75235,"Under $26,700",FALSE,Uninsured,No,
,Female,Unknown,1,0,1,0,Hispanic,Dallas,75214,Does not want to disclose,FALSE,Prefer Not to Answer,Prefer Not to Answer,
,Female,28,2,1,1,0,Hispanic,Dallas,75214,Unknown,FALSE,Uninsured,No,
,Female,33,3,2,0,1,Hispanic,Dallas,75206,"Under $26,700",FALSE,Other,No,
,Female,33,2,0,2,0,Hispanic,Dallas,75141,"Under $26,700",FALSE,Uninsured,No,
,Female,35,2,0,1,1,Hispanic,Dallas,75223,Unknown,FALSE,Prefer Not to Answer,No,
,Female,36,7,1,0,0,Hispanic,Dallas,75223,Unknown,FALSE,Uninsured,Yes,
,Female,37,3,0,2,0,Hispanic,Dallas,75214,Unknown,FALSE,Uninsured,No,
,Female,42,4,0,1,0,Hispanic,Dallas,75214,"$26,701 - $44,500",FALSE,CHIP,No,
,Female,42,6,0,1,1,White,Dallas,75223,"Over $71,200",FALSE,Private; Prefer Not to Answer,No,
,Female,43,3,3,1,0,Hispanic,Dallas,75223,Unknown,FALSE,Uninsured,No,
,Female,44,2,0,2,1,Hispanic,Dallas,75227,"Under $26,700",FALSE,Uninsured,No,
,Female,44,2,1,0,0,Hispanic,Dallas,75214,Unknown,FALSE,Uninsured,Yes,
,Female,45,2,0,1,1,Hispanic,Dallas,75210,Unknown,FALSE,Medicaid,Yes,
,Female,46,2,1,1,0,Hispanic,Dallas,75223,"Under $26,700",FALSE,Medicaid,No,
,Female,47,7,0,1,1,Hispanic,Dallas,75223,Unknown,FALSE,Uninsured,No,
,Female,51,4,2,1,0,Hispanic,Dallas,75223,"$44,501 - $71,200",FALSE,Uninsured,No,
,Male,59,3,0,1,0,Hispanic,Denton,75214,"$44,501 - $71,200",FALSE,Private,No,
,Female,23,2,0,0,1,Hispanic,Dallas,75223,"$26,701 - $44,500",FALSE,Other,No,
,Female,25,10,3,0,0,Hispanic,Dallas,75223,Unknown,FALSE,Other,Yes,
,Female,33,2,2,1,0,Hispanic,Dallas,75214,Unknown,FALSE,CHIP,Yes,
,Female,34,2,0,1,1,Hispanic,Dallas,75228,"$26,701 - $44,500",FALSE,Uninsured,No,
,Female,35,5,1,2,0,Hispanic,Dallas,75210,"Under $26,700",FALSE,Medicaid,No,
,Female,36,2,1,3,0,Hispanic,Dallas,75210,Does not want to disclose,FALSE,Medicaid,Yes,
,Male,36,2,0,2,0,Hispanic,Dallas,75214,"$26,701 - $44,500",FALSE,Medicaid,No,
,Female,36,1,0,2,0,Hispanic,Dallas,75223,"$26,701 - $44,500",FALSE,Medicaid,No,
,Female,37,2,1,1,1,Hispanic,Dallas,75214,Unknown,FALSE,CHIP,Yes,
,Female,37,3,1,2,1,Hispanic,Dallas,75223,"$44,501 - $71,200",FALSE,Medicaid,Yes,
,Female,38,2,0,3,1,Hispanic,Dallas,75203,"$26,701 - $44,500",FALSE,Medicaid,No,
,Female,38,7,0,1,1,Hispanic,Dallas,75223,"$26,701 - $44,500",FALSE,Medicaid,No,
,Female,38,2,1,1,1,Hispanic,Dallas,75223,"$44,501 - $71,200",FALSE,CHIP,No,
,Female,39,2,0,0,1,Hispanic,Dallas,75223,"$26,701 - $44,500",FALSE,Other,No,
,Female,41,1,1,2,1,Hispanic,Dallas,75210,"Under $26,700",FALSE,Medicaid,Yes,
,Female,41,4,0,2,0,Hispanic,Dallas,75210,"$26,701 - $44,500",FALSE,Uninsured,No,
,Female,41,3,0,1,1,Two or More Races,Dallas,75223,"$26,701 - $44,500",FALSE,Medicaid,Yes,
,Female,41,3,0,2,0,Hispanic,Dallas,75206,"$44,501 - $71,200",FALSE,CHIP,No,
,Female,45,2,1,0,0,Hispanic,Dallas,75214,Unknown,FALSE,Medicaid,No,
,Male,45,2,0,1,1,Hispanic,Dallas,75206,"Under $26,700",FALSE,Prefer Not to Answer,Yes,
,Female,46,5,0,0,1,Hispanic,Dallas,75223,"$44,501 - $71,200",FALSE,Uninsured,No,
,Female,46,2,0,0,0,Hispanic,Dallas,75223,Unknown,FALSE,Prefer Not to Answer,Yes,
,Male,46,1,0,0,1,Hispanic,Dallas,75223,"$26,701 - $44,500",FALSE,CHIP,No,
,Female,47,3,0,1,1,Hispanic,Dallas,75223,Unknown,FALSE,Medicaid,Yes,
,Female,48,1,0,1,1,Hispanic,Dallas,75224,"Under $26,700",FALSE,Medicaid,Yes,
,Female,48,3,0,0,0,Hispanic,Dallas,75204,"Under $26,700",FALSE,Uninsured,Yes,
,Female,49,2,0,0,1,Hispanic,Dallas,75223,Unknown,FALSE,Private; Other,No,
,Female,49,2,0,1,1,Hispanic,Dallas,75206,"Under $26,700",FALSE,Prefer Not to Answer,Yes,
,Female,51,3,0,1,0,Hispanic,Dallas,75214,"$44,501 - $71,200",FALSE,Private,No,
,Female,53,2,0,1,2,Hispanic,Dallas,75223,"Under $26,700",FALSE,Medicaid,No,
,Female,35,2,1,2,1,Two or More Races,Dallas,75211,"$44,501 - $71,200",FALSE,Uninsured,No,
,Female,Unknown,1,0,0,1,Hispanic,Dallas,75211,Does not want to disclose,FALSE,Prefer Not to Answer,Prefer Not to Answer,
,Female,Unknown,1,0,0,1,Hispanic,Dallas,75211,Does not want to disclose,FALSE,Prefer Not to Answer,Prefer Not to Answer,
,Female,Unknown,1,0,0,1,Hispanic,Dallas,75211,Does not want to disclose,FALSE,Prefer Not to Answer,Prefer Not to Answer,
,Female,32,1,0,1,1,Hispanic,Dallas,75224,"$26,701 - $44,500",FALSE,Medicaid,No,
,Female,36,2,0,1,1,Hispanic,Dallas,75211,"Under $26,700",FALSE,CHIP,No,
,Female,36,2,0,1,1,Hispanic,Dallas,75216,"$44,501 - $71,200",FALSE,Private,No,
,Female,36,2,0,2,1,Hispanic,Dallas,75211,Unknown,FALSE,Other,No,
,Female,37,2,0,1,2,Hispanic,Dallas,75211,Unknown,FALSE,Uninsured,No,
,Male,38,2,0,2,1,Hispanic,Dallas,75211,"$44,501 - $71,200",FALSE,Private,No,
,Female,39,2,0,2,1,Hispanic,Dallas,75224,"Under $26,700",FALSE,Uninsured,No,
,Female,39,2,0,2,1,Hispanic,Dallas,75211,"$26,701 - $44,500",FALSE,Medicaid,No,
,Female,40,5,1,0,1,Hispanic,Dallas,75211,"Over $71,200",FALSE,Uninsured,Yes,
,Female,41,3,0,1,1,Hispanic,Dallas,75211,"$26,701 - $44,500",FALSE,Medicaid,Yes,
,Female,41,3,0,1,3,Hispanic,Dallas,75211,"Under $26,700",FALSE,Medicaid,No,
,Female,43,1,0,0,2,Hispanic,Dallas,75241,Does not want to disclose,FALSE,Medicaid,Yes,
,Female,43,3,0,1,1,Hispanic,Dallas,75211,"Under $26,700",FALSE,Medicaid,No,
,Female,44,6,0,0,3,Hispanic,Dallas,75211,"$26,701 - $44,500",FALSE,Medicaid; Uninsured,No,
,Female,44,6,0,1,1,Hispanic,Dallas,75211,"$26,701 - $44,500",FALSE,Medicaid,No,
,Female,45,1,0,0,1,Hispanic,Dallas,75233,"Under $26,700",FALSE,Medicaid,No,
,Female,46,5,0,1,1,Hispanic,Dallas,75211,"$26,701 - $44,500",FALSE,Prefer Not to Answer,No,
,Female,47,2,0,2,0,Hispanic,Dallas,75116,Does not want to disclose,FALSE,Medicaid,No,
,Female,47,5,0,0,1,Hispanic,Dallas,75211,Unknown,FALSE,Medicaid,Yes,
,Female,47,3,0,0,1,Hispanic,Dallas,75236,"Under $26,700",FALSE,Uninsured,Yes,
,Female,48,5,0,1,2,Hispanic,Dallas,75211,"Under $26,700",FALSE,Medicaid,No,
,Female,48,5,0,0,2,Hispanic,Dallas,75211,Does not want to disclose,FALSE,Prefer Not to Answer,No,
,Female,48,4,0,0,1,Hispanic,Dallas,75216,"$26,701 - $44,500",FALSE,Uninsured,Yes,
,Female,48,4,0,1,1,Hispanic,Dallas,75211,"Under $26,700",FALSE,Medicaid,No,
,Female,48,5,0,2,2,Hispanic,Dallas,75211,Does not want to disclose,FALSE,Uninsured,No,
,Female,49,4,0,0,2,Hispanic,Dallas,75212,Unknown,FALSE,Medicaid,Yes,
,Female,50,2,0,1,2,Hispanic,Dallas,75137,"$44,501 - $71,200",FALSE,Uninsured,Yes,
,Female,50,1,0,2,2,Hispanic,Dallas,75211,Unknown,FALSE,Prefer Not to Answer,Yes,
,Female,50,1,0,2,2,Hispanic,Dallas,75211,Unknown,FALSE,Prefer Not to Answer,Yes,
,Female,52,2,0,0,1,Hispanic,Dallas,75211,"$26,701 - $44,500",FALSE,Prefer Not to Answer,No,
,Female,52,5,0,0,1,Hispanic,Dallas,75211,"Under $26,700",FALSE,Prefer Not to Answer,No,
,Female,52,2,0,0,1,White,Dallas,75211,"$44,501 - $71,200",FALSE,Private,No,
,Female,52,4,0,0,2,Hispanic,Dallas,75211,"$26,701 - $44,500",FALSE,Medicaid,No,
,Female,53,4,0,0,1,Hispanic,Dallas,75211,"$26,701 - $44,500",FALSE,Uninsured,No,
,Female,53,3,0,0,1,Hispanic,Dallas,75211,"$26,701 - $44,500",FALSE,Uninsured,No,
,Female,54,1,0,1,0,Hispanic,Dallas,75211,Does not want to disclose,FALSE,CHIP,Yes,
,Female,55,2,0,0,2,American Indian or Alaska Native,Dallas,75211,"$44,501 - $71,200",FALSE,Private,No,
,Female,57,3,0,0,1,Hispanic,Dallas,75211,"Under $26,700",FALSE,Uninsured,No,
,Female,58,1,1,0,1,Hispanic,Dallas,75211,"$26,701 - $44,500",FALSE,Medicaid,No,
,Female,60,2,0,0,1,Hispanic,Dallas,75211,Unknown,FALSE,Uninsured,No,
,Male,62,4,0,0,1,Hispanic,Dallas,75211,"Under $26,700",FALSE,Uninsured,Yes,
,Female,69,4,0,0,1,Hispanic,Dallas,75211,"Under $26,700",FALSE,CHIP; Medicaid,No,
,Male,49,1,0,1,0,Black or African American,Dallas,75231,Does not want to disclose,FALSE,Prefer Not to Answer,No,
,Female,24,2,2,0,0,Hispanic,Dallas,75081,Unknown,FALSE,Medicaid,No,
,Female,24,1,2,0,0,Hispanic,Dallas,75240,Unknown,FALSE,Prefer Not to Answer,No,
,Female,27,4,1,0,0,Hispanic,Dallas,75042,Does not want to disclose,FALSE,Uninsured,No,
,Female,32,2,2,0,0,Hispanic,Dallas,75080,Unknown,FALSE,Uninsured,No,
,Female,33,2,1,2,1,Hispanic,Dallas,75254,"$26,701 - $44,500",FALSE,Medicaid,No,
,Female,33,2,2,0,0,Prefer Not to Answer,Dallas,75243,Unknown,FALSE,CHIP,No,
,Female,34,5,0,3,0,Black or African American,Dallas,75243,"Under $26,700",FALSE,CHIP; Medicaid,No,
,Female,35,2,1,2,0,Black or African American,Dallas,75243,Does not want to disclose,FALSE,Medicaid,No,
,Female,35,2,0,2,0,Hispanic,Dallas,75243,Does not want to disclose,FALSE,Uninsured,No,
,Female,38,4,0,2,1,Hispanic,Dallas,75240,Unknown,FALSE,Medicaid,No,
,Female,40,1,4,1,0,Hispanic,Dallas,75080,"Under $26,700",FALSE,Medicaid,No,
,Female,40,1,1,0,0,Hispanic,Dallas,75243,"Under $26,700",FALSE,Medicaid,Yes,
,Female,40,2,0,2,0,Hispanic,Dallas,75240,"$44,501 - $71,200",FALSE,Uninsured,No,
,Female,41,1,0,1,3,Hispanic,Dallas,75081,"Under $26,700",FALSE,Uninsured,No,
,Female,41,2,1,0,2,Prefer Not to Answer,Dallas,75240,"$26,701 - $44,500",FALSE,Uninsured,No,
,Female,41,2,0,2,0,Hispanic,Dallas,75042,Unknown,FALSE,CHIP,No,
,Female,42,2,0,1,0,Hispanic,Dallas,75243,"$26,701 - $44,500",FALSE,Uninsured,No,
,Male,42,2,0,1,0,Hispanic,Dallas,75243,"$26,701 - $44,500",FALSE,Uninsured,No,
,Female,43,2,0,1,2,Hispanic,Dallas,75240,Unknown,FALSE,Medicaid,No,
,Female,44,2,1,1,1,Hispanic,Dallas,75240,Unknown,FALSE,Uninsured,No,
,Female,46,2,0,3,0,Hispanic,Dallas,75042,"Under $26,700",FALSE,Medicaid,No,
,Female,46,1,0,2,2,Two or More Races,Dallas,75060,"Under $26,700",FALSE,Medicaid,No,
,Female,47,2,0,2,1,Hispanic,Dallas,75240,Unknown,FALSE,Medicaid,No,
,Male,47,2,0,2,1,Hispanic,Dallas,75240,"$44,501 - $71,200",FALSE,Medicaid,No,
,Female,48,1,1,0,0,Hispanic,Dallas,75246,Does not want to disclose,FALSE,Other,No,
,Female,48,2,1,0,0,Asian,Dallas,75240,"$26,701 - $44,500",FALSE,Prefer Not to Answer,No,
,Female,49,1,0,1,0,Prefer Not to Answer,Dallas,75240,Unknown,FALSE,Uninsured,Prefer Not to Answer,
,Female,49,2,0,1,1,Hispanic,Dallas,75042,Does not want to disclose,FALSE,Medicaid,No,
,Female,50,2,1,1,1,Hispanic,Dallas,75235,"Under $26,700",FALSE,Uninsured,No,
,Female,53,2,0,1,0,White,Dallas,75254,Unknown,FALSE,Medicaid,No,
,Female,65,2,0,1,0,Hispanic,Collin,75023,Does not want to disclose,FALSE,Prefer Not to Answer,No,
,Male,42,5,0,0,2,Hispanic,Dallas,75217,"$26,701 - $44,500",FALSE,Medicaid,No,
,Female,43,5,0,0,2,Hispanic,Dallas,75217,"$26,701 - $44,500",FALSE,Medicaid,No,
,Female,43,2,0,1,1,Hispanic,Dallas,75149,"$44,501 - $71,200",FALSE,Uninsured,No,
,Male,45,2,0,2,0,Hispanic,Dallas,75149,"$44,501 - $71,200",FALSE,Uninsured,No,
,Female,Unknown,1,1,2,0,Hispanic,Dallas,75227,Does not want to disclose,FALSE,Medicaid,Yes,
,Female,27,1,1,0,1,Hispanic,Rockwall,75126,"Over $71,200",FALSE,Private,No,
,Female,28,2,0,1,0,Hispanic,Dallas,75216,"Over $71,200",FALSE,Uninsured,No,
,Female,28,3,1,0,0,Hispanic,Dallas,75217,Unknown,FALSE,Medicaid,No,
,Female,33,2,1,0,1,Hispanic,Dallas,75227,"Over $71,200",FALSE,Private,No,
,Male,33,2,1,0,1,Hispanic,Dallas,75227,"Over $71,200",FALSE,Private,No,
,Female,35,2,1,1,0,Hispanic,Dallas,75217,"$26,701 - $44,500",FALSE,Medicaid,No,
,Female,37,2,0,3,1,Hispanic,Dallas,75149,"$26,701 - $44,500",FALSE,Medicaid,Yes,
,Female,38,2,2,1,1,Hispanic,Dallas,75253,"$26,701 - $44,500",FALSE,Medicaid,Yes,
,Female,39,2,1,0,0,Hispanic,Dallas,75253,Does not want to disclose,FALSE,Prefer Not to Answer,No,
,Female,39,3,1,1,2,Hispanic,Dallas,75227,"$26,701 - $44,500",FALSE,Private,No,
,Female,41,2,2,1,1,Hispanic,Dallas,75181,"$44,501 - $71,200",FALSE,Medicaid,Yes,
,Female,41,2,1,1,0,Hispanic,Dallas,75227,"$44,501 - $71,200",FALSE,Uninsured,Yes,
,Female,41,2,2,0,0,Hispanic,Dallas,75227,"Over $71,200",FALSE,Prefer Not to Answer,No,
,Male,41,2,1,1,0,Hispanic,Dallas,75227,"$44,501 - $71,200",FALSE,Uninsured,Yes,
,Male,42,1,0,2,0,Hispanic,Dallas,75149,"$44,501 - $71,200",FALSE,Prefer Not to Answer,No,
,Male,42,2,0,1,1,Hispanic,Dallas,75217,"$26,701 - $44,500",FALSE,Prefer Not to Answer,No,
,Male,42,4,1,1,0,Hispanic,Dallas,75217,"$26,701 - $44,500",FALSE,Prefer Not to Answer,No,
,Female,43,2,0,1,0,Hispanic,Dallas,75223,"Under $26,700",FALSE,Other,No,
,Female,45,5,0,1,0,Hispanic,Dallas,75181,Does not want to disclose,FALSE,Uninsured,No,
,Female,45,1,1,0,0,Hispanic,Dallas,75041,"$26,701 - $44,500",FALSE,Medicaid,No,
,Female,47,2,0,1,1,Hispanic,Dallas,75217,"$26,701 - $44,500",FALSE,Prefer Not to Answer,No,
,Female,48,2,1,0,1,Hispanic,Dallas,75227,"Over $71,200",FALSE,Medicaid,No,
,Female,48,2,0,2,0,Hispanic,Dallas,75149,Does not want to disclose,FALSE,Medicaid,No,
,Female,49,3,0,1,0,Hispanic,Dallas,75227,"Over $71,200",FALSE,Uninsured,No,
,Female,49,6,1,0,0,Hispanic,Dallas,75217,"Under $26,700",FALSE,Private,No,
,Female,51,2,0,1,0,Hispanic,Dallas,75150,"$26,701 - $44,500",FALSE,CHIP,No,
,Male,51,1,0,1,0,Hispanic,Dallas,75181,"$44,501 - $71,200",FALSE,Uninsured,No,
,Male,52,2,0,1,0,Hispanic,Dallas,75150,Unknown,FALSE,Uninsured,No,
,Female,53,8,0,0,2,Hispanic,Dallas,75227,Does not want to disclose,FALSE,Prefer Not to Answer,No,
,Male,54,2,0,0,1,Hispanic,Dallas,75180,"$26,701 - $44,500",FALSE,Private,No,
,Female,55,3,1,1,2,Hispanic,Dallas,75227,"$26,701 - $44,500",FALSE,Medicaid,No,
,Female,Unknown,6,0,1,2,Hispanic,Tarrant,76106,"$26,701 - $44,500",FALSE,Medicaid,No,
,Female,Unknown,2,1,1,1,Hispanic,Tarrant,76106,"Under $26,700",FALSE,Medicaid,No,
,Female,Unknown,2,0,1,1,Hispanic,Tarrant,76106,Does not want to disclose,FALSE,Uninsured,No,
,Female,23,6,1,1,0,Hispanic,Tarrant,76106,"Under $26,700",FALSE,Uninsured,No,
,Female,25,2,2,0,0,Hispanic,Tarrant,76106,"$44,501 - $71,200",FALSE,Medicaid,No,
,Female,29,2,0,1,0,Hispanic,Tarrant,76106,"$26,701 - $44,500",FALSE,Medicaid,No,
,Female,30,2,1,1,0,Hispanic,Tarrant,76106,"Under $26,700",FALSE,Medicaid,No,
,Female,30,2,0,2,0,Hispanic,Tarrant,76106,"$44,501 - $71,200",FALSE,Uninsured,No,
,Female,30,2,1,1,0,Hispanic,Tarrant,76106,"$26,701 - $44,500",FALSE,Medicaid,Yes,
,Female,32,2,1,3,0,Hispanic,Tarrant,76164,Unknown,FALSE,Prefer Not to Answer,No,
,Female,32,2,0,2,0,Hispanic,Tarrant,76140,"$26,701 - $44,500",FALSE,Uninsured,No,
,Female,32,2,0,2,1,Hispanic,Tarrant,76106,"Under $26,700",FALSE,Prefer Not to Answer,No,
,Female,32,2,2,2,1,White,Tarrant,76106,"Over $71,200",FALSE,Medicaid,No,
,Female,33,2,0,2,0,Hispanic,Tarrant,76106,"Under $26,700",FALSE,Uninsured,No,
,Female,33,2,1,2,0,Hispanic,Tarrant,76106,Unknown,FALSE,Uninsured,No,
,Female,33,2,0,2,1,Hispanic,Tarrant,76106,"Under $26,700",FALSE,Medicaid,No,
,Female,34,2,0,3,1,Hispanic,Tarrant,76106,"Under $26,700",FALSE,CHIP,No,
,Female,34,2,1,2,0,Hispanic,Tarrant,76111,Does not want to disclose,FALSE,Medicaid,Yes,
,Female,34,2,0,2,0,Hispanic,Tarrant,76106,"$44,501 - $71,200",FALSE,Private,No,
,Female,34,2,0,1,1,Hispanic,Tarrant,76164,"$26,701 - $44,500",FALSE,Private,No,
,Female,34,5,0,2,1,Hispanic,Tarrant,76010,"Over $71,200",FALSE,Other,No,
,Female,35,3,1,2,0,Hispanic,Tarrant,76106,"Under $26,700",FALSE,Uninsured,No,
,Female,35,5,0,1,2,Hispanic,Tarrant,76106,"Under $26,700",FALSE,Medicaid,Yes,
,Female,35,2,0,3,0,Hispanic,Tarrant,76106,"Under $26,700",FALSE,Medicaid,No,
,Female,36,3,0,2,0,Hispanic,Tarrant,76106,Unknown,FALSE,Prefer Not to Answer,No,
,Female,36,2,0,1,1,Hispanic,Tarrant,76106,"$26,701 - $44,500",FALSE,Medicaid; Uninsured,Yes,
,Female,37,2,1,2,1,Hispanic,Tarrant,76106,"$26,701 - $44,500",FALSE,Medicaid,No,
,Female,37,4,0,1,1,Hispanic,Tarrant,76106,"Under $26,700",FALSE,Medicaid,No,
,Female,37,2,1,1,1,Hispanic,Tarrant,76111,Unknown,FALSE,Prefer Not to Answer,No,
,Female,37,5,1,1,0,Hispanic,Tarrant,76106,"Under $26,700",FALSE,Uninsured,No,
,Female,38,3,0,2,0,White,Tarrant,76106,"$26,701 - $44,500",FALSE,Uninsured,No,
,Female,40,1,1,2,0,Hispanic,Tarrant,76106,Unknown,FALSE,Medicaid,No,
,Female,42,2,0,1,0,Hispanic,Tarrant,76179,"$26,701 - $44,500",FALSE,Medicaid,No,
,Female,42,2,0,1,0,White,Tarrant,76106,"$26,701 - $44,500",FALSE,Uninsured,No,
,Female,43,2,1,0,2,Hispanic,Tarrant,76105,"$26,701 - $44,500",FALSE,Medicaid,No,
,Female,43,2,0,1,2,Hispanic,Tarrant,76706,"$44,501 - $71,200",FALSE,CHIP,No,
,Female,43,3,3,2,1,Prefer Not to Answer,Tarrant,76114,"Under $26,700",FALSE,Medicaid,Yes,
,Female,43,3,1,1,1,White,Tarrant,76106,Unknown,FALSE,Uninsured,No,
,Female,44,6,2,2,0,Hispanic,Tarrant,76106,"Under $26,700",FALSE,Prefer Not to Answer,Yes,
,Female,44,4,1,0,0,Hispanic,Tarrant,76106,Unknown,FALSE,Medicaid,Yes,
,Female,48,2,0,1,1,Hispanic,Tarrant,76106,"$44,501 - $71,200",FALSE,Other,Prefer Not to Answer,
,Female,48,2,0,3,1,Hispanic,Tarrant,76106,"$26,701 - $44,500",FALSE,Prefer Not to Answer,Yes,
,Female,54,3,1,1,0,Hispanic,Tarrant,76106,Unknown,FALSE,Uninsured,No,
,Female,65,1,1,0,0,Hispanic,Tarrant,76106,Unknown,FALSE,Prefer Not to Answer,No,
,Female,66,3,0,1,1,Hispanic,Tarrant,76106,Does not want to disclose,FALSE,Other,No,
,Female,68,2,0,1,0,Hispanic,Other,75154,Does not want to disclose,FALSE,Prefer Not to Answer,No,
,Female,24,2,1,0,0,White,Dallas,75216,Unknown,FALSE,Prefer Not to Answer,Prefer Not to Answer,
,Female,30,5,0,1,0,Hispanic,Dallas,75234,Does not want to disclose,FALSE,Private,No,
,Female,30,1,1,0,0,Hispanic,Dallas,75218,"$26,701 - $44,500",FALSE,Other,No,
,Female,35,2,2,2,0,White,Dallas,75227,"$26,701 - $44,500",FALSE,Prefer Not to Answer,Prefer Not to Answer,
,Female,36,2,0,2,0,White,Dallas,75050,"$44,501 - $71,200",FALSE,Prefer Not to Answer,Prefer Not to Answer,
,Female,38,2,3,0,0,White,Dallas,75116,"$26,701 - $44,500",FALSE,Prefer Not to Answer,Prefer Not to Answer,
,Female,41,2,0,0,1,Hispanic,Dallas,75050,"$26,701 - $44,500",FALSE,Prefer Not to Answer,Prefer Not to Answer,
,Female,41,3,0,0,1,White,Dallas,75236,Unknown,FALSE,Prefer Not to Answer,Yes,
,Female,49,4,0,2,0,White,Dallas,75211,"Under $26,700",FALSE,Prefer Not to Answer,Prefer Not to Answer,
,Female,50,2,0,0,2,Hispanic,Dallas,75006,"Under $26,700",FALSE,Private,No,
,Female,50,2,0,0,1,Hispanic,Dallas,75216,"$26,701 - $44,500",FALSE,Uninsured,No,
,Female,53,2,0,0,0,Hispanic,Dallas,75216,"Under $26,700",FALSE,Uninsured,Prefer Not to Answer,
,Female,58,4,0,1,0,Hispanic,Dallas,75211,Does not want to disclose,FALSE,Private,No,
,Female,65,5,0,1,0,Prefer Not to Answer,Dallas,75227,Unknown,FALSE,Prefer Not to Answer,No,
,Female,Unknown,3,0,1,0,Hispanic,Dallas,75222,"$26,701 - $44,500",FALSE,Medicaid,No,
,Female,Unknown,2,0,1,0,Asian,Dallas,75043,Does not want to disclose,FALSE,Prefer Not to Answer,No,
,Female,34,3,1,1,0,Hispanic,Dallas,75217,Does not want to disclose,FALSE,Private,No,
,Female,43,3,1,1,0,Hispanic,Dallas,75228,Unknown,FALSE,Medicaid,No,
,Male,50,2,0,0,1,Hispanic,Dallas,75180,"Over $71,200",FALSE,Prefer Not to Answer,No,
,Female,52,3,0,0,1,Hispanic,Dallas,75180,"Over $71,200",FALSE,Uninsured,Prefer Not to Answer,
,Male,53,6,0,1,1,Hispanic,Dallas,75150,"$44,501 - $71,200",FALSE,Uninsured,No,
,Female,42,1,0,0,1,Hispanic,Dallas,75150,"$44,501 - $71,200",FALSE,Other,No,
,Female,45,2,0,0,1,Hispanic,Dallas,75217,"$26,701 - $44,500",FALSE,Uninsured,No,
,Female,42,1,0,0,1,Hispanic,Dallas,75150,"$26,701 - $44,500",FALSE,Uninsured,No,
,Male,42,2,0,0,1,Hispanic,Dallas,75227,"$26,701 - $44,500",FALSE,Other,No,
,Female,39,1,0,2,0,Hispanic,Dallas,75227,"Under $26,700",FALSE,Uninsured,No,
,Female,35,2,1,1,0,Hispanic,Dallas,75228,"Under $26,700",FALSE,Medicaid,No,
,Female,Unknown,1,1,1,0,Hispanic,Dallas,75228,Does not want to disclose,FALSE,Prefer Not to Answer,Yes,
,Female,38,1,1,0,0,Hispanic,Dallas,75150,"$26,701 - $44,500",FALSE,Uninsured,No,
,Male,Unknown,2,0,1,0,Asian,Dallas,75043,"$44,501 - $71,200",FALSE,Prefer Not to Answer,No,
,Female,26,2,1,1,0,Hispanic,Dallas,75150,Does not want to disclose,FALSE,Medicaid,Yes,
,Female,29,2,1,1,0,Hispanic,Dallas,75217,"$26,701 - $44,500",FALSE,Prefer Not to Answer,No,
,Female,30,2,2,1,0,Hispanic,Dallas,75150,Unknown,FALSE,Uninsured,Yes,
,Female,31,2,0,1,2,Hispanic,Tarrant,75216,Unknown,FALSE,Medicaid,Yes,
,Female,31,2,1,2,0,Hispanic,Dallas,75227,"$26,701 - $44,500",FALSE,Uninsured,No,
,Female,32,2,1,2,0,Hispanic,Dallas,75227,"$26,701 - $44,500",TRUE,Uninsured,No,
,Female,32,1,0,1,1,White,Dallas,75150,"$26,701 - $44,500",FALSE,Medicaid,No,
,Female,32,2,0,1,0,Hispanic,Dallas,75228,"$26,701 - $44,500",FALSE,Uninsured,No,
,Female,32,2,0,2,0,Hispanic,Dallas,76228,"$44,501 - $71,200",FALSE,Medicaid,No,
,Female,32,2,1,0,0,Hispanic,Dallas,75150,"Under $26,700",FALSE,Uninsured,No,
,Female,33,2,1,2,1,Hispanic,Dallas,75217,Does not want to disclose,FALSE,Uninsured,No,
,Female,33,2,3,1,0,Hispanic,Dallas,75227,"Under $26,700",FALSE,Medicaid,Yes,
,Female,34,3,0,0,1,Hispanic,Dallas,75228,"Under $26,700",FALSE,Medicaid,No,
,Male,34,2,1,1,0,Hispanic,Dallas,75150,Unknown,FALSE,Medicaid,No,
,Female,35,1,2,2,0,Black or African American,Dallas,75204,Unknown,FALSE,Medicaid,Yes,
,Female,36,2,0,2,0,Hispanic,Dallas,75150,"$26,701 - $44,500",FALSE,Uninsured,No,
,Female,36,1,1,0,1,Hispanic,Dallas,75150,Unknown,FALSE,Medicaid,No,
,Female,36,2,1,0,0,Hispanic,Dallas,75043,Unknown,FALSE,Medicaid,No,
,Female,36,2,1,1,0,Hispanic,Dallas,75180,"$26,701 - $44,500",FALSE,Prefer Not to Answer,No,
,Female,36,1,0,1,1,Black or African American,Dallas,75149,"Over $71,200",FALSE,Other,No,
,Female,37,5,1,8,0,Prefer Not to Answer,Dallas,75228,Unknown,FALSE,Medicaid,Yes,
,Female,37,1,0,1,1,Black or African American,Dallas,75216,"Under $26,700",FALSE,Medicaid,Yes,
,Male,38,2,1,0,0,Hispanic,Dallas,75180,Does not want to disclose,FALSE,Uninsured,No,
,Female,38,2,1,1,0,Hispanic,Dallas,75150,Unknown,FALSE,Medicaid,No,
,Male,38,2,1,2,1,Hispanic,Dallas,75228,"Under $26,700",FALSE,Medicaid,No,
,Male,38,2,1,1,1,Hispanic,Dallas,75228,"$26,701 - $44,500",FALSE,Uninsured,No,
,Female,38,2,0,0,1,Hispanic,Dallas,75253,"$26,701 - $44,500",FALSE,Uninsured,No,
,Female,38,2,0,2,1,Hispanic,Dallas,75150,"Under $26,700",FALSE,Medicaid,Yes,
,Female,38,2,1,0,0,Hispanic,Dallas,75150,"Under $26,700",FALSE,Uninsured,No,
,Female,38,2,0,1,0,Hispanic,Dallas,75150,Unknown,FALSE,Private,No,
,Female,39,2,0,2,1,Hispanic,Dallas,75228,"Under $26,700",FALSE,Uninsured,No,
,Female,39,2,0,1,1,Hispanic,Dallas,75227,Unknown,FALSE,Medicaid,No,
,Female,39,2,1,2,1,Hispanic,Dallas,75228,"Under $26,700",FALSE,Medicaid,No,
,Female,39,2,0,1,0,Hispanic,Dallas,75150,"$26,701 - $44,500",FALSE,Uninsured,Yes,
,Male,40,1,0,1,1,Hispanic,Dallas,75227,Unknown,FALSE,Medicaid,No,
,Male,40,2,1,1,0,Hispanic,Dallas,75180,"$26,701 - $44,500",FALSE,Uninsured,No,
,Female,41,2,0,1,1,Hispanic,Dallas,75150,"$26,701 - $44,500",FALSE,Uninsured,Yes,
,Female,41,3,0,1,0,Black or African American,Dallas,75227,"Under $26,700",FALSE,Prefer Not to Answer,No,
,Female,41,2,1,2,0,Black or African American,Dallas,75043,"$26,701 - $44,500",FALSE,Medicaid,Yes,
,Male,41,2,0,1,1,Hispanic,Dallas,75150,Does not want to disclose,FALSE,Uninsured,No,
,Male,41,1,0,1,0,Hispanic,Dallas,75150,Does not want to disclose,FALSE,Uninsured,No,
,Female,41,2,0,2,0,Hispanic,Dallas,75150,"$44,501 - $71,200",FALSE,Private,No,
,Female,42,4,0,0,1,Hispanic,Dallas,75227,Does not want to disclose,FALSE,Uninsured,No,
,Female,42,1,0,0,1,Hispanic,Dallas,75150,"Under $26,700",FALSE,Medicaid,Yes,
,Female,42,3,0,1,0,Hispanic,Dallas,75210,"$26,701 - $44,500",FALSE,Prefer Not to Answer,No,
,Female,43,2,0,1,0,Hispanic,Dallas,75150,Does not want to disclose,FALSE,Prefer Not to Answer,No,
,Female,43,1,0,0,1,Hispanic,Dallas,75150,"$26,701 - $44,500",FALSE,Medicaid,No,
,Female,43,2,0,1,0,Hispanic,Dallas,75228,Does not want to disclose,FALSE,Prefer Not to Answer,Yes,
,Female,43,4,0,1,0,Hispanic,Dallas,75159,Does not want to disclose,FALSE,Medicaid,No,
,Female,44,2,1,1,0,Hispanic,Dallas,75228,Unknown,FALSE,Medicaid,Yes,
,Female,44,2,1,1,1,Hispanic,Dallas,75228,"$26,701 - $44,500",FALSE,Medicaid,Yes,
,Female,44,3,0,1,0,Hispanic,Dallas,75228,"$26,701 - $44,500",FALSE,Medicaid,No,
,Female,45,3,0,2,1,Hispanic,Dallas,75150,"$26,701 - $44,500",FALSE,Uninsured,No,
,Male,45,2,0,1,1,Hispanic,Dallas,75150,"$26,701 - $44,500",FALSE,Uninsured,No,
,Male,45,3,1,1,0,Hispanic,Dallas,75228,Unknown,FALSE,Medicaid,Yes,
,Female,46,3,1,1,1,Hispanic,Dallas,75227,"$26,701 - $44,500",FALSE,Uninsured,No,
,Female,47,3,0,0,2,Hispanic,Dallas,75217,"$26,701 - $44,500",FALSE,Uninsured,No,
,Female,48,4,1,1,0,Hispanic,Dallas,75217,Unknown,FALSE,Uninsured,Yes,
,Female,48,3,0,2,1,Hispanic,Dallas,75150,Does not want to disclose,FALSE,Uninsured,No,
,Female,48,1,0,0,0,Hispanic,Dallas,75216,Does not want to disclose,FALSE,Private,No,
,Female,49,4,0,1,0,Hispanic,Dallas,75150,Unknown,FALSE,Medicaid,No,
,Female,49,2,0,1,0,Hispanic,Dallas,75150,"$26,701 - $44,500",FALSE,Uninsured,No,
,Male,49,2,0,1,0,Hispanic,Dallas,75150,Unknown,FALSE,Prefer Not to Answer,No,
,Female,50,2,0,1,0,Hispanic,Dallas,75150,Does not want to disclose,FALSE,Prefer Not to Answer,No,
,Female,51,4,0,1,1,Hispanic,Dallas,75228,"$26,701 - $44,500",FALSE,Medicaid,No,
,Female,51,4,0,1,0,Hispanic,Dallas,75227,Does not want to disclose,FALSE,Uninsured,No,
,Female,52,6,0,1,1,Hispanic,Dallas,75150,"$44,501 - $71,200",FALSE,Uninsured,No,
,Female,53,4,0,1,0,Hispanic,Dallas,75150,"Over $71,200",FALSE,Private,No,
,Female,53,4,0,1,0,Hispanic,Dallas,75150,"Over $71,200",FALSE,Private,No,
,Female,53,2,0,0,1,Hispanic,Dallas,75150,Unknown,FALSE,Medicaid,No,
,Female,54,2,0,0,1,Hispanic,Dallas,75227,"Under $26,700",FALSE,Uninsured,No,
,Female,57,1,0,3,0,Black or African American,Dallas,75227,"$44,501 - $71,200",FALSE,Medicaid,No,
,Female,59,4,0,1,0,Hispanic,Dallas,75253,"Under $26,700",FALSE,CHIP; Uninsured,Prefer Not to Answer,
,Female,30,2,2,0,0,Hispanic,Tarrant,76119,Unknown,FALSE,Prefer Not to Answer,No,
,Female,32,1,1,1,0,Black or African American,Tarrant,76112,"Under $26,700",FALSE,CHIP,Yes,
,Female,36,2,0,2,0,Hispanic,Tarrant,76105,Unknown,FALSE,Uninsured,No,
,Male,38,2,2,0,0,Hispanic,Tarrant,76119,Unknown,FALSE,Prefer Not to Answer,No,
,Male,40,1,0,1,0,Black or African American,Tarrant,76105,"$26,701 - $44,500",FALSE,Other,No,
,Male,44,2,1,2,1,Hispanic,Tarrant,76119,"$26,701 - $44,500",FALSE,Medicaid,No,
,Female,Unknown,1,1,0,0,Hispanic,Tarrant,76119,Does not want to disclose,FALSE,Prefer Not to Answer,Prefer Not to Answer,
,Male,33,2,1,0,0,Hispanic,Tarrant,76105,"Under $26,700",FALSE,Uninsured,No,
,Female,27,3,2,1,0,Hispanic,Tarrant,76112,"Under $26,700",FALSE,Medicaid; Uninsured,No,
,Female,29,1,1,1,0,Hispanic,Tarrant,76105,Does not want to disclose,FALSE,Prefer Not to Answer,No,
,Female,30,2,1,1,0,Hispanic,Tarrant,76111,"Under $26,700",FALSE,Uninsured,No,
,Female,30,2,1,1,0,Hispanic,Tarrant,76105,"$26,701 - $44,500",FALSE,Medicaid,No,
,Male,31,3,1,2,0,Hispanic,Tarrant,76119,"$26,701 - $44,500",FALSE,CHIP; Uninsured,No,
,Female,31,2,0,3,0,Hispanic,Tarrant,76119,"$26,701 - $44,500",FALSE,Uninsured; Other,No,
,Female,31,4,1,1,0,Hispanic,Tarrant,76105,"$26,701 - $44,500",FALSE,Uninsured,No,
,Female,32,3,3,0,0,Hispanic,Tarrant,76110,"Under $26,700",FALSE,CHIP; Medicaid; Uninsured,No,
,Female,32,2,1,1,0,Hispanic,Tarrant,76112,"$26,701 - $44,500",FALSE,Medicaid; Uninsured,No,
,Male,32,3,1,2,0,Hispanic,Tarrant,76119,"$26,701 - $44,500",FALSE,CHIP; Medicaid; Uninsured,No,
,Female,35,4,0,2,0,Hispanic,Tarrant,76119,Unknown,FALSE,Medicaid,Yes,
,Female,35,2,1,0,0,Hispanic,Tarrant,76119,"$26,701 - $44,500",FALSE,Medicaid,No,
,Male,36,2,1,2,2,Hispanic,Tarrant,76103,"$26,701 - $44,500",FALSE,Uninsured,No,
,Female,36,5,1,1,0,Hispanic,Tarrant,76105,"$44,501 - $71,200",FALSE,Medicaid,No,
,Female,36,2,1,2,1,Black or African American,Tarrant,76104,"Under $26,700",FALSE,CHIP; Medicaid,Yes,
,Female,37,2,1,2,2,Hispanic,Tarrant,76103,"$26,701 - $44,500",FALSE,Uninsured,No,
,Female,37,2,0,3,0,Hispanic,Tarrant,76119,"$26,701 - $44,500",FALSE,Uninsured; Other,No,
,Female,38,4,0,2,0,Hispanic,Tarrant,76112,"Under $26,700",FALSE,Medicaid; Uninsured,No,
,Male,38,2,1,0,0,Hispanic,Tarrant,76119,"$26,701 - $44,500",FALSE,Medicaid,No,
,Female,39,2,3,1,0,Hispanic,Tarrant,76013,"$26,701 - $44,500",FALSE,Medicaid,Yes,
,Female,40,3,0,3,0,Hispanic,Tarrant,76119,"$26,701 - $44,500",FALSE,Medicaid; Uninsured,No,
,Female,41,1,0,0,1,Hispanic,Tarrant,76103,"$26,701 - $44,500",FALSE,CHIP,No,
,Female,42,2,2,0,0,Hispanic,Tarrant,76119,Unknown,FALSE,Uninsured,No,
,Female,43,2,0,3,1,Hispanic,Tarrant,76105,Unknown,FALSE,Uninsured,No,
,Female,45,2,1,2,1,Hispanic,Tarrant,76119,"$26,701 - $44,500",FALSE,Medicaid,No,
,Female,46,2,0,1,0,Hispanic,Tarrant,76119,"Under $26,700",FALSE,Medicaid,Yes,
,Female,48,2,0,1,1,Hispanic,Tarrant,76103,"Under $26,700",FALSE,Medicaid,No,
,Female,49,1,0,1,1,Hispanic,Tarrant,76105,"Under $26,700",FALSE,Medicaid,No,
,Male,51,2,1,0,0,Hispanic,Tarrant,76103,"$26,701 - $44,500",FALSE,Uninsured,No,
,Female,51,3,1,1,0,Hispanic,Tarrant,76105,"Under $26,700",FALSE,Uninsured,No,
,Female,53,2,1,0,0,Hispanic,Tarrant,76103,"$26,701 - $44,500",FALSE,Uninsured,No,
,Female,54,3,0,1,0,Hispanic,Tarrant,76105,"$26,701 - $44,500",FALSE,CHIP; Uninsured,No,
,Male,55,3,0,1,0,Hispanic,Tarrant,76105,"$26,701 - $44,500",FALSE,Uninsured,No,
,Female,27,3,1,2,0,Hispanic,Dallas,75231,Unknown,FALSE,Prefer Not to Answer,No,
,Female,33,5,0,3,0,Hispanic,Dallas,75234,Unknown,FALSE,Uninsured,No,
,Female,34,3,1,0,0,American Indian or Alaska Native,Dallas,75112,Does not want to disclose,FALSE,Uninsured,Prefer Not to Answer,
,Female,35,2,1,0,0,Hispanic,Dallas,75231,"Under $26,700",FALSE,Uninsured,Prefer Not to Answer,
,Female,36,1,1,0,0,Hispanic,Dallas,75231,"Under $26,700",FALSE,Uninsured,No,
,Female,38,2,1,2,0,Hispanic,Dallas,75231,"Under $26,700",FALSE,Medicaid,Yes,
,Female,39,2,1,0,0,Hispanic,Dallas,75231,"Under $26,700",FALSE,Uninsured,No,
,Female,40,2,0,2,1,Hispanic,Dallas,75231,"$44,501 - $71,200",FALSE,Medicaid,No,
,Female,41,2,1,0,0,Hispanic,Dallas,75231,"Under $26,700",FALSE,Uninsured,No,
,Female,42,2,1,3,0,Hispanic,Dallas,75321,Does not want to disclose,FALSE,Prefer Not to Answer,Yes,
,Female,43,2,1,1,0,Hispanic,Dallas,75231,"Under $26,700",FALSE,Uninsured,No,
,Female,44,2,0,3,0,Hispanic,Dallas,75231,"Under $26,700",FALSE,Medicaid,No,
,Female,44,2,1,1,2,Hispanic,Dallas,75231,"Under $26,700",FALSE,Medicaid,Yes,
,Female,44,2,0,1,2,Hispanic,Dallas,75150,"Under $26,700",FALSE,Uninsured,No,
,Female,46,3,0,1,0,Hispanic,Dallas,75231,Does not want to disclose,FALSE,Prefer Not to Answer,No,
,Female,48,4,0,1,1,Hispanic,Dallas,75231,Unknown,FALSE,CHIP,No,
,Female,49,2,4,0,0,Hispanic,Dallas,75217,Unknown,FALSE,Uninsured,No,
,Female,50,2,0,1,1,Hispanic,Dallas,75231,Unknown,FALSE,Uninsured,No,
,Male,51,1,0,0,1,Hispanic,Dallas,75231,"$26,701 - $44,500",FALSE,Medicaid,No,
,Female,51,4,0,0,1,Hispanic,Dallas,75231,Unknown,FALSE,Uninsured,No,
,Female,62,2,0,1,0,Hispanic,Dallas,75321,"Under $26,700",FALSE,Uninsured,No,
,Female,65,4,0,1,1,Hispanic,Dallas,75231,Unknown,FALSE,Uninsured,No,
,Female,73,4,0,3,0,Hispanic,Dallas,75231,"Under $26,700",FALSE,Uninsured,No,
,Prefer Not to Answer,20,2,1,0,0,Hispanic,Dallas,75212,Unknown,FALSE,Medicaid,Yes,
,Female,40,2,0,3,0,Hispanic,Dallas,75212,"Under $26,700",FALSE,Medicaid,No,
,Female,43,2,0,2,2,Hispanic,Dallas,75212,Unknown,FALSE,Medicaid,Yes,
,Female,49,3,0,2,1,Hispanic,Dallas,75235,"Under $26,700",FALSE,Medicaid,No,
,Female,34,3,0,2,0,Hispanic,Dallas,75212,"$26,701 - $44,500",FALSE,Private,No,
,Female,36,2,1,1,0,Hispanic,Dallas,75212,"$26,701 - $44,500",FALSE,CHIP,No,
,Female,36,4,1,0,1,Hispanic,Dallas,75212,"Under $26,700",FALSE,Uninsured,No,
,Female,38,3,0,1,2,Hispanic,Dallas,75224,"$44,501 - $71,200",FALSE,Other,No,
,Female,39,5,0,2,1,Hispanic,Dallas,75212,Does not want to disclose,FALSE,Medicaid,No,
,Female,42,2,2,1,2,Hispanic,Dallas,75212,Does not want to disclose,FALSE,Medicaid,Yes,
,Female,42,3,1,1,1,White,Dallas,75212,"$26,701 - $44,500",FALSE,Uninsured,No,
,Female,43,1,0,1,2,Hispanic,Dallas,75212,"$26,701 - $44,500",FALSE,Medicaid,Yes,
,Female,44,3,0,1,2,Hispanic,Dallas,75212,"$26,701 - $44,500",FALSE,Medicaid,No,
,Female,44,2,0,3,0,Hispanic,Dallas,75205,"$26,701 - $44,500",FALSE,Medicaid,No,
,Female,45,3,0,2,2,Hispanic,Dallas,75212,Unknown,FALSE,Uninsured,No,
,Female,45,2,0,3,4,Hispanic,Dallas,75212,"$26,701 - $44,500",FALSE,Medicaid,Yes,
,Female,45,1,2,0,2,Hispanic,Dallas,75212,"Under $26,700",FALSE,Medicaid,No,
,Female,45,2,0,0,1,Hispanic,Dallas,75216,"$26,701 - $44,500",FALSE,Medicaid; Other,No,
,Female,46,2,0,1,1,Hispanic,Dallas,75216,Unknown,FALSE,Uninsured,No,
,Female,46,3,0,1,1,Hispanic,Dallas,75212,"$26,701 - $44,500",FALSE,Private,No,
,Female,47,2,0,1,1,Hispanic,Dallas,75212,Unknown,FALSE,Uninsured,Yes,
,Female,48,2,0,1,2,Hispanic,Dallas,75212,"Under $26,700",FALSE,Medicaid,No,
,Female,48,3,0,2,0,Hispanic,Dallas,75212,"$26,701 - $44,500",FALSE,Medicaid,No,
,Female,51,3,0,0,2,Hispanic,Dallas,75212,Unknown,FALSE,Medicaid; Private,No,
,Female,53,2,0,0,1,Hispanic,Dallas,75208,"$26,701 - $44,500",FALSE,Uninsured,No,
,Female,59,3,0,0,1,White,Dallas,75212,Unknown,FALSE,Prefer Not to Answer,No,
,Female,59,4,0,0,1,Hispanic,Dallas,75212,"Under $26,700",FALSE,Uninsured,Yes,
,Male,19,2,0,0,0,Hispanic,Dallas,75234,Unknown,FALSE,Uninsured,No,
,Female,20,3,0,0,0,Hispanic,Dallas,75007,"Under $26,700",FALSE,Uninsured,No,
,Female,27,4,2,0,0,Hispanic,Dallas,75234,Unknown,FALSE,Medicaid,Yes,
,Female,28,3,1,0,1,Hispanic,Dallas,75229,"Under $26,700",FALSE,CHIP,No,
,Female,29,2,1,3,0,Hispanic,Dallas,75007,"Under $26,700",FALSE,Medicaid,No,
,Female,31,4,0,2,0,Hispanic,Dallas,75234,"Under $26,700",FALSE,Uninsured,No,
,Female,31,4,1,3,3,Hispanic,Dallas,75234,"$44,501 - $71,200",FALSE,CHIP,Prefer Not to Answer,
,Male,31,2,1,3,0,Hispanic,Dallas,75007,Does not want to disclose,FALSE,Medicaid,No,
,Female,33,2,0,1,1,Hispanic,Dallas,75234,"$26,701 - $44,500",FALSE,Medicaid,No,
,Female,35,2,0,1,0,Hispanic,Dallas,75229,Does not want to disclose,FALSE,Uninsured,No,
,Female,35,1,2,1,0,Hispanic,Dallas,75006,"Under $26,700",FALSE,Uninsured,No,
,Female,37,2,0,3,1,Hispanic,Dallas,75234,"Under $26,700",FALSE,Medicaid,No,
,Female,39,3,0,1,1,Hispanic,Dallas,75234,Unknown,FALSE,Uninsured,No,
,Female,41,4,1,1,0,Hispanic,Dallas,75234,Does not want to disclose,FALSE,Private,No,
,Female,43,3,0,1,1,Hispanic,Dallas,75007,"Under $26,700",FALSE,Medicaid,Yes,
,Male,46,3,0,1,1,Hispanic,Dallas,75007,"Under $26,700",FALSE,Medicaid,Yes,
,Female,47,3,0,2,0,Hispanic,Dallas,75287,Does not want to disclose,FALSE,Private; Uninsured,No,
,Female,49,2,0,0,1,Hispanic,Dallas,75229,"Under $26,700",FALSE,Uninsured,No,
,Female,Unknown,1,0,0,0,Prefer Not to Answer,Denton,75287,Unknown,FALSE,Prefer Not to Answer,Prefer Not to Answer,
,Female,19,2,0,1,1,Hispanic,Dallas,75227,Does not want to disclose,FALSE,Medicaid,Yes,
,Female,27,6,0,2,0,Hispanic,Dallas,75287,Unknown,FALSE,Other,No,
,Female,29,2,0,2,0,Hispanic,Dallas,75287,Unknown,FALSE,Uninsured,No,
,Female,34,4,1,1,0,Hispanic,Dallas,75287,"Under $26,700",FALSE,Other,No,
,Female,36,2,1,0,0,Hispanic,Dallas,75287,"Under $26,700",FALSE,Other,No,
,Male,39,6,0,1,0,Hispanic,Dallas,75287,"Under $26,700",FALSE,Other,No,
,Female,56,3,0,0,0,Hispanic,Dallas,75287,"Under $26,700",FALSE,Other,No,
,Female,67,1,1,0,0,Hispanic,Dallas,75287,"Under $26,700",FALSE,Other,No,
,Female,29,4,0,2,0,Hispanic,Dallas,75234,"$44,501 - $71,200",FALSE,Other,No,
,Female,30,6,1,1,0,Hispanic,Dallas,75287,Unknown,FALSE,Other,No,
,Female,31,2,0,1,0,Hispanic,Dallas,75006,"$26,701 - $44,500",FALSE,Uninsured,No,
,Female,32,2,0,2,0,Hispanic,Dallas,75287,Unknown,FALSE,Other,No,
,Female,32,3,1,0,0,Hispanic,Dallas,75287,"Under $26,700",FALSE,Other,No,
,Female,33,2,1,1,0,Hispanic,Dallas,75287,"Under $26,700",FALSE,Other,No,
,Female,34,6,0,1,0,Hispanic,Dallas,75287,"Under $26,700",FALSE,Other,No,
,Female,36,2,0,1,0,White,Denton,75287,"$26,701 - $44,500",FALSE,Private,No,
,Male,37,2,0,2,0,Hispanic,Dallas,75287,"Under $26,700",FALSE,Private,No,
,Female,43,4,0,1,0,Hispanic,Dallas,75287,Unknown,FALSE,Uninsured,No,
,Female,43,3,0,1,1,Hispanic,Collin,75287,"$44,501 - $71,200",FALSE,Medicaid,No,
,Female,44,2,0,2,0,Hispanic,Dallas,75287,"Under $26,700",FALSE,Private,No,
,Male,46,2,0,1,0,Hispanic,Dallas,75287,"$26,701 - $44,500",FALSE,Uninsured,No,
,Female,53,2,0,1,1,Hispanic,Dallas,75006,"$44,501 - $71,200",FALSE,Medicaid,No,
,Female,54,2,0,1,1,Hispanic,Denton,75287,"$26,701 - $44,500",FALSE,Uninsured,No,
,Male,57,2,0,1,1,Hispanic,Dallas,75006,"$44,501 - $71,200",FALSE,Medicaid,No,
,Female,37,1,0,3,1,Hispanic,Dallas,75007,"Under $26,700",FALSE,Medicaid,Yes,
,Female,40,2,2,1,1,Hispanic,Denton,75007,"$26,701 - $44,500",FALSE,Medicaid,No,
,Female,42,3,0,2,0,Hispanic,Denton,75007,Does not want to disclose,FALSE,Prefer Not to Answer,No,
,Female,39,3,0,1,0,Hispanic,Dallas,75007,Does not want to disclose,FALSE,Medicaid,No,
,Female,Unknown,3,0,1,1,Hispanic,Denton,75007,"Under $26,700",FALSE,Prefer Not to Answer,No,
,Male,23,4,0,0,0,Hispanic,Dallas,75203,Unknown,FALSE,Prefer Not to Answer,Prefer Not to Answer,
,Female,26,4,1,1,0,Hispanic,Dallas,75007,"Under $26,700",FALSE,Prefer Not to Answer,No,
,Male,26,2,0,1,0,Hispanic,Dallas,75006,"Under $26,700",FALSE,CHIP,No,
,Female,28,2,0,0,0,Hispanic,Dallas,75006,Does not want to disclose,FALSE,Medicaid,Prefer Not to Answer,
,Female,31,2,0,1,1,Hispanic,Denton,75007,"$26,701 - $44,500",FALSE,CHIP,No,
,Female,34,2,2,1,0,Hispanic,Dallas,75006,Unknown,FALSE,Medicaid,No,
,Female,35,6,1,3,0,Hispanic,Dallas,75007,Unknown,FALSE,Uninsured,No,
,Female,35,2,0,5,1,Hispanic,Denton,75007,Does not want to disclose,FALSE,Medicaid,Yes,
,Female,36,2,2,1,0,Hispanic,Denton,75007,Unknown,FALSE,Uninsured,No,
,Female,36,3,1,1,1,Hispanic,Denton,75007,Unknown,FALSE,Uninsured,No,
,Female,36,2,0,2,0,Hispanic,Dallas,75007,Does not want to disclose,FALSE,Other,No,
,Male,38,2,0,0,0,Hispanic,Dallas,75007,Does not want to disclose,FALSE,Prefer Not to Answer,Prefer Not to Answer,
,Female,40,3,1,2,0,Hispanic,Denton,75007,"$26,701 - $44,500",FALSE,Uninsured,No,
,Female,40,2,0,2,0,Hispanic,Denton,75007,"Under $26,700",FALSE,Private,No,
,Female,42,2,0,1,0,Hispanic,Dallas,75287,Unknown,FALSE,Uninsured,No,
,Female,42,3,1,0,1,Hispanic,Denton,75007,Does not want to disclose,FALSE,Prefer Not to Answer,No,
,Female,44,2,0,1,2,Hispanic,Denton,75007,"$26,701 - $44,500",FALSE,Medicaid,No,
,Female,44,2,0,1,0,Hispanic,Dallas,75006,"Under $26,700",FALSE,Uninsured,No,
,Female,45,2,0,1,0,Hispanic,Denton,75006,Unknown,FALSE,Uninsured,Prefer Not to Answer,
,Female,45,2,1,1,0,Hispanic,Dallas,75007,"$26,701 - $44,500",FALSE,Medicaid,No,
,Female,47,4,0,2,1,Hispanic,Dallas,75007,"$26,701 - $44,500",FALSE,Medicaid,No,
,Female,48,3,0,1,1,Hispanic,Dallas,75007,Unknown,FALSE,Medicaid,No,
,Female,48,3,1,0,1,Hispanic,Dallas,75287,Unknown,FALSE,Medicaid,No,
,Male,48,3,0,0,0,Hispanic,Denton,75007,Does not want to disclose,FALSE,Other,Prefer Not to Answer,
,Female,49,3,0,3,0,Hispanic,Denton,75007,Unknown,FALSE,Medicaid,Yes,
,Female,55,4,1,0,0,Hispanic,Denton,75007,Does not want to disclose,FALSE,Other,No,
,Male,60,3,0,0,0,Hispanic,Denton,75007,"Under $26,700",FALSE,Prefer Not to Answer,No,
,Female,24,2,2,1,0,Asian,Dallas,75231,Unknown,FALSE,Prefer Not to Answer,Prefer Not to Answer,
,Female,28,2,2,0,0,Asian,Dallas,75231,Unknown,FALSE,Medicaid,Yes,
,Female,Unknown,1,1,1,0,Hispanic,Dallas,75231,Does not want to disclose,FALSE,Uninsured,Prefer Not to Answer,
,Female,37,2,1,2,0,Hispanic,Dallas,75231,Unknown,FALSE,Medicaid,Yes,
,Female,Unknown,2,1,2,0,Asian,Dallas,75231,Does not want to disclose,FALSE,Medicaid,Yes,
,Female,Unknown,2,1,2,1,Asian,Dallas,75231,Does not want to disclose,FALSE,Medicaid,Prefer Not to Answer,
,Female,Unknown,1,0,0,0,Asian,Dallas,75231,Unknown,FALSE,Prefer Not to Answer,Prefer Not to Answer,
,Male,Unknown,1,0,0,0,Hispanic,Dallas,75231,Does not want to disclose,FALSE,Prefer Not to Answer,Prefer Not to Answer,
,Female,Unknown,1,0,0,0,Hispanic,Dallas,75231,Unknown,FALSE,Prefer Not to Answer,Prefer Not to Answer,
,Female,38,1,0,0,0,Asian,Dallas,75231,Unknown,FALSE,Prefer Not to Answer,Prefer Not to Answer,
,Female,28,2,1,1,0,Hispanic,Dallas,75231,Does not want to disclose,FALSE,Medicaid,No,
,Male,28,1,0,0,0,Hispanic,Dallas,75231,Unknown,FALSE,Uninsured,No,
,Female,30,3,0,1,1,Hispanic,Dallas,75231,Unknown,FALSE,Uninsured,No,
,Female,32,2,2,2,1,Hispanic,Dallas,75231,"Under $26,700",FALSE,Medicaid,No,
,Female,33,3,1,0,1,Hispanic,Dallas,75231,Does not want to disclose,FALSE,Medicaid,Yes,
,Female,34,3,0,2,0,Hispanic,Dallas,75231,"Under $26,700",FALSE,Medicaid,Prefer Not to Answer,
,Female,38,5,0,1,1,Hispanic,Dallas,75243,"Under $26,700",FALSE,Uninsured,Prefer Not to Answer,
,Female,41,2,2,0,0,Hispanic,Dallas,75231,"$26,701 - $44,500",FALSE,Medicaid,No,
,Female,42,4,0,1,0,Hispanic,Dallas,75231,Does not want to disclose,FALSE,Medicaid,No,
,Male,42,2,0,0,1,Hispanic,Dallas,75243,"Under $26,700",FALSE,Uninsured,No,
,Female,43,1,1,0,1,Hispanic,Dallas,75231,"Under $26,700",FALSE,Medicaid,Yes,
,Female,45,2,0,0,2,Hispanic,Dallas,75231,"Under $26,700",FALSE,Medicaid,Yes,
,Female,48,2,0,2,0,Hispanic,Dallas,75231,Does not want to disclose,FALSE,Uninsured,Prefer Not to Answer,
,Female,52,2,0,1,1,Hispanic,Dallas,75231,"Under $26,700",FALSE,Medicaid; Uninsured,No,
,Male,56,3,0,0,0,Hispanic,Dallas,75231,Unknown,FALSE,Uninsured,No,
,Male,57,1,0,0,1,Hispanic,Dallas,75220,"Under $26,700",FALSE,Medicaid,Yes,
,Male,65,4,0,0,0,Hispanic,Dallas,75231,"Under $26,700",FALSE,Uninsured,No,
,Female,68,4,2,0,1,Hispanic,Dallas,75220,Unknown,FALSE,Uninsured,No,
,Female,68,2,0,0,0,Hispanic,Dallas,75231,Does not want to disclose,FALSE,Prefer Not to Answer,No,
,Female,34,1,1,3,0,Asian,Dallas,75231,"Under $26,700",FALSE,Private,Yes,
,Female,23,2,2,0,0,Asian,Dallas,75231,Unknown,FALSE,Medicaid,Yes,
,Female,42,5,2,1,3,Asian,Dallas,75231,"Under $26,700",FALSE,Uninsured,No,
,Female,26,2,3,0,0,Asian,Dallas,75231,Unknown,FALSE,Medicaid,Yes,
,Female,32,2,2,1,0,Asian,Dallas,75231,Does not want to disclose,FALSE,Prefer Not to Answer,Yes,
,Female,30,2,2,2,0,Asian,Dallas,75231,Unknown,FALSE,Uninsured,Yes,
,Female,46,3,0,2,0,Asian,Dallas,75243,Unknown,FALSE,Medicaid,No,
,Female,24,4,0,0,0,Asian,Dallas,75231,"Under $26,700",FALSE,Uninsured,No,
,Female,32,2,1,2,0,Asian,Dallas,75231,Unknown,FALSE,Uninsured,Yes,
,Female,31,2,0,4,0,Asian,Dallas,75231,"Under $26,700",FALSE,Medicaid,Prefer Not to Answer,
,Female,36,3,0,2,2,Asian,Dallas,75231,Unknown,FALSE,Medicaid,Yes,
,Female,38,2,1,1,3,Asian,Dallas,75231,Does not want to disclose,FALSE,Medicaid,Yes,
,Female,41,2,0,1,2,Asian,Dallas,75231,"Under $26,700",FALSE,Medicaid,No,
,Female,34,2,1,4,1,Asian,Dallas,75231,Unknown,FALSE,Medicaid,Prefer Not to Answer,
,Female,32,2,0,2,0,Asian,Dallas,75231,"Under $26,700",FALSE,Uninsured,Yes,
,Female,29,2,1,3,0,Asian,Dallas,75231,Unknown,FALSE,Medicaid,Yes,
,Female,35,3,0,2,2,Asian,Dallas,75231,Unknown,FALSE,Prefer Not to Answer,Prefer Not to Answer,
,Female,26,2,2,0,0,Asian,Dallas,75231,Unknown,FALSE,Medicaid,No,
,Female,24,2,2,0,0,Asian,Dallas,75231,"Under $26,700",FALSE,Medicaid,Prefer Not to Answer,
,Female,27,2,2,0,0,Asian,Dallas,75231,Unknown,FALSE,Private,Yes,
,Female,37,2,3,1,0,Asian,Dallas,75231,"Under $26,700",FALSE,Medicaid,Yes,
,Female,51,2,0,1,3,Asian,Dallas,75231,Does not want to disclose,FALSE,Medicaid,Prefer Not to Answer,
,Female,22,2,1,0,0,Asian,Dallas,75231,Unknown,FALSE,Medicaid,Yes,
,Female,28,2,1,1,0,Asian,Dallas,75231,Unknown,FALSE,Medicaid,Yes,
,Female,30,2,2,1,0,Asian,Dallas,75231,"Under $26,700",FALSE,Uninsured,Yes,
,Female,33,1,0,0,0,Asian,Dallas,75231,Unknown,FALSE,Prefer Not to Answer,Prefer Not to Answer,
,Female,33,1,0,0,0,Asian,Dallas,75231,Unknown,FALSE,Prefer Not to Answer,Prefer Not to Answer,
,Female,20,3,0,1,1,Hispanic,Dallas,75243,"$26,701 - $44,500",FALSE,Prefer Not to Answer,No,
,Female,24,5,3,0,0,Hispanic,Dallas,75231,Does not want to disclose,FALSE,Medicaid,No,
,Female,27,1,0,0,0,Asian,Dallas,75231,Unknown,FALSE,Prefer Not to Answer,Prefer Not to Answer,
,Female,28,2,2,1,0,Hispanic,Dallas,75231,"Under $26,700",FALSE,Medicaid,Yes,
,Female,29,2,0,1,0,Hispanic,Dallas,75231,Does not want to disclose,FALSE,Uninsured,No,
,Female,29,2,1,1,0,Hispanic,Dallas,75231,Unknown,FALSE,Uninsured,No,
,Female,30,1,1,2,0,Hispanic,Dallas,75231,"Under $26,700",FALSE,Medicaid,No,
,Female,31,4,2,2,0,Two or More Races,Dallas,75231,"Under $26,700",FALSE,Medicaid,No,
,Female,32,2,2,0,0,Hispanic,Dallas,75231,Does not want to disclose,FALSE,Medicaid,No,
,Female,34,2,1,3,0,Hispanic,Dallas,75231,"$26,701 - $44,500",FALSE,Uninsured,No,
,Female,36,4,1,1,0,Hispanic,Dallas,75231,"Under $26,700",FALSE,Uninsured,No,
,Female,37,2,1,1,1,Hispanic,Dallas,75231,Does not want to disclose,FALSE,CHIP,No,
,Female,37,2,2,1,0,Asian,Dallas,75231,"Under $26,700",FALSE,Medicaid,Prefer Not to Answer,
,Female,37,2,0,3,1,Asian,Dallas,75231,"Under $26,700",FALSE,Medicaid,Prefer Not to Answer,
,Female,38,2,0,1,0,Prefer Not to Answer,Dallas,75231,Unknown,FALSE,Uninsured,No,
,Female,39,3,0,1,1,White,Dallas,75243,"$26,701 - $44,500",FALSE,Medicaid,Yes,
,Female,40,2,0,2,0,Hispanic,Dallas,75231,Unknown,FALSE,Medicaid,Yes,
,Female,40,2,1,0,1,Hispanic,Dallas,75231,Unknown,FALSE,Medicaid,No,
,Female,42,2,0,2,1,Hispanic,Dallas,75231,Unknown,FALSE,Uninsured,Yes,
,Female,42,5,1,2,0,Hispanic,Dallas,75231,"Under $26,700",FALSE,Medicaid,No,
,Female,42,5,2,0,0,Hispanic,Dallas,75231,Unknown,FALSE,Uninsured,No,
,Female,44,2,0,3,0,Hispanic,Dallas,75231,"Under $26,700",FALSE,Medicaid,No,
,Female,44,2,0,0,1,Hispanic,Dallas,75231,"$26,701 - $44,500",FALSE,Medicaid,Yes,
,Female,46,3,0,0,1,Hispanic,Dallas,75231,Does not want to disclose,FALSE,Uninsured,No,
,Female,47,1,0,0,0,Hispanic,Dallas,75231,Unknown,FALSE,Prefer Not to Answer,No,
,Female,47,2,0,1,1,Hispanic,Dallas,75231,Unknown,FALSE,Uninsured,No,
,Female,48,2,0,0,1,Hispanic,Dallas,75231,"Under $26,700",FALSE,Prefer Not to Answer,No,
,Female,48,3,0,2,0,Hispanic,Dallas,75231,Unknown,FALSE,Medicaid,No,
,Female,48,2,0,2,0,Hispanic,Dallas,75231,"Under $26,700",FALSE,Medicaid,Prefer Not to Answer,
,Female,49,2,0,0,0,Hispanic,Dallas,75231,"Under $26,700",FALSE,Uninsured,No,
,Female,50,1,1,2,0,Hispanic,Dallas,75231,"Under $26,700",FALSE,Medicaid,Yes,
,Female,51,4,0,1,1,Hispanic,Dallas,75231,Unknown,FALSE,Medicaid,Yes,
,Female,53,2,0,0,1,Hispanic,Dallas,75217,"$44,501 - $71,200",FALSE,Private,No,
,Female,53,2,0,0,0,Hispanic,Dallas,75231,"Under $26,700",FALSE,Uninsured,No,
,Female,55,2,0,0,0,Hispanic,Dallas,75231,Unknown,FALSE,Other,No,
,Female,60,3,0,2,0,Hispanic,Dallas,75231,"Under $26,700",FALSE,Medicaid,No,
,Female,63,4,0,2,0,Hispanic,Dallas,75238,Unknown,FALSE,Uninsured,No,
,Female,65,2,0,0,0,Hispanic,Dallas,75231,Unknown,FALSE,Uninsured,No,
,Female,65,4,0,1,1,Hispanic,Dallas,75231,Unknown,FALSE,Uninsured,No,
,Female,69,3,0,0,0,Hispanic,Dallas,75231,Does not want to disclose,FALSE,Uninsured,No,
,Female,77,2,0,0,0,Hispanic,Dallas,75231,"Under $26,700",FALSE,Medicaid,Yes,
,Female,37,2,1,1,0,Hispanic,Dallas,75240,Unknown,FALSE,Medicaid,Prefer Not to Answer,
,Female,40,2,1,1,2,Hispanic,Other,76085,"Over $71,200",FALSE,Private,No,
,Male,42,2,1,0,0,Black or African American,Dallas,75254,"$26,701 - $44,500",FALSE,Medicaid,No,
,Female,Unknown,2,1,0,0,Hispanic,Dallas,75254,"Over $71,200",FALSE,Uninsured,No,
,Female,24,2,2,0,0,Hispanic,Dallas,75254,"$44,501 - $71,200",FALSE,Private,No,
,Female,26,4,1,1,0,Hispanic,Dallas,75254,"Under $26,700",FALSE,Medicaid,No,
,Female,26,4,1,3,0,Hispanic,Dallas,75227,Does not want to disclose,FALSE,Medicaid,No,
,Female,27,3,1,1,0,Hispanic,Dallas,75254,"Under $26,700",FALSE,CHIP,No,
,Female,27,4,1,0,0,Hispanic,Dallas,75220,Does not want to disclose,FALSE,Medicaid,No,
,Male,27,2,2,0,0,Hispanic,Dallas,75254,Unknown,FALSE,Medicaid,No,
,Female,28,2,2,0,0,Asian,Dallas,75254,Does not want to disclose,FALSE,Uninsured; Other,No,
,Female,28,2,1,0,0,Hispanic,Dallas,75254,Unknown,FALSE,Prefer Not to Answer,No,
,Female,28,3,1,0,0,Hispanic,Dallas,75254,Unknown,FALSE,Medicaid,Prefer Not to Answer,
,Female,29,5,1,2,0,Hispanic,Dallas,75254,Unknown,FALSE,Prefer Not to Answer,No,
,Female,30,5,1,0,1,Hispanic,Dallas,75254,"Under $26,700",FALSE,Uninsured,No,
,Female,30,2,1,1,0,Hispanic,Dallas,75254,Unknown,FALSE,Prefer Not to Answer,Prefer Not to Answer,
,Female,30,2,2,0,0,Hispanic,Dallas,75217,"Over $71,200",FALSE,Private,No,
,Female,32,2,1,2,0,Asian,Dallas,75254,Unknown,FALSE,Private,No,
,Female,32,2,2,0,0,Hispanic,Dallas,75248,"$44,501 - $71,200",FALSE,Private,No,
,Male,32,2,2,0,0,Hispanic,Dallas,75254,"$44,501 - $71,200",FALSE,Private,No,
,Female,32,2,2,0,0,Hispanic,Dallas,75254,Unknown,FALSE,Medicaid,No,
,Male,33,2,2,1,0,Hispanic,Dallas,75254,"$26,701 - $44,500",FALSE,Prefer Not to Answer,No,
,Female,34,2,1,3,2,Hispanic,Dallas,75254,Does not want to disclose,FALSE,Prefer Not to Answer,Prefer Not to Answer,
,Female,34,2,1,1,0,Asian,Dallas,75254,Does not want to disclose,FALSE,Prefer Not to Answer,No,
,Female,35,2,2,0,0,Hispanic,Dallas,75254,"$26,701 - $44,500",FALSE,Medicaid,No,
,Female,35,2,2,0,0,Hispanic,Dallas,75254,"$26,701 - $44,500",FALSE,Medicaid,No,
,Female,36,2,1,2,0,Hispanic,Dallas,75254,"$44,501 - $71,200",FALSE,CHIP,Prefer Not to Answer,
,Female,36,2,1,0,0,Hispanic,Dallas,75254,Does not want to disclose,FALSE,Medicaid,Yes,
,Male,36,2,2,0,0,Hispanic,Dallas,75254,"$26,701 - $44,500",FALSE,Medicaid,No,
,Female,37,2,1,1,0,Hispanic,Dallas,75254,Does not want to disclose,FALSE,Uninsured,No,
,Female,39,2,1,1,1,Hispanic,Dallas,75001,Unknown,FALSE,Medicaid,Yes,
,Female,39,6,1,1,1,Hispanic,Dallas,75254,Unknown,FALSE,Medicaid,Yes,
,Female,40,2,1,2,0,Hispanic,Dallas,75254,"Under $26,700",FALSE,Uninsured,No,
,Female,43,2,2,1,0,Hispanic,Dallas,75254,Unknown,FALSE,Medicaid,Prefer Not to Answer,
,Female,49,2,1,0,0,Hispanic,Dallas,75254,"Under $26,700",FALSE,Uninsured,No,
,Female,59,2,0,0,1,Hispanic,Dallas,75254,Does not want to disclose,FALSE,Medicaid,Prefer Not to Answer,
,Female,37,1,2,0,0,Hispanic,Dallas,75052,"Under $26,700",FALSE,Uninsured,Prefer Not to Answer,
,Female,40,5,1,2,0,Hispanic,Dallas,75051,Unknown,FALSE,Medicaid,No,
,Female,40,2,2,0,1,Hispanic,Dallas,75052,"$26,701 - $44,500",FALSE,Medicaid,Prefer Not to Answer,
,Male,40,2,2,0,1,Hispanic,Dallas,75052,"$26,701 - $44,500",FALSE,Medicaid,No,
,Female,23,5,1,0,0,Hispanic,Dallas,75050,"$26,701 - $44,500",FALSE,Medicaid,No,
,Female,27,5,1,0,0,Hispanic,Dallas,75052,Unknown,FALSE,Medicaid,No,
,Female,28,1,1,0,0,Hispanic,Dallas,75052,"$44,501 - $71,200",FALSE,Medicaid,No,
,Female,28,5,2,0,0,Hispanic,Dallas,75050,Does not want to disclose,FALSE,Medicaid,No,
,Female,29,2,2,0,0,Hispanic,Dallas,75051,Unknown,FALSE,Medicaid,No,
,Female,29,3,2,0,0,Hispanic,Dallas,75051,"$26,701 - $44,500",FALSE,Medicaid,No,
,Female,30,2,1,1,0,Hispanic,Dallas,75050,"$26,701 - $44,500",FALSE,CHIP,No,
,Female,30,2,1,0,0,Hispanic,Dallas,75051,"Under $26,700",FALSE,Uninsured,No,
,Female,31,3,2,1,0,Hispanic,Dallas,75052,Does not want to disclose,FALSE,Private,No,
,Female,33,2,1,0,0,Hispanic,Dallas,75050,"$44,501 - $71,200",FALSE,Private,No,
,Male,33,3,2,1,0,Hispanic,Dallas,75052,Does not want to disclose,FALSE,Private,No,
,Female,33,2,1,0,0,Asian,Dallas,75052,Does not want to disclose,FALSE,Uninsured,No,
,Female,34,1,2,2,0,Hispanic,Dallas,75050,"$26,701 - $44,500",FALSE,Medicaid,No,
,Male,34,1,2,2,0,Hispanic,Dallas,75050,"$26,701 - $44,500",FALSE,Medicaid,Prefer Not to Answer,
,Male,34,5,2,0,0,Hispanic,Dallas,75050,Does not want to disclose,FALSE,Medicaid,Prefer Not to Answer,
,Female,35,2,1,1,0,Hispanic,Dallas,75051,Unknown,FALSE,Medicaid,No,
,Female,35,2,1,0,0,Black or African American,Dallas,75050,"$44,501 - $71,200",FALSE,Other,Yes,
,Female,36,3,1,2,1,Hispanic,Dallas,75051,Unknown,FALSE,Medicaid,Yes,
,Female,36,2,2,0,0,Hispanic,Dallas,75051,"Under $26,700",FALSE,Medicaid,Yes,
,Female,37,2,2,0,0,Black or African American,Dallas,75050,Does not want to disclose,FALSE,Medicaid,Prefer Not to Answer,
,Female,37,4,1,2,0,Hispanic,Dallas,75236,"$44,501 - $71,200",FALSE,Uninsured,No,
,Female,38,2,1,1,0,Hispanic,Dallas,75051,"Under $26,700",FALSE,Medicaid,No,
,Male,38,3,1,1,0,American Indian or Alaska Native,Dallas,75050,Does not want to disclose,FALSE,Medicaid,No,
,Female,40,2,2,0,0,Hispanic,Dallas,75052,Does not want to disclose,FALSE,Medicaid,No,
,Female,42,2,1,1,1,Hispanic,Dallas,75052,"$44,501 - $71,200",FALSE,Uninsured,No,
,Male,42,2,2,0,0,Hispanic,Dallas,75052,Does not want to disclose,FALSE,Prefer Not to Answer,No,
,Female,43,3,1,1,0,Hispanic,Dallas,75050,Does not want to disclose,FALSE,Medicaid,No,
,Male,45,2,1,0,0,Hispanic,Dallas,75050,"$44,501 - $71,200",FALSE,Private,No,
,Female,45,2,2,0,0,Hispanic,Dallas,75052,Does not want to disclose,FALSE,Prefer Not to Answer,No,
,Female,45,2,2,1,0,Hispanic,Dallas,75050,Does not want to disclose,FALSE,Uninsured,No,
,Female,Unknown,1,1,0,0,Hispanic,Dallas,75203,Does not want to disclose,FALSE,Prefer Not to Answer,Prefer Not to Answer,
,Female,34,2,0,2,0,Hispanic,Dallas,75216,"$26,701 - $44,500",FALSE,Medicaid,No,
,Female,38,2,1,1,3,Hispanic,Dallas,75203,Unknown,FALSE,Medicaid,No,
,Female,57,2,0,1,0,Prefer Not to Answer,Dallas,75203,"Under $26,700",FALSE,Medicaid,Yes,
,Female,Unknown,2,0,0,0,Hispanic,Dallas,75203,"$26,701 - $44,500",FALSE,Uninsured,No,
,Male,Unknown,2,1,0,0,Hispanic,Dallas,75203,"$26,701 - $44,500",FALSE,Medicaid,Yes,
,Female,24,2,1,1,0,Hispanic,Dallas,75203,"Under $26,700",FALSE,Medicaid,No,
,Female,25,2,2,0,0,Hispanic,Dallas,75203,Unknown,FALSE,Medicaid,Yes,
,Female,25,3,1,1,0,Hispanic,Dallas,75203,Unknown,FALSE,Uninsured,No,
,Female,28,5,1,2,0,Hispanic,Dallas,75203,"Under $26,700",FALSE,Uninsured,No,
,Female,29,2,0,3,1,Hispanic,Dallas,75203,"$26,701 - $44,500",FALSE,Medicaid,Yes,
,Female,32,2,2,2,0,Hispanic,Dallas,75216,"$44,501 - $71,200",FALSE,CHIP,No,
,Male,34,2,1,1,0,Hispanic,Dallas,75203,"$26,701 - $44,500",FALSE,Uninsured,No,
,Male,38,2,3,0,0,Hispanic,Dallas,75216,"$44,501 - $71,200",FALSE,Medicaid,Yes,
,Female,46,2,1,0,0,Hispanic,Dallas,75203,"Under $26,700",FALSE,Medicaid,No,
,Male,47,3,0,1,2,Hispanic,Dallas,75211,Unknown,FALSE,Other,No,
,Female,48,2,0,1,0,Hispanic,Dallas,75232,"$26,701 - $44,500",FALSE,Medicaid,Yes,
,Female,48,1,0,0,0,Hispanic,Dallas,75203,Does not want to disclose,FALSE,Prefer Not to Answer,Prefer Not to Answer,
,Female,Unknown,1,0,0,0,Hispanic,Dallas,75235,Does not want to disclose,FALSE,Prefer Not to Answer,Prefer Not to Answer,
,Female,Unknown,1,0,0,0,Hispanic,Dallas,75235,Does not want to disclose,FALSE,Prefer Not to Answer,Prefer Not to Answer,
,Female,Unknown,1,0,0,0,Hispanic,Dallas,75235,Unknown,FALSE,Prefer Not to Answer,Prefer Not to Answer,
,Female,21,3,1,0,0,Hispanic,Dallas,75220,Unknown,FALSE,Medicaid,Yes,
,Female,26,3,3,0,0,Hispanic,Dallas,75235,"$26,701 - $44,500",FALSE,Medicaid,Yes,
,Female,30,2,1,0,0,Hispanic,Dallas,75220,"Under $26,700",FALSE,Uninsured,No,
,Female,32,2,1,2,0,Hispanic,Dallas,75220,"Under $26,700",FALSE,Medicaid,Yes,
,Female,36,2,1,2,0,Hispanic,Dallas,75149,"$26,701 - $44,500",FALSE,Prefer Not to Answer,No,
,Female,37,2,0,0,0,Hispanic,Dallas,75235,"Under $26,700",FALSE,Medicaid,No,
,Female,38,2,1,2,0,Hispanic,Dallas,75134,"$26,701 - $44,500",FALSE,Medicaid,No,
,Female,38,3,0,2,1,Hispanic,Dallas,75232,"$26,701 - $44,500",FALSE,CHIP; Medicaid,No,
,Female,38,2,1,0,0,Hispanic,Dallas,75235,"$26,701 - $44,500",FALSE,Medicaid,Yes,
,Female,38,2,1,1,0,Hispanic,Dallas,75220,Does not want to disclose,FALSE,Medicaid,Yes,
,Female,41,2,3,0,1,Hispanic,Dallas,75223,"$26,701 - $44,500",FALSE,Medicaid,No,
,Female,41,2,0,2,2,White,Dallas,75217,"Under $26,700",FALSE,CHIP; Medicaid,Yes,
,Female,44,2,0,1,0,Hispanic,Dallas,75227,"Under $26,700",FALSE,Medicaid,No,
,Female,46,1,0,2,2,Hispanic,Dallas,75060,"Under $26,700",FALSE,Medicaid,No,
,Female,47,6,0,1,0,Hispanic,Dallas,75229,"$26,701 - $44,500",FALSE,Medicaid,No,
,Female,47,1,0,0,1,Hispanic,Dallas,75217,"Under $26,700",FALSE,Medicaid,No,
,Female,48,3,0,0,0,Hispanic,Dallas,75228,"$26,701 - $44,500",FALSE,Other,No,
,Female,49,2,0,0,0,Hispanic,Dallas,75238,"$26,701 - $44,500",FALSE,CHIP,No,
,Female,50,2,0,0,0,Hispanic,Dallas,75235,Unknown,FALSE,Uninsured,No,
,Male,54,2,0,0,0,Hispanic,Dallas,75238,"$26,701 - $44,500",FALSE,CHIP; Uninsured,No,
,Female,55,2,0,1,1,Hispanic,Dallas,75220,"$26,701 - $44,500",FALSE,CHIP,No,
,Female,56,4,2,2,0,Hispanic,Dallas,75211,"Under $26,700",FALSE,Medicaid,Yes,
,Male,60,3,1,0,0,Hispanic,Dallas,75235,"Under $26,700",FALSE,Private,Prefer Not to Answer,
,Female,62,3,0,0,0,Hispanic,Dallas,75150,"Under $26,700",FALSE,Uninsured,No,
,Female,20,3,1,0,0,Hispanic,Dallas,75210,"Under $26,700",TRUE,Uninsured,No,
,Male,Unknown,2,0,0,1,Hispanic,Dallas,75210,"Under $26,700",FALSE,Prefer Not to Answer,No,
,Female,30,2,2,0,0,Hispanic,Dallas,75210,"Under $26,700",FALSE,Uninsured,Yes,
,Female,35,6,1,2,1,Hispanic,Dallas,75215,"$26,701 - $44,500",FALSE,Uninsured,Yes,
,Female,36,4,3,0,0,Hispanic,Dallas,75217,Unknown,FALSE,Medicaid,Prefer Not to Answer,
,Male,37,8,1,3,0,Hispanic,Dallas,75215,"Under $26,700",FALSE,Uninsured,No,
,Male,39,4,3,0,0,Hispanic,Dallas,75217,Unknown,FALSE,Medicaid,No,
,Female,43,2,1,1,1,Hispanic,Dallas,75210,Unknown,FALSE,Medicaid,No,
,Female,43,2,0,0,1,Hispanic,Dallas,75210,"Under $26,700",FALSE,Prefer Not to Answer,No,
,Female,47,1,0,2,0,Hispanic,Dallas,75224,"Under $26,700",FALSE,Uninsured,Yes,
,Female,49,4,1,0,0,Hispanic,Dallas,76215,Does not want to disclose,FALSE,Prefer Not to Answer,No,
,Female,60,2,0,2,1,Hispanic,Dallas,75215,"Under $26,700",FALSE,Uninsured,No,
,Female,Unknown,5,0,1,1,Hispanic,Dallas,75181,"Under $26,700",FALSE,Prefer Not to Answer,No,
,Female,34,2,0,0,2,Hispanic,Dallas,75149,"$44,501 - $71,200",FALSE,Uninsured,No,
,Female,36,2,1,2,0,Hispanic,Dallas,75149,Does not want to disclose,FALSE,Uninsured,No,
,Female,37,2,1,2,0,Hispanic,Dallas,75149,Unknown,FALSE,Prefer Not to Answer,No,
,Female,38,2,0,2,1,Hispanic,Dallas,75220,"$26,701 - $44,500",FALSE,Uninsured,Yes,
,Female,39,2,1,2,1,Asian,Dallas,75149,Unknown,FALSE,Uninsured,No,
,Female,43,2,1,1,1,Hispanic,Dallas,75149,"$44,501 - $71,200",FALSE,CHIP,No,
,Female,43,7,0,3,1,Hispanic,Dallas,75149,Does not want to disclose,FALSE,Prefer Not to Answer,No,
,Female,46,2,0,0,2,Hispanic,Dallas,75149,"$26,701 - $44,500",FALSE,Medicaid,No,
,Female,46,3,0,1,1,Hispanic,Dallas,75149,"$26,701 - $44,500",FALSE,Medicaid,No,
,Male,49,2,1,1,1,Hispanic,Dallas,75149,"$44,501 - $71,200",FALSE,CHIP,No,
,Male,19,2,0,1,0,Hispanic,Dallas,75140,Does not want to disclose,FALSE,Prefer Not to Answer,No,
,Female,23,1,0,1,0,Hispanic,Dallas,75149,Unknown,FALSE,Prefer Not to Answer,No,
,Female,33,2,1,1,0,Hispanic,Dallas,75149,"$26,701 - $44,500",FALSE,Private,No,
,Female,33,2,0,1,1,Hispanic,Dallas,75145,Unknown,FALSE,Uninsured,No,
,Female,33,2,2,2,1,Hispanic,Dallas,75149,"$26,701 - $44,500",FALSE,Other,No,
,Female,35,2,1,2,0,Hispanic,Dallas,75149,Does not want to disclose,FALSE,Medicaid,No,
,Female,35,2,1,2,0,Hispanic,Dallas,75149,"$26,701 - $44,500",FALSE,Medicaid,Yes,
,Female,37,2,1,1,1,Hispanic,Dallas,75149,"$26,701 - $44,500",FALSE,Medicaid,No,
,Male,37,2,1,1,0,Hispanic,Dallas,75149,"$26,701 - $44,500",FALSE,Private,No,
,Female,38,2,1,2,1,Hispanic,Dallas,75149,"$26,701 - $44,500",FALSE,Medicaid,Yes,
,Female,38,2,3,1,0,Hispanic,Dallas,75149,"$26,701 - $44,500",FALSE,Uninsured,No,
,Female,38,2,0,2,1,Hispanic,Dallas,75149,Unknown,FALSE,Prefer Not to Answer,No,
,Female,39,5,0,2,1,Hispanic,Dallas,75149,"Under $26,700",FALSE,Medicaid,No,
,Female,39,4,0,6,3,Hispanic,Dallas,75149,"$26,701 - $44,500",FALSE,Medicaid,No,
,Female,39,1,0,1,0,Hispanic,Dallas,75149,"Under $26,700",FALSE,Uninsured,No,
,Female,39,1,0,3,2,Hispanic,Dallas,75149,"Under $26,700",FALSE,Medicaid,Yes,
,Female,40,2,0,2,1,White,Dallas,75149,Unknown,FALSE,Medicaid,No,
,Female,40,4,0,1,1,Hispanic,Dallas,75149,"$26,701 - $44,500",FALSE,Medicaid,No,
,Female,41,4,0,0,1,Hispanic,Dallas,75149,"Under $26,700",FALSE,Medicaid,No,
,Female,41,2,0,0,2,Hispanic,Dallas,75149,Does not want to disclose,FALSE,Prefer Not to Answer,No,
,Male,41,2,0,1,2,Hispanic,Dallas,75149,"$44,501 - $71,200",FALSE,Uninsured,No,
,Male,41,3,0,0,2,Hispanic,Dallas,75149,Does not want to disclose,FALSE,Other,No,
,Female,42,1,0,2,0,Hispanic,Dallas,75149,"Under $26,700",FALSE,Uninsured,No,
,Female,42,3,1,0,2,Hispanic,Dallas,75149,"$26,701 - $44,500",FALSE,Medicaid,No,
,Female,43,3,0,1,1,Hispanic,Dallas,75149,"$26,701 - $44,500",FALSE,CHIP,No,
,Female,43,3,0,1,2,Hispanic,Dallas,75149,"$26,701 - $44,500",FALSE,Uninsured,No,
,Female,44,2,0,2,1,Hispanic,Dallas,75180,"Over $71,200",FALSE,Uninsured,No,
,Female,44,3,0,1,1,Hispanic,Dallas,75149,"$26,701 - $44,500",FALSE,Private,No,
,Female,44,3,0,1,2,Hispanic,Dallas,75149,"Over $71,200",FALSE,Private,No,
,Female,45,2,1,3,2,Hispanic,Dallas,75149,Unknown,FALSE,CHIP,No,
,Female,45,3,1,1,1,Hispanic,Dallas,75181,"$26,701 - $44,500",FALSE,Medicaid,No,
,Male,46,3,0,1,1,Hispanic,Dallas,75149,"$26,701 - $44,500",FALSE,Uninsured,No,
,Female,46,2,2,1,0,Hispanic,Dallas,75149,"Under $26,700",FALSE,Medicaid,No,
,Male,46,4,0,1,0,Hispanic,Dallas,75149,Does not want to disclose,FALSE,Prefer Not to Answer,No,
,Female,49,4,0,2,0,Hispanic,Dallas,75149,Does not want to disclose,FALSE,Medicaid,No,
,Male,52,2,0,3,0,Hispanic,Dallas,75149,"$44,501 - $71,200",FALSE,Medicaid,No,
,Female,53,3,0,0,1,Hispanic,Dallas,75149,"Under $26,700",FALSE,Prefer Not to Answer,No,
,Female,56,1,0,0,1,Hispanic,Dallas,75149,Unknown,FALSE,Prefer Not to Answer,Prefer Not to Answer,
,Female,56,2,0,0,1,Hispanic,Dallas,75149,"Under $26,700",FALSE,Uninsured,No,
,Male,76,11,0,1,0,White,Dallas,75149,"Under $26,700",FALSE,Prefer Not to Answer,No,
,Female,Unknown,5,0,1,1,Hispanic,Dallas,75217,Unknown,FALSE,Prefer Not to Answer,No,
,Female,32,5,0,2,0,Hispanic,Dallas,75217,Unknown,FALSE,Medicaid,No,
,Female,32,2,0,2,1,Hispanic,Dallas,75241,"Under $26,700",FALSE,Medicaid,Yes,
,Female,33,2,1,2,1,Hispanic,Dallas,75217,"Under $26,700",FALSE,Medicaid,Yes,
,Female,35,2,1,1,1,Hispanic,Dallas,75217,Does not want to disclose,FALSE,Uninsured,No,
,Male,37,2,0,1,0,Hispanic,Dallas,75217,Unknown,FALSE,Medicaid,No,
,Female,39,4,0,1,1,White,Dallas,75180,"$26,701 - $44,500",FALSE,Medicaid,Yes,
,Female,41,4,1,1,0,Hispanic,Dallas,75217,Unknown,FALSE,CHIP; Medicaid,No,
,Female,42,3,0,1,1,Hispanic,Dallas,75217,Does not want to disclose,FALSE,CHIP,No,
,Female,43,2,2,1,0,Hispanic,Dallas,75217,"Under $26,700",FALSE,Medicaid,No,
,Female,43,2,1,1,2,Hispanic,Dallas,75217,"$26,701 - $44,500",FALSE,Medicaid,Yes,
,Female,45,3,0,1,0,Hispanic,Dallas,75134,Unknown,FALSE,Uninsured,No,
,Female,46,2,0,2,1,Hispanic,Dallas,75253,"$44,501 - $71,200",FALSE,Private,No,
,Female,46,1,0,2,1,Hispanic,Dallas,75180,Does not want to disclose,FALSE,Medicaid,No,
,Female,47,1,0,1,0,Hispanic,Dallas,75217,Unknown,FALSE,Prefer Not to Answer,Prefer Not to Answer,
,Female,47,3,0,1,2,Hispanic,Dallas,75217,Unknown,FALSE,Uninsured,No,
,Female,48,3,0,1,0,Hispanic,Dallas,75253,"Under $26,700",FALSE,Medicaid,No,
,Female,Unknown,2,3,0,0,Prefer Not to Answer,Dallas,75227,Unknown,FALSE,Prefer Not to Answer,No,
,Female,Unknown,2,1,3,1,Hispanic,Other,75227,Does not want to disclose,FALSE,Uninsured,Prefer Not to Answer,
,Female,23,5,0,1,0,Hispanic,Dallas,75217,Unknown,FALSE,Prefer Not to Answer,No,
,Female,27,2,2,1,0,Hispanic,Dallas,75227,"Over $71,200",FALSE,Uninsured,No,
,Female,29,2,1,0,0,Hispanic,Dallas,75217,"$44,501 - $71,200",FALSE,Medicaid,No,
,Female,31,2,0,3,0,Hispanic,Dallas,75217,"$26,701 - $44,500",FALSE,CHIP,No,
,Female,31,2,0,3,0,Hispanic,Dallas,75227,"Under $26,700",FALSE,Medicaid,No,
,Female,31,1,2,0,0,Hispanic,Dallas,75217,Unknown,FALSE,CHIP; Uninsured,No,
,Female,31,2,0,4,0,Hispanic,Dallas,75217,"$26,701 - $44,500",FALSE,Medicaid,No,
,Female,32,2,0,2,1,Hispanic,Dallas,75227,"Under $26,700",FALSE,Medicaid,No,
,Female,32,4,0,1,0,Hispanic,Dallas,75217,Does not want to disclose,FALSE,Medicaid,No,
,Female,32,2,1,1,0,Hispanic,Dallas,75217,"$26,701 - $44,500",FALSE,CHIP; Medicaid,No,
,Female,32,2,1,1,0,Hispanic,Dallas,75217,"$26,701 - $44,500",FALSE,CHIP; Medicaid,No,
,Female,32,2,1,1,0,Prefer Not to Answer,Dallas,75217,Unknown,FALSE,Medicaid; Uninsured,No,
,Female,32,2,2,0,0,Hispanic,Dallas,75217,Does not want to disclose,FALSE,Medicaid,No,
,Female,32,2,2,1,0,Hispanic,Dallas,75217,"$26,701 - $44,500",FALSE,CHIP,No,
,Female,32,2,0,3,0,Hispanic,Dallas,75217,"Under $26,700",FALSE,Medicaid,No,
,Female,33,3,0,1,0,Hispanic,Dallas,75217,Unknown,FALSE,Uninsured,No,
,Female,33,2,1,1,0,Hispanic,Dallas,75227,Unknown,FALSE,Medicaid,No,
,Male,33,2,1,3,1,Hispanic,Other,75227,Does not want to disclose,FALSE,Uninsured,Prefer Not to Answer,
,Female,34,2,1,1,0,Hispanic,Dallas,75180,Unknown,FALSE,Uninsured,No,
,Female,35,2,1,1,1,Hispanic,Dallas,75227,Does not want to disclose,FALSE,Prefer Not to Answer,No,
,Male,35,2,1,1,0,White,Dallas,75227,"$44,501 - $71,200",FALSE,Prefer Not to Answer,No,
,Female,35,2,1,1,1,Hispanic,Dallas,75217,"$26,701 - $44,500",FALSE,Medicaid,No,
,Female,35,2,2,1,1,Hispanic,Dallas,75180,"Under $26,700",FALSE,Medicaid,Yes,
,Female,36,1,0,2,0,Hispanic,Dallas,75217,Does not want to disclose,FALSE,Medicaid,Yes,
,Male,36,2,2,0,0,Hispanic,Dallas,75217,"$26,701 - $44,500",FALSE,CHIP; Medicaid,No,
,Female,36,2,2,1,0,Hispanic,Dallas,75159,"$44,501 - $71,200",FALSE,Uninsured,No,
,Male,36,2,2,1,1,Hispanic,Dallas,75180,"Under $26,700",FALSE,Medicaid,Yes,
,Male,36,2,0,3,0,Hispanic,Dallas,75227,Does not want to disclose,FALSE,Uninsured,No,
,Female,37,2,0,2,1,Hispanic,Dallas,75217,Unknown,FALSE,Medicaid,Yes,
,Male,37,1,1,1,0,Hispanic,Dallas,75217,"Under $26,700",FALSE,Uninsured,No,
,Female,38,3,0,1,2,Hispanic,Dallas,75127,"Under $26,700",FALSE,CHIP; Uninsured,No,
,Female,38,2,1,2,1,Hispanic,Dallas,75217,"$26,701 - $44,500",FALSE,Medicaid,Yes,
,Female,38,2,1,2,0,Hispanic,Dallas,75217,Does not want to disclose,FALSE,Medicaid; Prefer Not to Answer,Yes,
,Female,39,1,0,1,1,Hispanic,Dallas,75227,"Under $26,700",FALSE,Uninsured,No,
,Female,39,2,0,1,0,Hispanic,Dallas,75217,"Under $26,700",FALSE,Medicaid,No,
,Female,39,4,1,1,0,Hispanic,Dallas,75217,Does not want to disclose,FALSE,CHIP; Medicaid,No,
,Female,39,2,2,0,0,Hispanic,Dallas,75227,"$44,501 - $71,200",FALSE,Uninsured,No,
,Female,41,5,1,2,0,Hispanic,Dallas,75217,"Under $26,700",FALSE,Medicaid,Yes,
,Female,41,1,0,2,1,Hispanic,Dallas,75217,"$26,701 - $44,500",FALSE,Prefer Not to Answer,No,
,Female,42,3,1,2,0,Hispanic,Dallas,75217,Unknown,FALSE,Medicaid,No,
,Female,43,3,0,2,1,Hispanic,Dallas,75217,"Over $71,200",FALSE,Uninsured,No,
,Female,44,2,0,2,1,Hispanic,Dallas,75253,"$44,501 - $71,200",FALSE,CHIP,No,
,Female,44,3,1,1,0,Hispanic,Dallas,75227,Unknown,FALSE,Medicaid,No,
,Female,44,1,0,1,0,Hispanic,Dallas,75217,Unknown,FALSE,Prefer Not to Answer,No,
,Female,44,1,0,1,1,Hispanic,Dallas,75217,Unknown,FALSE,Medicaid,No,
,Female,45,4,0,1,0,Hispanic,Dallas,75217,"$26,701 - $44,500",FALSE,Uninsured,No,
,Female,45,3,0,1,1,Hispanic,Dallas,75217,Unknown,FALSE,Prefer Not to Answer,No,
,Female,46,2,1,1,0,Hispanic,Dallas,75217,"$26,701 - $44,500",FALSE,Medicaid,No,
,Female,46,4,0,1,0,Two or More Races,Dallas,75217,"$26,701 - $44,500",FALSE,Uninsured,No,
,Female,47,2,1,1,0,Hispanic,Dallas,75217,"Over $71,200",FALSE,Private,No,
,Female,48,3,2,2,1,Hispanic,Dallas,75217,Unknown,FALSE,Medicaid,No,
,Female,48,2,0,0,1,Hispanic,Dallas,75253,"Under $26,700",FALSE,Medicaid,No,
,Female,49,4,0,2,0,Hispanic,Dallas,75217,Unknown,FALSE,Uninsured,No,
,Female,49,3,0,1,0,Hispanic,Dallas,75217,Does not want to disclose,FALSE,Uninsured,No,
,Female,49,1,0,1,1,Hispanic,Dallas,75217,"Over $71,200",FALSE,Uninsured,No,
,Female,49,3,0,1,0,Hispanic,Dallas,75217,"$26,701 - $44,500",FALSE,Prefer Not to Answer,No,
,Female,50,2,1,1,0,Hispanic,Dallas,75217,Unknown,FALSE,Uninsured,No,
,Female,50,3,1,1,1,Hispanic,Dallas,75217,Does not want to disclose,FALSE,Uninsured,No,
,Female,50,2,2,0,1,Hispanic,Dallas,75217,"$26,701 - $44,500",FALSE,Uninsured,No,
,Female,51,4,0,0,1,Hispanic,Dallas,75180,"Under $26,700",FALSE,Uninsured,No,
,Female,51,2,0,1,1,Hispanic,Dallas,75217,Does not want to disclose,FALSE,Medicaid,Yes,
,Female,51,1,1,0,0,Hispanic,Dallas,75217,Unknown,FALSE,Uninsured,No,
,Female,51,5,0,0,0,Hispanic,Dallas,75217,Unknown,FALSE,Uninsured,No,
,Female,52,2,1,1,0,Hispanic,Dallas,75253,"Under $26,700",FALSE,Medicaid,Yes,
,Male,54,4,2,1,0,Hispanic,Dallas,75217,"$26,701 - $44,500",FALSE,Medicaid,No,
,Female,58,1,0,0,0,Hispanic,Dallas,75227,Unknown,FALSE,Prefer Not to Answer,No,
,Female,58,1,0,0,0,Hispanic,Dallas,75217,Does not want to disclose,FALSE,Prefer Not to Answer,No,
,Male,63,4,0,0,1,Hispanic,Dallas,75180,"Under $26,700",FALSE,Uninsured,No,
,Female,66,1,0,2,1,Hispanic,Dallas,75217,Does not want to disclose,FALSE,Medicaid,No,
,Prefer Not to Answer,Unknown,1,0,0,0,Prefer Not to Answer,Dallas,75001,Does not want to disclose,FALSE,Prefer Not to Answer,Prefer Not to Answer,
,Female,28,2,1,1,0,Hispanic,Dallas,75134,Unknown,FALSE,Uninsured,No,
,Female,30,2,0,2,0,Hispanic,Dallas,75248,"$26,701 - $44,500",FALSE,Private,No,
,Female,32,2,0,1,0,Hispanic,Dallas,75248,"Under $26,700",FALSE,Medicaid,No,
,Female,36,2,1,0,0,Hispanic,Dallas,75254,Does not want to disclose,FALSE,Medicaid,Yes,
,Male,37,2,2,1,0,Hispanic,Dallas,75001,"$26,701 - $44,500",FALSE,Medicaid,Yes,
,Female,47,3,0,1,0,Hispanic,Dallas,75001,"$26,701 - $44,500",FALSE,Uninsured,No,
,Female,59,2,0,1,0,Hispanic,Dallas,75248,"Under $26,700",FALSE,Medicaid,No,
,Female,49,2,0,0,2,Hispanic,Dallas,75006,"Under $26,700",FALSE,Medicaid,No,
,Female,Unknown,2,1,1,0,Hispanic,Dallas,75001,Unknown,FALSE,Private,No,
,Female,Unknown,1,2,0,0,Hispanic,Dallas,75254,Unknown,FALSE,Medicaid; Private,No,
,Female,Unknown,3,1,2,0,Hispanic,Dallas,75001,"$26,701 - $44,500",FALSE,Private,No,
,Female,25,2,0,1,0,Hispanic,Dallas,75248,Unknown,FALSE,Uninsured,No,
,Female,27,3,1,1,0,Hispanic,Dallas,75254,"Under $26,700",FALSE,CHIP,No,
,Female,28,3,1,0,0,Hispanic,Dallas,75254,Unknown,FALSE,Other,No,
,Female,28,2,2,0,0,Asian,Dallas,75254,Does not want to disclose,FALSE,Uninsured; Other,No,
,Female,30,5,1,0,1,Hispanic,Dallas,75254,"Under $26,700",FALSE,Uninsured,No,
,Female,30,2,1,1,0,Hispanic,Dallas,75254,Does not want to disclose,FALSE,Prefer Not to Answer,No,
,Female,31,4,0,3,0,Hispanic,Dallas,75001,"$26,701 - $44,500",FALSE,Private,No,
,Female,32,2,2,0,0,Hispanic,Dallas,75248,"$44,501 - $71,200",FALSE,Private,No,
,Male,32,2,2,0,0,Hispanic,Dallas,75254,"$44,501 - $71,200",FALSE,Private,No,
,Female,34,2,1,3,2,Hispanic,Dallas,75254,Does not want to disclose,FALSE,Prefer Not to Answer,Prefer Not to Answer,
,Female,34,2,1,1,0,Asian,Dallas,75254,"Over $71,200",FALSE,Other,No,
,Female,35,2,2,0,0,Hispanic,Dallas,75254,"$26,701 - $44,500",FALSE,Medicaid,No,
,Female,35,2,2,0,0,Hispanic,Dallas,75254,"$26,701 - $44,500",FALSE,Prefer Not to Answer,No,
,Male,36,3,1,2,0,Hispanic,Dallas,75001,"$26,701 - $44,500",FALSE,Private,No,
,Female,36,4,0,2,1,Hispanic,Dallas,75001,"Under $26,700",FALSE,Uninsured,No,
,Female,37,2,0,2,0,Hispanic,Dallas,75001,Does not want to disclose,FALSE,Prefer Not to Answer,No,
,Female,37,7,1,1,0,Hispanic,Dallas,75254,Unknown,FALSE,Other,No,
,Female,37,2,1,1,0,Hispanic,Dallas,75254,Does not want to disclose,FALSE,Uninsured,No,
,Female,38,2,0,1,1,Hispanic,Dallas,75248,"Under $26,700",FALSE,Other,No,
,Female,39,6,1,1,1,Hispanic,Dallas,75254,Unknown,FALSE,Medicaid,Yes,
,Female,40,2,1,2,0,Hispanic,Dallas,75254,"Under $26,700",FALSE,Uninsured,No,
,Female,41,5,1,2,0,Prefer Not to Answer,Dallas,75134,Unknown,FALSE,Medicaid,Yes,
,Female,41,2,0,1,0,Hispanic,Dallas,75001,Does not want to disclose,FALSE,Prefer Not to Answer,No,
,Female,44,2,0,1,1,Hispanic,Dallas,75254,"Under $26,700",FALSE,Uninsured,No,
,Female,46,2,0,2,2,Hispanic,Dallas,75001,"$26,701 - $44,500",FALSE,Private,No,
,Female,46,1,1,1,0,Black or African American,Dallas,75240,"$26,701 - $44,500",FALSE,Other,No,
,Female,46,4,0,1,0,Hispanic,Dallas,75248,"Under $26,700",FALSE,Uninsured,No,
,Female,46,4,0,1,0,Hispanic,Dallas,75006,Unknown,FALSE,Medicaid,Yes,
,Female,47,3,1,1,1,Hispanic,Dallas,75050,"$44,501 - $71,200",FALSE,Private,No,
,Female,48,2,0,2,0,Hispanic,Dallas,75248,Does not want to disclose,FALSE,Prefer Not to Answer,No,
,Female,49,2,1,0,0,Hispanic,Dallas,75254,"Under $26,700",FALSE,Uninsured,No,
,Female,50,3,0,0,1,Hispanic,Dallas,75211,"$26,701 - $44,500",FALSE,Private,No,
,Female,51,2,3,1,1,Hispanic,Dallas,75254,Unknown,FALSE,Prefer Not to Answer,No,
,Female,52,3,0,1,0,Hispanic,Dallas,75001,Unknown,FALSE,Prefer Not to Answer,No,
,Male,53,1,0,2,0,Black or African American,Dallas,75240,"Over $71,200",FALSE,Private,No,
,Female,56,4,1,0,0,Hispanic,Dallas,75254,"$44,501 - $71,200",FALSE,Prefer Not to Answer,No,
,Male,57,2,0,2,0,Hispanic,Dallas,75001,"$26,701 - $44,500",FALSE,Medicaid,No,
,Female,59,2,0,0,1,Hispanic,Dallas,75254,Does not want to disclose,FALSE,Medicaid,Prefer Not to Answer,
,Female,60,3,1,0,0,Hispanic,Dallas,75001,Unknown,FALSE,Uninsured,No,
,Female,66,2,2,0,0,Hispanic,Dallas,75001,Unknown,FALSE,Other,No,
,Female,24,1,0,0,0,Hispanic,Dallas,75209,"Under $26,700",FALSE,Uninsured,No,
,Female,26,2,2,0,0,Hispanic,Dallas,75050,Unknown,FALSE,Medicaid,No,
,Female,29,2,1,0,0,Hispanic,Dallas,75212,"$26,701 - $44,500",FALSE,Medicaid; Other,No,
,Female,29,2,2,3,0,Hispanic,Dallas,75216,"$26,701 - $44,500",FALSE,Medicaid,Yes,
,Female,31,2,1,0,0,Hispanic,Dallas,75137,"$26,701 - $44,500",TRUE,Medicaid; Uninsured,Yes,
,Female,31,2,1,0,0,White,Tarrant,76112,Unknown,FALSE,Medicaid,No,
,Female,31,2,1,0,0,White,Dallas,75062,"$26,701 - $44,500",FALSE,Medicaid,No,
,Female,32,2,4,2,0,Hispanic,Dallas,75116,"$26,701 - $44,500",FALSE,Medicaid,Yes,
,Female,32,5,1,2,0,Hispanic,Dallas,75216,"Under $26,700",FALSE,Uninsured,Yes,
,Female,34,2,1,1,0,Hispanic,Dallas,75051,"$44,501 - $71,200",FALSE,Other,No,
,Female,34,2,1,0,0,Hispanic,Dallas,75038,"Under $26,700",FALSE,Prefer Not to Answer,No,
,Female,34,2,2,1,1,Hispanic,Dallas,75241,Does not want to disclose,FALSE,Uninsured,No,
,Female,34,4,2,0,0,Hispanic,Dallas,75211,"$26,701 - $44,500",FALSE,Prefer Not to Answer,No,
,Female,35,2,2,2,0,Hispanic,Dallas,75208,"$26,701 - $44,500",FALSE,Medicaid,Yes,
,Female,35,2,1,2,0,Hispanic,Dallas,75241,"$26,701 - $44,500",FALSE,CHIP,No,
,Female,37,2,1,1,1,Hispanic,Dallas,75115,"Over $71,200",FALSE,Uninsured,No,
,Female,37,2,1,2,0,Hispanic,Dallas,75216,"Under $26,700",FALSE,Medicaid,No,
,Female,38,2,1,0,0,Hispanic,Dallas,75211,"$26,701 - $44,500",FALSE,Medicaid; Uninsured,No,
,Female,38,2,3,1,2,Hispanic,Dallas,75249,"$44,501 - $71,200",FALSE,Medicaid,Yes,
,Female,38,2,1,1,2,White,Dallas,75051,"Under $26,700",FALSE,Prefer Not to Answer,No,
,Female,39,3,1,0,1,Hispanic,Dallas,75212,"$26,701 - $44,500",FALSE,Uninsured,No,
,Female,39,2,1,1,0,Hispanic,Dallas,75211,"$26,701 - $44,500",FALSE,Medicaid,Yes,
,Female,39,2,1,1,0,Hispanic,Tarrant,76017,"$26,701 - $44,500",FALSE,Uninsured,No,
,Female,39,2,1,0,0,Hispanic,Dallas,75212,"Under $26,700",FALSE,Medicaid; Uninsured,No,
,Female,39,2,3,1,0,Hispanic,Dallas,75050,"$26,701 - $44,500",FALSE,Medicaid,No,
,Female,39,3,2,0,1,Hispanic,Dallas,75208,Unknown,FALSE,Medicaid,No,
,Female,39,2,1,1,0,Hispanic,Tarrant,76017,"$44,501 - $71,200",FALSE,Uninsured,No,
,Female,40,2,2,1,0,White,Dallas,75209,"Under $26,700",FALSE,Medicaid,Yes,
,Female,40,2,1,2,2,Hispanic,Dallas,75236,"$26,701 - $44,500",FALSE,Medicaid,Yes,
,Female,40,2,1,2,1,Hispanic,Dallas,75208,Unknown,FALSE,Medicaid,No,
,Female,43,5,0,1,0,Hispanic,Dallas,75115,Unknown,FALSE,Uninsured,No,
,Female,45,2,2,0,0,Hispanic,Dallas,75224,"$44,501 - $71,200",FALSE,Medicaid; Uninsured,No,
,Female,46,2,1,3,2,White,Dallas,75236,"$44,501 - $71,200",FALSE,Medicaid,No,
,Female,48,2,0,2,1,Hispanic,Dallas,7524,"$26,701 - $44,500",FALSE,CHIP,No,
,Female,50,2,1,0,0,Hispanic,Dallas,75134,"$26,701 - $44,500",FALSE,Medicaid,No,
,Male,51,2,1,1,0,Hispanic,Dallas,75212,"$26,701 - $44,500",FALSE,Medicaid,Yes,
,Female,52,5,1,0,0,Hispanic,Dallas,75211,Unknown,FALSE,Uninsured,No,
,Female,59,2,0,0,0,Hispanic,Dallas,75224,"$26,701 - $44,500",FALSE,Uninsured,No,
,Female,Unknown,1,0,0,0,Hispanic,Tarrant,76014,Unknown,FALSE,Uninsured,No,
,Female,37,5,1,0,0,Hispanic,Dallas,75227,Unknown,FALSE,Medicaid,Yes,
,Female,46,2,1,2,0,Hispanic,Dallas,75217,"Under $26,700",FALSE,Medicaid,No,
,Female,53,2,0,2,0,Hispanic,Dallas,75217,Unknown,FALSE,Medicaid,Yes,
,Female,Unknown,2,0,1,0,Hispanic,Dallas,75231,Does not want to disclose,FALSE,Medicaid,No,
,Female,35,2,1,1,0,Hispanic,Dallas,75006,"$26,701 - $44,500",FALSE,Uninsured,No,
,Female,Unknown,2,2,0,0,Hispanic,Denton,75067,"$26,701 - $44,500",FALSE,Private,No,
,Female,36,6,1,2,1,Hispanic,Dallas,75006,"$44,501 - $71,200",FALSE,Medicaid,No,
,Female,Unknown,2,1,1,1,Hispanic,Dallas,75220,"Under $26,700",FALSE,Medicaid,Yes,
,Female,21,2,1,0,0,Hispanic,Dallas,75220,"Under $26,700",FALSE,Medicaid,Yes,
,Male,25,2,0,1,0,Hispanic,Dallas,75216,"Under $26,700",FALSE,Prefer Not to Answer,No,
,Female,25,2,1,0,0,Hispanic,Dallas,75231,"$44,501 - $71,200",FALSE,Medicaid,No,
,Female,25,3,1,0,0,Hispanic,Dallas,75227,Unknown,FALSE,Medicaid,No,
,Male,26,2,1,0,0,Hispanic,Dallas,75224,"Under $26,700",FALSE,Uninsured,No,
,Female,26,3,2,0,0,Hispanic,Dallas,75217,"$26,701 - $44,500",FALSE,CHIP; Medicaid; Other,No,
,Female,26,2,3,0,0,Hispanic,Dallas,75220,Unknown,FALSE,Medicaid,Yes,
,Female,27,2,0,1,0,Hispanic,Tarrant,76115,Does not want to disclose,FALSE,Prefer Not to Answer,No,
,Male,28,2,0,0,1,Hispanic,Dallas,75216,"Under $26,700",FALSE,Uninsured,No,
,Female,28,2,3,0,0,Hispanic,Dallas,75210,Unknown,FALSE,Medicaid,No,
,Female,30,2,1,1,0,Hispanic,Tarrant,76105,"$26,701 - $44,500",FALSE,Medicaid,No,
,Male,30,1,0,0,0,Hispanic,Dallas,75220,Unknown,FALSE,Uninsured,No,
,Female,31,4,2,0,0,Hispanic,Dallas,75234,"$44,501 - $71,200",FALSE,Medicaid,No,
,Female,32,5,2,0,0,Hispanic,Dallas,75217,"$26,701 - $44,500",FALSE,Medicaid,No,
,Female,32,2,1,2,0,Hispanic,Dallas,75220,"Under $26,700",FALSE,Medicaid,Yes,
,Female,32,2,1,0,0,Hispanic,Tarrant,76053,"$26,701 - $44,500",FALSE,Uninsured,No,
,Female,33,2,3,2,1,Hispanic,Tarrant,76110,"$26,701 - $44,500",FALSE,Medicaid,Yes,
,Female,33,1,0,0,0,Hispanic,Other,75125,"$26,701 - $44,500",FALSE,Uninsured,No,
,Female,34,6,2,0,0,Hispanic,Dallas,75217,Does not want to disclose,FALSE,Other,No,
,Female,35,2,0,1,0,Hispanic,Dallas,75216,"$44,501 - $71,200",FALSE,Prefer Not to Answer,No,
,Male,35,2,0,1,0,Hispanic,Dallas,75216,"$44,501 - $71,200",FALSE,Uninsured,No,
,Female,35,1,1,0,0,Hispanic,Tarrant,76014,Does not want to disclose,FALSE,Private,No,
,Female,35,2,1,1,0,Hispanic,Dallas,75236,Unknown,FALSE,Uninsured,No,
,Female,35,1,1,2,0,Hispanic,Tarrant,76112,"$44,501 - $71,200",FALSE,Uninsured,No,
,Female,35,2,0,0,0,Hispanic,Other,75154,"$26,701 - $44,500",FALSE,Uninsured,No,
,Female,35,2,0,0,0,Hispanic,Other,75154,"$26,701 - $44,500",FALSE,Prefer Not to Answer,No,
,Female,36,2,1,1,0,White,Dallas,75253,"$26,701 - $44,500",FALSE,Medicaid,No,
,Female,36,2,1,2,0,Hispanic,Tarrant,76112,Unknown,FALSE,Uninsured,No,
,Female,36,4,1,0,0,Hispanic,Dallas,75149,"$26,701 - $44,500",FALSE,Prefer Not to Answer,No,
,Female,36,1,0,0,0,Hispanic,Other,75165,"$26,701 - $44,500",FALSE,Uninsured,No,
,Female,37,2,2,1,1,Hispanic,Dallas,75253,"$26,701 - $44,500",FALSE,Uninsured,No,
,Female,37,6,1,0,0,Hispanic,Dallas,75038,Does not want to disclose,FALSE,Other,No,
,Female,37,1,0,0,0,Hispanic,Dallas,75050,Unknown,FALSE,Uninsured,No,
,Female,37,2,1,1,2,Hispanic,Dallas,75228,"$26,701 - $44,500",FALSE,Medicaid,No,
,Female,37,2,0,5,1,Hispanic,Tarrant,76115,"$44,501 - $71,200",FALSE,Medicaid,No,
,Female,37,2,2,0,0,Hispanic,Dallas,75180,Unknown,FALSE,Medicaid,No,
,Female,37,2,0,1,1,Hispanic,Dallas,75220,"Under $26,700",FALSE,Prefer Not to Answer,No,
,Female,38,2,0,2,1,Hispanic,Dallas,75051,"$26,701 - $44,500",FALSE,Uninsured,No,
,Female,38,2,2,0,0,Hispanic,Tarrant,76104,"$26,701 - $44,500",FALSE,Uninsured,No,
,Female,38,2,1,2,0,Hispanic,Dallas,75149,"$26,701 - $44,500",FALSE,Medicaid,No,
,Female,38,2,1,0,0,Hispanic,Dallas,75227,"Over $71,200",FALSE,Prefer Not to Answer,No,
,Female,38,2,2,0,0,Hispanic,Dallas,75210,"Under $26,700",FALSE,Medicaid,Yes,
,Female,38,1,3,1,1,Hispanic,Dallas,75227,Does not want to disclose,FALSE,Medicaid,No,
,Female,38,2,0,2,0,Hispanic,Dallas,75220,"Under $26,700",FALSE,Medicaid,No,
,Female,38,2,2,0,0,Hispanic,Dallas,75006,"Over $71,200",FALSE,Private,No,
,Female,38,6,0,0,0,Hispanic,Dallas,75232,"$26,701 - $44,500",FALSE,Medicaid,No,
,Male,39,2,0,0,1,Hispanic,Dallas,75216,"Under $26,700",FALSE,Uninsured,No,
,Female,39,2,0,0,1,Hispanic,Dallas,75154,Does not want to disclose,FALSE,Private,No,
,Male,39,3,0,0,1,Hispanic,Dallas,75224,"$26,701 - $44,500",FALSE,Uninsured,No,
,Male,39,2,1,2,0,Hispanic,Dallas,75154,Does not want to disclose,FALSE,Private,No,
,Female,39,2,0,0,0,Hispanic,Other,75125,"$26,701 - $44,500",FALSE,Uninsured,No,
,Female,39,6,1,1,0,Hispanic,Dallas,75217,"$44,501 - $71,200",FALSE,CHIP,No,
,Female,39,2,1,1,1,Hispanic,Dallas,75229,"$26,701 - $44,500",FALSE,CHIP,No,
,Male,40,2,0,0,1,Hispanic,Dallas,75154,Does not want to disclose,FALSE,Private,No,
,Female,40,2,1,2,0,Hispanic,Other,75154,Does not want to disclose,FALSE,Private,No,
,Female,40,2,1,0,0,Hispanic,Dallas,75125,Unknown,FALSE,Uninsured,No,
,Female,40,2,1,1,1,Hispanic,Denton,75217,"$26,701 - $44,500",FALSE,Uninsured,No,
,Female,40,2,0,0,0,Hispanic,Other,75125,"$44,501 - $71,200",FALSE,Prefer Not to Answer,No,
,Female,40,2,0,0,0,Hispanic,Other,75165,"$26,701 - $44,500",FALSE,Uninsured,No,
,Female,40,2,1,0,0,Hispanic,Dallas,75220,"Under $26,700",FALSE,Uninsured,No,
,Female,41,2,0,0,0,Hispanic,Dallas,75224,"$44,501 - $71,200",FALSE,Prefer Not to Answer,Prefer Not to Answer,
,Male,41,3,0,0,1,Hispanic,Dallas,75224,Does not want to disclose,FALSE,Uninsured,No,
,Female,41,3,1,1,0,Hispanic,Dallas,75217,Unknown,FALSE,Medicaid,No,
,Female,41,3,0,1,0,Hispanic,Dallas,75220,Does not want to disclose,FALSE,Uninsured,No,
,Female,41,3,0,2,2,Hispanic,Tarrant,76112,"$26,701 - $44,500",FALSE,Uninsured,No,
,Female,41,2,1,2,0,Hispanic,Tarrant,76106,Unknown,FALSE,Medicaid,Yes,
,Female,41,2,2,1,0,Hispanic,Tarrant,76111,"$26,701 - $44,500",FALSE,Uninsured,Yes,
,Female,41,2,0,1,2,Hispanic,Dallas,75227,"$44,501 - $71,200",FALSE,Uninsured,No,
,Female,41,2,1,2,1,Hispanic,Dallas,75062,Unknown,FALSE,Medicaid,No,
,Female,41,2,2,1,1,Hispanic,Dallas,75235,"$26,701 - $44,500",FALSE,Uninsured,No,
,Female,41,2,2,0,0,Hispanic,Collin,75287,"$26,701 - $44,500",FALSE,Medicaid,No,
,Male,42,3,0,0,1,Hispanic,Dallas,75224,"$26,701 - $44,500",FALSE,Uninsured,No,
,Female,42,4,1,1,1,Hispanic,Other,75114,Does not want to disclose,FALSE,Medicaid,No,
,Female,42,3,0,2,1,Hispanic,Dallas,75227,Does not want to disclose,FALSE,Medicaid,No,
,Female,42,2,2,0,0,Hispanic,Dallas,75253,Does not want to disclose,FALSE,Medicaid,No,
,Female,42,5,0,2,0,Hispanic,Dallas,75216,Unknown,FALSE,Medicaid,No,
,Female,42,3,0,0,0,Hispanic,Other,75125,"$44,501 - $71,200",FALSE,Prefer Not to Answer,No,
,Female,42,2,0,1,2,Hispanic,Dallas,75220,Unknown,FALSE,Medicaid,Yes,
,Male,43,2,1,0,0,Hispanic,Dallas,75125,Unknown,FALSE,Uninsured,No,
,Female,43,2,1,1,0,Hispanic,Dallas,75220,"Under $26,700",FALSE,Medicaid,Yes,
,Female,43,2,0,2,0,Hispanic,Tarrant,76006,"$26,701 - $44,500",FALSE,Uninsured,No,
,Female,43,2,1,1,1,Hispanic,Dallas,75220,"$26,701 - $44,500",FALSE,Medicaid,Prefer Not to Answer,
,Female,43,2,1,1,0,Hispanic,Dallas,75220,"$44,501 - $71,200",FALSE,Medicaid,No,
,Female,44,2,1,1,0,Hispanic,Other,75154,"Under $26,700",FALSE,Medicaid,No,
,Female,44,4,1,1,1,Hispanic,Dallas,75227,Does not want to disclose,FALSE,Medicaid,No,
,Female,44,2,0,0,0,Hispanic,Other,75125,"$26,701 - $44,500",FALSE,Prefer Not to Answer,No,
,Female,44,1,0,1,0,Hispanic,Dallas,75227,"Under $26,700",FALSE,CHIP,No,
,Male,45,2,1,1,0,Hispanic,Other,75154,"Under $26,700",FALSE,Medicaid,No,
,Female,45,2,1,0,0,Hispanic,Dallas,75210,"$26,701 - $44,500",FALSE,Medicaid,No,
,Female,46,2,0,0,0,Hispanic,Other,75125,"$26,701 - $44,500",FALSE,Prefer Not to Answer,No,
,Female,47,3,0,1,1,Hispanic,Tarrant,76134,"$26,701 - $44,500",FALSE,Medicaid,No,
,Female,48,3,0,0,1,Hispanic,Dallas,75208,"Under $26,700",FALSE,Uninsured,Prefer Not to Answer,
,Female,48,2,0,1,1,Hispanic,Dallas,75220,"Under $26,700",FALSE,Medicaid,Yes,
,Female,49,2,0,1,0,Hispanic,Dallas,75180,"$26,701 - $44,500",FALSE,Medicaid,No,
,Male,50,3,0,0,1,Hispanic,Dallas,75208,"Under $26,700",FALSE,Uninsured,Prefer Not to Answer,
,Female,50,3,0,1,0,Hispanic,Dallas,75154,Does not want to disclose,FALSE,Private,No,
,Female,50,5,2,0,0,Hispanic,Dallas,75217,Unknown,FALSE,Private,Prefer Not to Answer,
,Female,51,3,0,2,0,Hispanic,Dallas,75159,"Under $26,700",FALSE,Uninsured,No,
,Male,52,3,0,1,0,Hispanic,Dallas,75154,Does not want to disclose,FALSE,Private; Prefer Not to Answer,No,
,Male,53,2,0,0,0,Hispanic,Denton,75211,"$26,701 - $44,500",FALSE,Prefer Not to Answer,No,
,Female,59,2,0,0,0,Hispanic,Dallas,75062,Does not want to disclose,FALSE,Private,No,
,Female,60,1,0,0,0,Hispanic,Dallas,75211,"$26,701 - $44,500",FALSE,Prefer Not to Answer,No,
,Other,61,1,0,0,0,Hispanic,Other,75154,"$26,701 - $44,500",FALSE,Uninsured,No,
,Female,62,1,0,0,0,Hispanic,Dallas,75151,Does not want to disclose,FALSE,Uninsured,No,
,Female,63,1,0,0,0,Hispanic,Dallas,75217,"Under $26,700",FALSE,Uninsured,No,
,Female,66,2,0,1,2,Hispanic,Dallas,75232,"Under $26,700",FALSE,Prefer Not to Answer,No,
,Female,67,2,0,0,0,Hispanic,Dallas,76065,"$26,701 - $44,500",FALSE,Other,No,
,Male,67,2,0,0,0,Hispanic,Dallas,76065,"$26,701 - $44,500",FALSE,Other,Prefer Not to Answer,
,Female,68,6,0,0,0,Hispanic,Dallas,75217,"$44,501 - $71,200",FALSE,CHIP,No,
,Female,68,2,0,0,0,White,Dallas,75220,Does not want to disclose,FALSE,Prefer Not to Answer,No,
,Female,69,2,0,0,0,Hispanic,Dallas,75154,Does not want to disclose,FALSE,Other,No,
,Female,74,2,0,0,0,Hispanic,Dallas,75154,Does not want to disclose,FALSE,Other,No,
,Female,74,2,2,0,0,Hispanic,Dallas,5211,"Under $26,700",FALSE,Prefer Not to Answer,No,
,Female,Unknown,1,0,1,0,White,Other,75167,Does not want to disclose,FALSE,Prefer Not to Answer,Prefer Not to Answer,
,Female,26,2,1,0,0,Hispanic,Dallas,75216,Unknown,FALSE,Uninsured,No,
,Female,27,1,0,2,0,Hispanic,Dallas,75224,Does not want to disclose,FALSE,Medicaid,No,
,Male,28,1,0,2,0,Hispanic,Dallas,75224,Does not want to disclose,FALSE,Medicaid,No,
,Female,32,3,0,1,0,Hispanic,Dallas,75224,Does not want to disclose,FALSE,Uninsured,No,
,Female,32,3,0,2,0,Hispanic,Dallas,75205,Unknown,FALSE,Prefer Not to Answer,No,
,Female,33,1,0,1,0,Hispanic,Dallas,75215,Unknown,FALSE,Uninsured,No,
,Female,34,2,1,2,0,Hispanic,Dallas,75224,"Under $26,700",FALSE,Medicaid,No,
,Female,34,2,0,2,2,Hispanic,Dallas,75224,Does not want to disclose,FALSE,Medicaid,No,
,Female,37,1,0,0,0,White,Dallas,75287,Unknown,FALSE,Prefer Not to Answer,No,
,Male,40,2,1,1,2,Hispanic,Dallas,75224,"$26,701 - $44,500",FALSE,Medicaid,No,
,Female,41,2,0,1,0,Hispanic,Other,75165,Does not want to disclose,FALSE,Medicaid,No,
,Female,42,4,0,0,2,Hispanic,Dallas,75216,"$26,701 - $44,500",FALSE,Other,No,
,Female,43,2,0,1,1,Hispanic,Dallas,75216,Does not want to disclose,FALSE,Medicaid,No,
,Male,46,2,0,1,1,Hispanic,Dallas,75216,Does not want to disclose,FALSE,Medicaid,No,
,Female,53,1,0,1,1,Hispanic,Dallas,75216,Unknown,FALSE,Medicaid,Yes,
,Male,59,2,0,1,0,Hispanic,Dallas,75224,"$26,701 - $44,500",FALSE,Prefer Not to Answer,No,
,Male,59,4,0,0,1,Hispanic,Dallas,75224,"$26,701 - $44,500",FALSE,Medicaid,No,
,Prefer Not to Answer,59,5,1,2,0,Hispanic,Dallas,75211,Unknown,FALSE,Uninsured,No,
,Female,59,5,1,2,0,Hispanic,Dallas,75211,Unknown,FALSE,Uninsured,No,
,Female,93,3,0,2,0,Hispanic,Dallas,75211,Unknown,FALSE,Medicaid,No,
,Female,37,2,1,0,0,Hispanic,Dallas,75241,"$44,501 - $71,200",FALSE,CHIP,No,
,Female,19,3,1,0,0,Hispanic,Dallas,75216,Unknown,FALSE,Medicaid,Yes,
,Female,22,5,2,0,0,Hispanic,Dallas,75211,Unknown,FALSE,Medicaid; Private,No,
,Female,26,1,0,0,1,Hispanic,Dallas,75217,"Under $26,700",FALSE,Prefer Not to Answer,Yes,
,Female,35,2,2,0,0,Hispanic,Tarrant,76010,Does not want to disclose,FALSE,Medicaid,No,
,Female,36,2,0,2,0,White,Dallas,75050,"$44,501 - $71,200",FALSE,Prefer Not to Answer,Prefer Not to Answer,
,Female,37,2,1,0,0,Hispanic,Dallas,75216,Unknown,FALSE,Medicaid,Yes,
,Female,38,4,0,2,1,Hispanic,Dallas,75216,Does not want to disclose,FALSE,CHIP; Medicaid,No,
,Female,38,3,1,1,0,Hispanic,Dallas,75211,Does not want to disclose,FALSE,Medicaid,No,
,Female,41,2,0,2,2,White,Dallas,75217,"Under $26,700",FALSE,CHIP; Medicaid,Yes,
,Female,42,5,2,0,0,Hispanic,Dallas,75211,Does not want to disclose,FALSE,Medicaid; Private,No,
,Female,45,2,0,1,1,Hispanic,Dallas,75220,"Under $26,700",FALSE,Medicaid,Yes,
,Female,45,2,0,0,2,Hispanic,Dallas,75217,"$26,701 - $44,500",FALSE,Other,No,
,Female,47,6,0,1,0,Hispanic,Dallas,75229,"$26,701 - $44,500",FALSE,Medicaid,No,
,Female,48,3,0,0,1,Hispanic,Dallas,75228,"$26,701 - $44,500",FALSE,Private,No,
,Female,49,2,0,0,1,White,Dallas,75214,Does not want to disclose,FALSE,Private,No,
,Female,49,4,0,0,0,Hispanic,Dallas,75232,"$26,701 - $44,500",FALSE,Uninsured,No,
,Female,53,2,0,0,0,Hispanic,Dallas,75216,"Under $26,700",FALSE,Uninsured,Prefer Not to Answer,
,Female,54,2,0,0,2,Hispanic,Dallas,75217,"$26,701 - $44,500",FALSE,CHIP,No,
,Female,24,1,1,1,0,Hispanic,Dallas,75134,"Under $26,700",FALSE,Uninsured,No,
,Female,32,4,1,1,0,Hispanic,Dallas,75134,"$44,501 - $71,200",FALSE,Private,No,
,Female,35,2,2,0,1,Hispanic,Dallas,75134,"$26,701 - $44,500",FALSE,CHIP,Yes,
,Female,36,2,1,2,1,Hispanic,Dallas,75134,Does not want to disclose,FALSE,Medicaid,No,
,Female,38,2,2,1,0,Hispanic,Dallas,75146,"Under $26,700",FALSE,Medicaid,No,
,Female,44,2,1,2,3,Hispanic,Dallas,75146,"$44,501 - $71,200",FALSE,Medicaid,Yes,
,Female,46,2,1,1,0,Hispanic,Dallas,75146,Unknown,FALSE,Medicaid,No,
,Female,24,2,2,0,0,Hispanic,Dallas,75134,Does not want to disclose,FALSE,Uninsured,No,
,Female,28,2,1,1,0,Hispanic,Dallas,75134,Unknown,FALSE,Uninsured,No,
,Male,30,3,2,0,0,Hispanic,Dallas,75134,Unknown,FALSE,Uninsured,No,
,Female,31,2,1,1,0,Hispanic,Dallas,75134,"$44,501 - $71,200",FALSE,Medicaid,No,
,Female,32,2,1,1,0,Hispanic,Dallas,75146,"$44,501 - $71,200",FALSE,Uninsured,No,
,Female,32,3,0,1,0,Hispanic,Dallas,75241,"Over $71,200",FALSE,Uninsured,No,
,Female,32,3,2,0,0,Hispanic,Dallas,75134,Unknown,FALSE,Uninsured,No,
,Female,34,2,1,1,1,Hispanic,Dallas,75134,Does not want to disclose,FALSE,Medicaid,No,
,Female,35,3,2,2,0,Hispanic,Dallas,75146,Unknown,FALSE,CHIP,No,
,Female,35,6,1,1,1,Hispanic,Dallas,75146,"Under $26,700",FALSE,Prefer Not to Answer,No,
,Female,40,4,0,1,0,Hispanic,Dallas,75134,Unknown,FALSE,Uninsured,No,
,Female,41,3,1,2,0,Hispanic,Dallas,75146,"$44,501 - $71,200",FALSE,Private,No,
,Female,42,7,1,0,1,Hispanic,Dallas,75134,"Under $26,700",FALSE,Medicaid,Yes,
,Female,44,3,0,2,2,Hispanic,Dallas,75134,"$44,501 - $71,200",FALSE,Private,No,
,Female,45,3,0,1,2,Hispanic,Dallas,75134,"$26,701 - $44,500",FALSE,Uninsured,No,
,Female,34,4,2,0,0,Hispanic,Tarrant,76120,Unknown,FALSE,Prefer Not to Answer,No,
,Male,38,4,0,1,0,Hispanic,Tarrant,76120,Unknown,FALSE,Prefer Not to Answer,Prefer Not to Answer,
,Female,44,2,0,2,0,Hispanic,Tarrant,76120,"$26,701 - $44,500",FALSE,CHIP,No,
,Male,46,2,1,0,0,Black or African American,Tarrant,76120,Does not want to disclose,FALSE,Private,No,
,Female,48,5,3,1,0,Hispanic,Tarrant,76105,"$26,701 - $44,500",FALSE,Uninsured; Other,No,
,Female,55,2,1,0,0,Black or African American,Tarrant,76120,Does not want to disclose,FALSE,Private,No,
,Male,55,3,0,1,0,Hispanic,Tarrant,76120,Does not want to disclose,FALSE,Prefer Not to Answer,No,
,Female,64,3,0,1,0,Hispanic,Tarrant,76120,Does not want to disclose,FALSE,Prefer Not to Answer,No,
,Male,Unknown,3,0,1,3,Hispanic,Dallas,75224,Does not want to disclose,FALSE,Uninsured,No,
,Male,24,4,0,0,0,Prefer Not to Answer,Dallas,75241,"$26,701 - $44,500",FALSE,Uninsured,No,
,Female,28,2,0,0,0,Hispanic,Dallas,75216,"$44,501 - $71,200",FALSE,Uninsured,No,
,Female,30,4,0,0,0,Hispanic,Dallas,75234,Does not want to disclose,FALSE,Private,No,
,Female,31,1,1,3,1,Hispanic,Dallas,75211,"Under $26,700",FALSE,Medicaid,No,
,Female,38,3,0,0,2,Hispanic,Dallas,75211,"Under $26,700",FALSE,Uninsured,No,
,Female,38,5,0,1,2,Hispanic,Dallas,75212,"$26,701 - $44,500",FALSE,Medicaid,No,
,Female,38,3,0,2,1,Hispanic,Dallas,75224,"$26,701 - $44,500",FALSE,Medicaid,Yes,
,Female,41,2,0,0,1,Hispanic,Dallas,75211,"$26,701 - $44,500",FALSE,Other,No,
,Female,42,4,0,2,2,Hispanic,Dallas,75115,"$44,501 - $71,200",FALSE,Medicaid,No,
,Female,42,4,0,1,1,Hispanic,Dallas,75211,"$44,501 - $71,200",FALSE,Uninsured,No,
,Female,43,1,0,1,1,Hispanic,Dallas,75208,"$26,701 - $44,500",FALSE,Medicaid,Yes,
,Female,44,5,0,0,1,Hispanic,Dallas,75211,"$26,701 - $44,500",FALSE,Prefer Not to Answer,No,
,Female,45,4,0,0,0,Hispanic,Dallas,75051,Does not want to disclose,FALSE,Prefer Not to Answer,No,
,Female,45,3,0,0,1,Hispanic,Dallas,75211,Does not want to disclose,FALSE,Medicaid,No,
,Female,45,3,0,1,1,Hispanic,Dallas,75211,Does not want to disclose,FALSE,Private,No,
,Female,46,2,0,0,3,Hispanic,Dallas,75211,Unknown,FALSE,Medicaid,Yes,
,Female,46,5,0,0,2,Hispanic,Dallas,75208,Does not want to disclose,FALSE,Prefer Not to Answer,No,
,Male,47,3,0,1,1,Hispanic,Dallas,75211,Unknown,FALSE,Private,No,
,Female,49,1,0,0,1,Hispanic,Dallas,75115,Does not want to disclose,FALSE,CHIP,No,
,Female,49,3,0,0,0,Hispanic,Dallas,75224,Unknown,FALSE,Prefer Not to Answer,No,
,Female,50,2,1,0,1,Hispanic,Dallas,75253,"Under $26,700",FALSE,Medicaid,Yes,
,Female,50,4,0,1,0,Hispanic,Dallas,75211,"$26,701 - $44,500",FALSE,Other,No,
,Female,51,2,0,0,0,Asian,Dallas,75211,"$26,701 - $44,500",FALSE,Prefer Not to Answer,No,
,Male,53,3,0,0,1,Hispanic,Dallas,75211,Does not want to disclose,FALSE,Medicaid,No,
,Female,53,4,0,0,1,Hispanic,Dallas,75211,Unknown,FALSE,Private,No,
,Female,55,3,0,1,3,Hispanic,Dallas,75224,Does not want to disclose,FALSE,Uninsured,No,
,Female,56,1,0,0,2,Hispanic,Dallas,75224,"Under $26,700",FALSE,Medicaid,Yes,
,Female,58,4,0,1,0,Hispanic,Dallas,75211,Does not want to disclose,FALSE,Private,No,
,Female,60,3,0,0,1,Hispanic,Dallas,75211,Unknown,FALSE,Prefer Not to Answer,No,
,Male,75,1,0,0,0,White,Dallas,75211,Unknown,FALSE,Medicaid,No,
,Female,25,3,0,0,0,Hispanic,Tarrant,76115,Unknown,FALSE,Prefer Not to Answer,No,
,Female,27,2,2,1,0,White,Tarrant,76134,"$44,501 - $71,200",FALSE,Medicaid,No,
,Female,27,1,1,1,0,Two or More Races,Other,76028,"Under $26,700",FALSE,Medicaid,No,
,Male,27,3,0,0,0,Hispanic,Tarrant,76115,Unknown,FALSE,Prefer Not to Answer,No,
,Female,27,2,0,1,1,Hispanic,Dallas,75211,"Under $26,700",FALSE,Medicaid,No,
,Female,29,3,0,3,0,Hispanic,Tarrant,76036,"Over $71,200",FALSE,Private,No,
,Female,30,2,1,1,0,Hispanic,Other,76009,"$44,501 - $71,200",FALSE,CHIP,No,
,Female,30,3,1,2,0,Black or African American,Tarrant,76134,"$44,501 - $71,200",FALSE,Other,No,
,Male,30,1,0,1,0,Hispanic,Dallas,75224,"Under $26,700",FALSE,Medicaid,Yes,
,Female,31,2,1,1,0,Hispanic,Tarrant,76123,"Over $71,200",FALSE,Uninsured,No,
,Female,31,2,1,2,0,Hispanic,Tarrant,76123,"Over $71,200",FALSE,Private,No,
,Female,31,2,0,3,0,Hispanic,Dallas,75216,Does not want to disclose,FALSE,Uninsured,No,
,Male,32,2,1,1,0,Hispanic,Other,76009,"$44,501 - $71,200",FALSE,CHIP,No,
,Female,32,1,1,1,0,White,Tarrant,76123,"Over $71,200",FALSE,Private,No,
,Female,32,2,1,1,0,Hispanic,Tarrant,76134,"Over $71,200",FALSE,Prefer Not to Answer,No,
,Female,32,1,0,1,0,Hispanic,Dallas,75224,"$26,701 - $44,500",FALSE,Medicaid,No,
,Female,33,1,0,1,0,Hispanic,Dallas,75224,"Under $26,700",FALSE,Medicaid,Yes,
,Female,34,3,1,2,0,Hispanic,Tarrant,76133,"$26,701 - $44,500",FALSE,Other,No,
,Male,34,2,1,2,0,Hispanic,Tarrant,76110,"$26,701 - $44,500",FALSE,Prefer Not to Answer,No,
,Female,34,2,0,1,1,Hispanic,Dallas,75211,"Under $26,700",FALSE,Medicaid,No,
,Female,35,2,1,2,1,Hispanic,Tarrant,76140,"Over $71,200",FALSE,Private,No,
,Female,35,2,1,2,0,Hispanic,Dallas,75208,"Under $26,700",FALSE,Medicaid,Yes,
,Male,36,2,0,3,0,Hispanic,Dallas,75216,Does not want to disclose,FALSE,Uninsured,No,
,Female,38,5,1,2,0,Hispanic,Tarrant,76110,Unknown,FALSE,Prefer Not to Answer,No,
,Male,38,2,1,2,0,Hispanic,Dallas,75208,"Under $26,700",FALSE,Medicaid,Yes,
,Male,41,2,0,3,1,Hispanic,Tarrant,76028,"$26,701 - $44,500",FALSE,Uninsured,No,
,Female,44,2,0,3,0,Prefer Not to Answer,Tarrant,76123,Does not want to disclose,FALSE,Other,No,
,Female,45,2,0,1,0,Hispanic,Dallas,75216,"Under $26,700",FALSE,Medicaid,No,
,Male,46,2,0,3,0,Prefer Not to Answer,Tarrant,76123,Does not want to disclose,FALSE,Other,No,
,Female,46,3,1,1,1,Hispanic,Tarrant,76115,"Under $26,700",FALSE,Medicaid,No,
,Female,48,2,4,0,0,Hispanic,Tarrant,76028,"$26,701 - $44,500",FALSE,Uninsured,No,
,Male,49,2,1,2,0,Hispanic,Tarrant,76123,"Over $71,200",FALSE,Private,No,
,Female,50,2,0,2,1,Hispanic,Tarrant,76123,"$44,501 - $71,200",FALSE,Medicaid; Private,No,
,Female,50,2,0,1,0,Hispanic,Tarrant,76133,"Under $26,700",FALSE,Medicaid,Yes,
,Female,51,4,0,1,0,Black or African American,Tarrant,76123,"Over $71,200",FALSE,Private,No,
,Female,52,2,0,1,0,Hispanic,Dallas,75241,Unknown,FALSE,Uninsured,No,
,Male,59,3,0,2,0,Hispanic,Dallas,75208,Unknown,FALSE,Prefer Not to Answer,No,
,Female,62,3,0,2,0,Hispanic,Dallas,75208,Unknown,FALSE,Prefer Not to Answer,No,
,Female,63,3,1,2,0,Black or African American,Tarrant,76134,"Over $71,200",FALSE,Private,No,
,Female,63,3,1,0,0,Hispanic,Dallas,75236,Does not want to disclose,FALSE,Uninsured,No,
,Female,64,3,1,0,0,Hispanic,Dallas,75236,Does not want to disclose,FALSE,Uninsured,No,
,Female,36,2,1,0,0,Hispanic,Dallas,75231,Unknown,FALSE,Uninsured,No,
,Female,19,3,1,0,0,Hispanic,Dallas,75231,Unknown,FALSE,Medicaid,No,
,Female,24,2,3,0,0,Hispanic,Dallas,75231,"Under $26,700",FALSE,Uninsured,No,
,Female,27,2,1,2,0,Hispanic,Dallas,75231,Unknown,FALSE,Medicaid,Yes,
,Female,27,6,0,0,1,Hispanic,Dallas,75231,Unknown,FALSE,Prefer Not to Answer,No,
,Female,28,2,2,1,0,Hispanic,Dallas,75231,"Under $26,700",FALSE,Medicaid,Yes,
,Female,34,3,0,3,1,Hispanic,Dallas,75238,Does not want to disclose,FALSE,Uninsured,No,
,Female,36,4,1,1,0,Hispanic,Dallas,75231,"Under $26,700",FALSE,Uninsured,No,
,Female,36,4,0,2,1,Hispanic,Dallas,75231,Unknown,FALSE,Uninsured,Yes,
,Female,39,3,1,2,1,Hispanic,Dallas,75231,Unknown,FALSE,Prefer Not to Answer,No,
,Female,40,2,1,0,1,Hispanic,Dallas,75231,Unknown,FALSE,Medicaid,No,
,Female,41,4,0,2,0,Hispanic,Dallas,75238,"$26,701 - $44,500",FALSE,Private; Other,No,
,Female,42,2,1,3,0,Hispanic,Dallas,75321,Does not want to disclose,FALSE,Prefer Not to Answer,Yes,
,Female,42,2,1,1,0,Hispanic,Dallas,75231,"$26,701 - $44,500",FALSE,Uninsured,No,
,Female,44,2,0,0,2,Hispanic,Dallas,75231,"$26,701 - $44,500",FALSE,Medicaid; Uninsured,No,
,Female,47,2,0,1,1,Hispanic,Dallas,75231,Unknown,FALSE,Uninsured,No,
,Female,47,3,0,1,0,Hispanic,Dallas,75231,"Under $26,700",FALSE,Prefer Not to Answer,No,
,Female,50,1,1,2,0,Hispanic,Dallas,75231,"Under $26,700",FALSE,Medicaid,No,
,Female,51,1,0,2,3,Hispanic,Dallas,75223,Unknown,FALSE,Medicaid,No,
,Female,51,4,0,0,1,Hispanic,Dallas,75231,Unknown,FALSE,Uninsured,No,
,Male,52,2,1,1,0,Hispanic,Dallas,75231,"Under $26,700",FALSE,Medicaid,Yes,
,Female,59,3,1,0,0,Hispanic,Dallas,75231,"Under $26,700",FALSE,Uninsured,No,
,Female,65,4,0,1,1,Hispanic,Dallas,75231,Unknown,FALSE,Uninsured,No,
,Female,65,3,0,3,3,Two or More Races,Dallas,75231,Unknown,FALSE,Medicaid,No,
,Female,Unknown,1,0,1,0,Hispanic,Other,75126,"Under $26,700",FALSE,Medicaid,No,
,Female,Unknown,1,0,0,0,Hispanic,Collin,75002,Does not want to disclose,FALSE,Prefer Not to Answer,No,
,Female,19,3,0,1,1,Hispanic,Dallas,75237,Does not want to disclose,FALSE,Prefer Not to Answer,No,
,Female,22,4,0,0,0,Hispanic,Dallas,75203,Does not want to disclose,FALSE,Prefer Not to Answer,No,
,Female,30,2,1,2,0,Hispanic,Dallas,75208,"Under $26,700",FALSE,Medicaid,No,
,Female,36,2,0,0,0,Hispanic,Dallas,75237,Unknown,FALSE,Prefer Not to Answer,No,
,Female,37,2,3,1,0,Hispanic,Dallas,75228,"$44,501 - $71,200",FALSE,Private,No,
,Male,37,2,0,0,0,Hispanic,Dallas,75237,Unknown,FALSE,Prefer Not to Answer,No,
,Male,39,3,0,1,2,Hispanic,Dallas,75234,"Over $71,200",FALSE,Uninsured,No,
,Female,40,3,0,1,1,Hispanic,Dallas,75237,"Under $26,700",FALSE,Medicaid,No,
,Male,41,4,0,1,1,Hispanic,Dallas,75115,"$44,501 - $71,200",FALSE,Uninsured,No,
,Female,42,5,0,1,0,Prefer Not to Answer,Dallas,75115,Unknown,FALSE,Prefer Not to Answer,No,
,Female,42,3,1,0,1,Hispanic,Dallas,75231,Does not want to disclose,FALSE,Medicaid,No,
,Female,48,3,1,1,0,Hispanic,Dallas,75043,"$44,501 - $71,200",FALSE,Medicaid,No,
,Female,50,3,0,0,1,Hispanic,Dallas,75203,Does not want to disclose,FALSE,Uninsured,No,
,Female,51,4,0,0,0,Hispanic,Dallas,75203,Does not want to disclose,FALSE,Prefer Not to Answer,No,
,Female,52,2,0,0,1,Hispanic,Dallas,75233,"$26,701 - $44,500",FALSE,Prefer Not to Answer,No,
,Male,60,3,0,0,0,Hispanic,Dallas,75220,"Under $26,700",FALSE,Uninsured,No,
,Male,20,2,0,0,0,Hispanic,Dallas,75235,Unknown,FALSE,Uninsured,No,
,Female,29,2,0,1,0,Hispanic,Dallas,75287,Unknown,FALSE,Medicaid,Yes,
,Female,31,2,2,0,0,Hispanic,Denton,75287,"Under $26,700",FALSE,Medicaid,No,
,Female,35,2,0,1,0,Hispanic,Dallas,75006,"Under $26,700",FALSE,Medicaid,Yes,
,Female,36,2,0,1,1,Hispanic,Dallas,75234,"Under $26,700",FALSE,Medicaid,Yes,
,Female,40,2,1,1,0,Hispanic,Dallas,75006,Does not want to disclose,FALSE,Prefer Not to Answer,No,
,Female,41,2,1,0,2,Hispanic,Dallas,75240,Does not want to disclose,FALSE,Uninsured,No,
,Female,41,2,1,2,0,Hispanic,Dallas,75240,"Under $26,700",FALSE,Medicaid,No,
,Female,46,2,0,3,0,Hispanic,Dallas,75042,"Under $26,700",FALSE,Medicaid,No,
,Female,47,2,0,2,1,Hispanic,Dallas,75240,"Under $26,700",FALSE,Medicaid,No,
,Female,49,2,0,1,1,Hispanic,Dallas,75042,Unknown,FALSE,Medicaid,Yes,
,Female,49,3,0,0,0,Hispanic,Dallas,75007,"$26,701 - $44,500",FALSE,Uninsured,No,
,Male,50,5,0,,,Hispanic,Dallas,75220,Unknown,FALSE,Other,No,
,Female,50,2,0,0,0,Hispanic,Dallas,75235,Unknown,FALSE,Uninsured,No,
,Female,28,3,2,2,0,Hispanic,Dallas,75234,"Under $26,700",FALSE,Uninsured,No,
,Female,31,2,0,1,2,Hispanic,Dallas,75234,"$44,501 - $71,200",FALSE,Medicaid,Yes,
,Female,32,3,1,1,0,Hispanic,Dallas,75234,Does not want to disclose,FALSE,Uninsured,No,
,Female,34,2,1,2,1,Hispanic,Dallas,75234,"Under $26,700",FALSE,Medicaid,No,
,Female,34,1,0,1,1,Hispanic,Dallas,75234,Unknown,FALSE,Uninsured,Prefer Not to Answer,
,Female,35,2,0,1,0,Hispanic,Dallas,75234,"Under $26,700",FALSE,Medicaid,No,
,Female,44,1,0,1,2,Hispanic,Dallas,75211,"Under $26,700",FALSE,Medicaid,No,
,Female,49,2,0,1,2,Hispanic,Dallas,75234,"$26,701 - $44,500",FALSE,CHIP,No,
,Female,52,2,0,2,0,Hispanic,Dallas,75061,"$26,701 - $44,500",FALSE,Medicaid,Prefer Not to Answer,
,Female,60,2,0,2,0,Hispanic,Denton,75010,"Under $26,700",FALSE,Other,No,
,Female,72,2,0,0,0,Hispanic,Denton,75010,"Under $26,700",FALSE,Other,No,
,Female,Unknown,1,0,1,0,Hispanic,Dallas,75006,Does not want to disclose,FALSE,Prefer Not to Answer,Prefer Not to Answer,
,Male,Unknown,1,0,1,0,Hispanic,Dallas,75006,Does not want to disclose,FALSE,Prefer Not to Answer,Prefer Not to Answer,
,Female,33,6,2,1,1,Hispanic,Dallas,75287,Does not want to disclose,FALSE,CHIP; Medicaid,No,
,Female,47,2,1,2,0,Hispanic,Denton,75007,"$26,701 - $44,500",FALSE,Medicaid,No,
,Female,52,6,2,1,1,Hispanic,Dallas,75287,Does not want to disclose,FALSE,Uninsured,No,
,Female,32,2,1,1,0,Hispanic,Dallas,75006,"Under $26,700",FALSE,Uninsured,No,
,Female,33,2,1,1,1,Hispanic,Dallas,75287,Does not want to disclose,FALSE,Medicaid,No,
,Female,36,2,0,1,0,Hispanic,Dallas,75287,"Under $26,700",FALSE,Uninsured,No,
,Female,36,2,1,0,0,Hispanic,Dallas,75220,Does not want to disclose,FALSE,Medicaid,No,
,Female,39,3,0,2,1,Hispanic,Dallas,75006,"$26,701 - $44,500",FALSE,Uninsured,No,
,Female,41,2,0,1,1,Hispanic,Dallas,75007,"Under $26,700",FALSE,Medicaid,Yes,
,Female,42,5,0,0,1,Hispanic,Dallas,75006,Does not want to disclose,FALSE,Medicaid,Yes,
,Female,42,3,0,1,1,Hispanic,Dallas,75006,"$26,701 - $44,500",FALSE,Uninsured,No,
,Female,45,1,0,1,1,Hispanic,Dallas,75234,Does not want to disclose,FALSE,Medicaid,No,
,Female,48,3,0,3,0,Hispanic,Dallas,75006,Unknown,FALSE,Uninsured,No,
,Female,51,2,0,0,0,Hispanic,Dallas,75220,Does not want to disclose,FALSE,Uninsured,No,
,Female,54,2,0,1,0,Hispanic,Denton,75287,"Under $26,700",FALSE,Other,No,
,Female,61,4,1,3,0,Hispanic,Dallas,75234,Does not want to disclose,FALSE,Medicaid,No,
,Female,63,2,0,3,0,Hispanic,Dallas,75006,"Under $26,700",FALSE,Uninsured,No,
,Female,64,1,0,0,0,Hispanic,Dallas,75234,Does not want to disclose,FALSE,Uninsured,No,
,Female,68,3,0,4,0,Hispanic,Dallas,75006,Unknown,FALSE,Other,No,
,Female,23,2,2,0,0,Hispanic,Dallas,75236,"Under $26,700",FALSE,Medicaid,No,
,Female,30,2,1,1,1,Hispanic,Dallas,75237,"$26,701 - $44,500",FALSE,CHIP; Medicaid,No,
,Female,31,2,0,2,0,Hispanic,Dallas,75237,"$26,701 - $44,500",FALSE,Uninsured,No,
,Female,17,3,0,1,0,Hispanic,Dallas,75216,"$26,701 - $44,500",FALSE,Uninsured,No,
,Female,26,2,1,1,0,Hispanic,Dallas,75241,"Under $26,700",FALSE,Medicaid,Yes,
,Female,26,4,0,1,0,Hispanic,Dallas,75232,Does not want to disclose,FALSE,Uninsured,No,
,Male,28,4,0,2,0,Hispanic,Dallas,75216,Does not want to disclose,FALSE,Uninsured,No,
,Female,29,3,0,2,0,Hispanic,Dallas,75216,"$26,701 - $44,500",FALSE,Uninsured,No,
,Female,30,1,0,3,0,Hispanic,Dallas,75233,"$26,701 - $44,500",FALSE,Uninsured,No,
,Female,30,4,0,2,0,Hispanic,Dallas,75216,Unknown,FALSE,Uninsured,No,
,Female,31,1,0,3,0,Hispanic,Dallas,75216,"Under $26,700",FALSE,Medicaid,Yes,
,Female,33,2,1,0,0,Hispanic,Dallas,75233,"Under $26,700",FALSE,Medicaid,No,
,Female,34,2,1,3,0,Hispanic,Dallas,75116,"$44,501 - $71,200",FALSE,Uninsured,Yes,
,Female,35,2,0,1,1,Hispanic,Dallas,75211,"Under $26,700",FALSE,Medicaid,Yes,
,Male,35,2,1,3,0,Hispanic,Dallas,75116,"$26,701 - $44,500",FALSE,Uninsured,Yes,
,Female,36,2,0,1,1,Hispanic,Dallas,75216,"Under $26,700",FALSE,Uninsured,No,
,Female,37,2,0,2,0,Hispanic,Dallas,75224,"$44,501 - $71,200",FALSE,CHIP,No,
,Female,39,2,1,1,1,Hispanic,Dallas,75134,Unknown,FALSE,Uninsured,No,
,Female,39,2,2,0,0,Hispanic,Dallas,75232,"$26,701 - $44,500",FALSE,Medicaid,No,
,Female,49,2,0,2,2,Hispanic,Dallas,75216,"$26,701 - $44,500",FALSE,Uninsured,No,
,Female,50,1,0,1,0,Hispanic,Dallas,75216,"Under $26,700",FALSE,Uninsured,No,
,Female,79,4,0,5,0,Hispanic,Dallas,75134,Unknown,FALSE,Uninsured,No,
,Female,32,4,1,1,0,Hispanic,Dallas,75231,Unknown,FALSE,Uninsured,Prefer Not to Answer,
,Female,33,3,2,4,2,Hispanic,Dallas,75231,"Under $26,700",FALSE,Uninsured,No,
,Female,38,2,0,1,2,Hispanic,Dallas,75218,"Under $26,700",FALSE,Medicaid,No,
,Female,38,5,1,2,2,Hispanic,Dallas,75231,"Under $26,700",FALSE,Uninsured,No,
,Female,62,2,0,1,0,Hispanic,Dallas,75321,"Under $26,700",FALSE,Uninsured,No,
,Female,22,4,2,0,0,Hispanic,Dallas,75231,Unknown,FALSE,Medicaid; Other,Yes,
,Female,28,2,3,0,0,Hispanic,Dallas,75231,"$26,701 - $44,500",FALSE,Uninsured,No,
,Female,29,2,2,4,2,Hispanic,Dallas,75231,Unknown,FALSE,Uninsured,Yes,
,Female,30,2,2,2,0,Hispanic,Dallas,75231,Does not want to disclose,FALSE,Uninsured,No,
,Female,35,2,2,0,0,Hispanic,Dallas,75231,"Under $26,700",FALSE,Other,No,
,Female,35,2,2,0,0,Hispanic,Dallas,75231,"Under $26,700",FALSE,Uninsured,No,
,Female,35,1,0,2,1,Hispanic,Dallas,75231,"Under $26,700",FALSE,Medicaid,Yes,
,Female,35,2,1,0,0,Hispanic,Dallas,75231,"Under $26,700",FALSE,Other,No,
,Female,36,3,1,1,1,Hispanic,Dallas,75231,"Under $26,700",FALSE,Medicaid,Prefer Not to Answer,
,Female,38,2,1,0,0,Hispanic,Dallas,75231,"Under $26,700",FALSE,CHIP,No,
,Female,38,2,0,1,0,Hispanic,Dallas,75231,Unknown,FALSE,Uninsured,No,
,Female,40,2,1,1,2,Hispanic,Dallas,75243,Unknown,FALSE,Medicaid,Prefer Not to Answer,
,Female,45,2,0,1,0,Hispanic,Dallas,75231,"Under $26,700",FALSE,Uninsured,No,
,Female,46,3,0,1,0,Hispanic,Dallas,75231,Does not want to disclose,FALSE,Prefer Not to Answer,No,
,Female,47,2,0,1,1,Hispanic,Dallas,75231,"$26,701 - $44,500",FALSE,Medicaid,Yes,
,Female,48,1,0,1,0,Hispanic,Dallas,75231,"Under $26,700",FALSE,CHIP,Yes,
,Female,48,3,0,1,1,Hispanic,Dallas,75231,"Under $26,700",FALSE,Medicaid,Yes,
,Female,53,3,1,0,0,Hispanic,Dallas,75206,Unknown,FALSE,Uninsured,Prefer Not to Answer,
,Female,60,2,0,2,0,Hispanic,Dallas,75230,Unknown,FALSE,Uninsured,No,
,Female,61,4,0,0,0,Hispanic,Dallas,75231,Unknown,FALSE,Uninsured,No,
,Female,71,2,0,0,0,Hispanic,Dallas,75231,"Under $26,700",FALSE,Uninsured,No,
,Female,Unknown,5,2,1,0,Hispanic,Dallas,75236,"Under $26,700",FALSE,Uninsured,No,
,Female,17,1,0,0,3,Hispanic,Dallas,75116,"$44,501 - $71,200",FALSE,Medicaid,No,
,Female,23,2,1,0,0,Hispanic,Dallas,75236,Unknown,FALSE,Prefer Not to Answer,Prefer Not to Answer,
,Female,23,2,0,1,0,Hispanic,Dallas,75236,Unknown,FALSE,Uninsured,No,
,Female,25,3,1,0,0,American Indian or Alaska Native,Dallas,75236,Unknown,FALSE,Uninsured,No,
,Female,28,3,0,3,0,Hispanic,Dallas,75116,"$26,701 - $44,500",FALSE,Uninsured,No,
,Female,29,1,1,1,0,Hispanic,Dallas,75137,"$26,701 - $44,500",FALSE,Medicaid,Yes,
,Female,33,2,1,1,1,Hispanic,Dallas,75116,"$26,701 - $44,500",FALSE,Medicaid,Yes,
,Female,35,2,2,1,0,Hispanic,Dallas,75116,Unknown,FALSE,CHIP; Uninsured,No,
,Female,42,2,0,2,1,Hispanic,Dallas,75116,Does not want to disclose,FALSE,Prefer Not to Answer,No,
,Male,44,2,0,1,1,Hispanic,Dallas,75116,"Over $71,200",FALSE,Private,No,
,Female,Unknown,2,0,0,3,Hispanic,Dallas,75116,"$44,501 - $71,200",FALSE,Medicaid,No,
,Female,21,2,1,0,0,Hispanic,Dallas,75116,Unknown,FALSE,Uninsured,No,
,Female,22,3,1,1,0,Hispanic,Dallas,75116,Does not want to disclose,FALSE,Prefer Not to Answer,No,
,Female,27,2,0,5,0,Two or More Races,Dallas,75116,Does not want to disclose,FALSE,Prefer Not to Answer,No,
,Female,28,2,0,1,0,Hispanic,Dallas,75237,"Under $26,700",FALSE,Prefer Not to Answer,Yes,
,Female,29,3,1,0,0,Hispanic,Dallas,75236,Unknown,FALSE,Uninsured,No,
,Female,29,2,2,0,0,Hispanic,Dallas,75116,Unknown,FALSE,Uninsured,Prefer Not to Answer,
,Female,30,2,2,0,0,Hispanic,Dallas,75232,"Over $71,200",FALSE,Other,No,
,Female,30,2,3,0,0,Hispanic,Dallas,75116,"$26,701 - $44,500",FALSE,Medicaid,No,
,Female,31,4,1,2,0,Hispanic,Dallas,75116,Unknown,FALSE,Uninsured,No,
,Female,31,2,1,0,0,Hispanic,Dallas,75241,"Under $26,700",FALSE,Prefer Not to Answer,No,
,Female,32,2,1,1,0,Hispanic,Dallas,75116,Unknown,FALSE,Uninsured,No,
,Male,32,2,0,5,0,Two or More Races,Dallas,75116,Does not want to disclose,FALSE,Prefer Not to Answer,No,
,Female,36,2,1,1,0,Hispanic,Dallas,75236,"Under $26,700",FALSE,Medicaid; Uninsured,No,
,Female,37,2,1,1,0,Hispanic,Dallas,75116,"Under $26,700",FALSE,Medicaid,Yes,
,Female,37,2,1,2,0,Hispanic,Dallas,75236,"$26,701 - $44,500",FALSE,Medicaid; Uninsured,No,
,Female,37,2,1,1,1,Hispanic,Dallas,75236,"$44,501 - $71,200",FALSE,Medicaid; Uninsured,No,
,Female,37,6,1,3,0,Hispanic,Dallas,75116,Unknown,FALSE,Uninsured,No,
,Female,38,2,1,1,0,Black or African American,Dallas,75115,Does not want to disclose,FALSE,Prefer Not to Answer,No,
,Female,38,5,0,1,0,Hispanic,Dallas,75137,Does not want to disclose,FALSE,Medicaid,No,
,Female,39,2,1,1,1,Hispanic,Dallas,75116,"Under $26,700",FALSE,Medicaid,No,
,Female,39,2,0,1,1,Hispanic,Dallas,75116,"Under $26,700",FALSE,Medicaid; Uninsured,No,
,Female,40,2,2,1,1,Hispanic,Dallas,75116,"$26,701 - $44,500",FALSE,Medicaid,No,
,Male,40,3,0,1,0,Hispanic,Dallas,75116,"$44,501 - $71,200",FALSE,Medicaid,No,
,Female,41,2,2,1,0,Two or More Races,Dallas,75116,"$44,501 - $71,200",FALSE,Prefer Not to Answer,No,
,Female,41,2,0,1,0,Hispanic,Dallas,75116,"$44,501 - $71,200",FALSE,Medicaid,No,
,Male,41,2,2,1,0,Hispanic,Dallas,75116,"Over $71,200",FALSE,Other,No,
,Female,49,5,0,1,0,Hispanic,Dallas,75236,Unknown,FALSE,Uninsured,No,
,Female,52,3,0,1,0,Hispanic,Dallas,75236,Unknown,FALSE,CHIP,No,
,Female,54,1,0,0,2,Hispanic,Dallas,75116,"$44,501 - $71,200",FALSE,Prefer Not to Answer,No,
,Female,66,3,2,4,1,Hispanic,Dallas,75236,"$26,701 - $44,500",FALSE,CHIP; Medicaid,Yes,
,Female,44,2,0,0,0,Hispanic,Dallas,75203,"$26,701 - $44,500",FALSE,Uninsured,No,
,Female,20,3,0,1,1,Hispanic,Dallas,75211,"Under $26,700",FALSE,Private,No,
,Female,21,2,1,1,0,Hispanic,Dallas,75224,"Under $26,700",FALSE,Prefer Not to Answer,No,
,Female,24,1,0,1,0,Hispanic,Dallas,75229,"$26,701 - $44,500",FALSE,Uninsured,No,
,Female,24,4,0,2,0,Hispanic,Dallas,75220,"Under $26,700",FALSE,Uninsured,No,
,Female,25,2,2,0,0,Hispanic,Dallas,75208,Does not want to disclose,FALSE,Medicaid,No,
,Female,25,2,0,1,0,Hispanic,Dallas,75203,Does not want to disclose,FALSE,Medicaid,No,
,Female,25,1,0,1,0,Prefer Not to Answer,Dallas,75228,"Under $26,700",FALSE,Uninsured,No,
,Female,27,1,0,1,0,Hispanic,Dallas,75211,"Under $26,700",FALSE,Prefer Not to Answer,No,
,Female,30,2,2,0,0,Hispanic,Dallas,75210,"Under $26,700",FALSE,Uninsured,Yes,
,Female,30,2,1,0,0,Hispanic,Dallas,75220,"Under $26,700",FALSE,Uninsured,No,
,Female,30,3,2,0,0,Hispanic,Tarrant,76018,Does not want to disclose,FALSE,Private,No,
,Female,30,2,1,2,0,Hispanic,Dallas,75211,"$26,701 - $44,500",FALSE,Uninsured,Yes,
,Female,31,2,1,1,0,Hispanic,Dallas,75060,"$26,701 - $44,500",FALSE,Uninsured,No,
,Female,31,2,1,1,1,Hispanic,Dallas,75211,"$26,701 - $44,500",FALSE,Uninsured,No,
,Female,31,2,1,2,0,Hispanic,Dallas,75069,"$26,701 - $44,500",FALSE,Medicaid,No,
,Female,31,3,0,0,1,Hispanic,Dallas,75220,"$26,701 - $44,500",FALSE,Uninsured,No,
,Female,31,2,1,1,1,Hispanic,Dallas,75287,"Under $26,700",FALSE,Uninsured,No,
,Female,31,1,0,2,2,Hispanic,Dallas,75252,Unknown,FALSE,Medicaid,Yes,
,Female,32,2,1,2,0,Hispanic,Dallas,75220,"Under $26,700",FALSE,Medicaid,Yes,
,Female,32,2,1,2,1,Hispanic,Dallas,75220,"$44,501 - $71,200",FALSE,Medicaid,Yes,
,Male,33,1,1,3,0,Hispanic,Dallas,75116,"$26,701 - $44,500",FALSE,Medicaid,Yes,
,Female,33,2,1,1,0,Hispanic,Dallas,75208,Does not want to disclose,FALSE,Medicaid,Yes,
,Female,33,2,0,1,1,Hispanic,Dallas,75233,"$26,701 - $44,500",FALSE,Uninsured,No,
,Male,34,2,1,0,1,Hispanic,Dallas,75211,"$26,701 - $44,500",FALSE,Uninsured,No,
,Female,34,2,3,0,0,Hispanic,Dallas,75215,"Under $26,700",FALSE,Medicaid,Yes,
,Female,35,2,0,2,0,Hispanic,Dallas,75220,"$26,701 - $44,500",FALSE,Medicaid,No,
,Female,35,6,1,2,1,Hispanic,Dallas,75215,"$26,701 - $44,500",FALSE,Uninsured,Yes,
,Female,35,2,1,1,0,Hispanic,Dallas,75211,"$26,701 - $44,500",FALSE,Uninsured,No,
,Female,35,1,0,3,3,Hispanic,Dallas,75217,"$26,701 - $44,500",FALSE,Medicaid,No,
,Male,35,5,2,1,0,Hispanic,Dallas,75216,"Under $26,700",FALSE,Uninsured,No,
,Female,36,3,0,0,3,Hispanic,Dallas,75041,"Under $26,700",FALSE,Medicaid,Yes,
,Female,36,2,2,2,0,Hispanic,Other,75165,"$26,701 - $44,500",FALSE,Medicaid,Yes,
,Female,36,2,0,1,1,Hispanic,Dallas,75061,"$26,701 - $44,500",FALSE,Medicaid,No,
,Female,37,4,1,2,0,Hispanic,Dallas,75236,"$44,501 - $71,200",FALSE,Uninsured,No,
,Female,37,3,0,1,1,Hispanic,Tarrant,76105,"$26,701 - $44,500",FALSE,Uninsured,No,
,Female,37,2,1,1,0,Hispanic,Dallas,75230,Does not want to disclose,FALSE,CHIP; Medicaid,No,
,Female,37,2,0,2,2,Hispanic,Other,75155,Does not want to disclose,FALSE,Medicaid,No,
,Female,37,1,0,2,1,Hispanic,Dallas,75150,"$26,701 - $44,500",FALSE,Medicaid,Yes,
,Female,37,3,0,1,0,Hispanic,Denton,75007,"Under $26,700",FALSE,Uninsured,No,
,Female,38,1,0,0,1,Hispanic,Dallas,75180,"$26,701 - $44,500",FALSE,Uninsured,No,
,Female,38,2,1,1,0,Hispanic,Dallas,75051,"Under $26,700",FALSE,Medicaid,No,
,Female,38,2,2,2,0,Hispanic,Dallas,75216,"Under $26,700",FALSE,Medicaid,Prefer Not to Answer,
,Female,38,2,0,1,1,Hispanic,Collin,75407,"$26,701 - $44,500",FALSE,Medicaid,No,
,Female,38,2,3,2,0,Hispanic,Dallas,75241,"$44,501 - $71,200",FALSE,Medicaid,No,
,Female,38,2,1,1,4,Hispanic,Dallas,75235,"$26,701 - $44,500",FALSE,Medicaid,Yes,
,Female,38,2,1,1,0,Hispanic,Dallas,75220,Does not want to disclose,FALSE,Medicaid,Yes,
,Female,39,2,0,2,1,Hispanic,Dallas,75228,"Under $26,700",FALSE,Uninsured,No,
,Female,39,2,1,2,0,Hispanic,Dallas,75220,"$26,701 - $44,500",FALSE,Medicaid,Yes,
,Female,40,2,0,3,0,Hispanic,Dallas,75211,"Under $26,700",FALSE,Medicaid,Yes,
,Female,40,2,0,1,1,Hispanic,Dallas,75401,"$26,701 - $44,500",FALSE,Medicaid,No,
,Female,41,2,3,0,1,Hispanic,Dallas,75223,"$26,701 - $44,500",FALSE,Medicaid,No,
,Female,41,2,0,0,1,Hispanic,Collin,75071,"$26,701 - $44,500",FALSE,Uninsured,No,
,Female,41,2,2,1,1,Hispanic,Dallas,75235,"$26,701 - $44,500",FALSE,Uninsured,No,
,Female,41,2,1,1,0,Hispanic,Dallas,75220,"$26,701 - $44,500",FALSE,Uninsured,No,
,Female,41,4,0,2,1,Hispanic,Dallas,75234,Unknown,FALSE,Private,No,
,Female,42,2,1,1,1,Hispanic,Dallas,75052,"$44,501 - $71,200",FALSE,Uninsured,No,
,Female,42,3,0,0,1,Hispanic,Dallas,75042,"$26,701 - $44,500",FALSE,Medicaid,No,
,Female,42,3,1,0,1,Hispanic,Dallas,75181,"$44,501 - $71,200",FALSE,CHIP,No,
,Female,42,3,0,2,0,Hispanic,Dallas,75212,"$26,701 - $44,500",FALSE,CHIP,No,
,Female,42,2,0,2,0,Hispanic,Dallas,75137,"$26,701 - $44,500",FALSE,Medicaid,No,
,Female,42,2,1,1,1,Hispanic,Dallas,75215,Does not want to disclose,FALSE,Medicaid,Yes,
,Female,43,3,1,0,1,Hispanic,Dallas,75210,"Under $26,700",FALSE,Medicaid,Yes,
,Female,43,4,0,0,2,Hispanic,Collin,75069,"Under $26,700",FALSE,Medicaid,No,
,Female,43,2,1,1,0,Hispanic,Dallas,75220,"$26,701 - $44,500",FALSE,Uninsured,No,
,Female,43,2,1,1,1,Hispanic,Dallas,75210,Unknown,FALSE,Medicaid,No,
,Female,44,1,0,1,0,Hispanic,Dallas,75149,"$26,701 - $44,500",FALSE,Uninsured,No,
,Female,44,3,0,2,2,Hispanic,Collin,75071,"$26,701 - $44,500",FALSE,Medicaid,Yes,
,Female,44,4,1,0,0,Hispanic,Dallas,75051,"Over $71,200",FALSE,Medicaid,No,
,Female,44,2,0,1,2,Hispanic,Dallas,75007,"$26,701 - $44,500",FALSE,Medicaid,No,
,Female,44,1,1,3,0,Hispanic,Dallas,75211,"Under $26,700",FALSE,Medicaid,Yes,
,Female,45,5,0,0,2,Hispanic,Dallas,75116,"$26,701 - $44,500",FALSE,Medicaid,No,
,Male,45,2,0,1,2,Hispanic,Dallas,75211,"$26,701 - $44,500",FALSE,Uninsured,No,
,Female,45,3,0,1,1,Hispanic,Dallas,75220,"$26,701 - $44,500",FALSE,Uninsured,No,
,Female,46,2,0,1,1,Hispanic,Collin,75069,"$26,701 - $44,500",FALSE,Uninsured,No,
,Female,46,2,1,3,0,Hispanic,Dallas,75137,"$44,501 - $71,200",FALSE,Medicaid,Yes,
,Female,46,4,0,2,0,Hispanic,Collin,75038,"Under $26,700",FALSE,Medicaid,No,
,Female,46,4,1,0,1,Hispanic,Dallas,75212,"$26,701 - $44,500",FALSE,Uninsured,No,
,Female,46,2,1,2,0,Hispanic,Dallas,75134,"$26,701 - $44,500",FALSE,Uninsured,No,
,Female,46,4,0,1,1,Hispanic,Dallas,75044,"$26,701 - $44,500",FALSE,CHIP,No,
,Male,47,3,0,1,1,Hispanic,Dallas,75211,Does not want to disclose,FALSE,Private,No,
,Male,47,4,0,1,0,Hispanic,Dallas,75211,"$26,701 - $44,500",FALSE,Uninsured,No,
,Male,48,1,0,0,1,Hispanic,Dallas,75180,"$26,701 - $44,500",FALSE,Uninsured,No,
,Female,48,2,0,1,1,Hispanic,Dallas,75220,"$44,501 - $71,200",FALSE,Medicaid,Yes,
,Female,48,3,0,1,1,Hispanic,Tarrant,76106,"$26,701 - $44,500",FALSE,Private,No,
,Female,50,4,0,0,1,Hispanic,Tarrant,76179,"$26,701 - $44,500",FALSE,Uninsured,No,
,Female,50,2,0,1,1,Hispanic,Dallas,75253,"$26,701 - $44,500",FALSE,Uninsured,No,
,Female,50,5,1,0,1,Hispanic,Dallas,75228,Does not want to disclose,FALSE,Medicaid,No,
,Female,50,4,0,1,0,Hispanic,Denton,75006,"$26,701 - $44,500",FALSE,Medicaid; Private,No,
,Female,51,2,0,1,2,Hispanic,Denton,75006,Unknown,FALSE,Uninsured,No,
,Female,51,3,0,1,0,Hispanic,Dallas,75220,"$26,701 - $44,500",FALSE,Uninsured,Prefer Not to Answer,
,Male,54,3,1,2,1,Hispanic,Dallas,75211,"$26,701 - $44,500",FALSE,Uninsured,No,
,Female,54,2,1,0,0,Hispanic,Dallas,76010,"Under $26,700",FALSE,Private,No,
,Female,56,2,0,0,1,Hispanic,Other,75118,"$26,701 - $44,500",FALSE,Other,No,
,Male,56,3,0,0,1,Hispanic,Dallas,75043,Does not want to disclose,FALSE,Private,No,
,Female,57,5,2,1,0,Hispanic,Dallas,75241,"Under $26,700",FALSE,Uninsured,No,
,Female,59,3,1,3,0,Hispanic,Dallas,75211,"Under $26,700",FALSE,Uninsured,No,
,Female,60,2,0,2,1,Hispanic,Dallas,75215,"Under $26,700",FALSE,Uninsured,No,
,Female,61,3,0,0,1,Hispanic,Dallas,75216,"Under $26,700",FALSE,Prefer Not to Answer,No,
,Male,62,3,0,0,1,Hispanic,Dallas,75216,"Under $26,700",FALSE,Prefer Not to Answer,No,
,Female,23,6,1,1,0,Hispanic,Dallas,75204,Unknown,FALSE,Uninsured,No,
,Male,32,2,0,2,0,Hispanic,Dallas,75228,"Under $26,700",FALSE,Prefer Not to Answer,No,
,Female,38,7,0,1,0,Hispanic,Dallas,75204,Does not want to disclose,FALSE,Uninsured,No,
,Female,19,6,2,1,0,Hispanic,Dallas,75204,Unknown,FALSE,Uninsured,No,
,Female,27,2,2,0,0,Hispanic,Dallas,75206,Unknown,FALSE,CHIP; Medicaid,Yes,
,Female,28,6,1,2,0,Hispanic,Dallas,75205,"Under $26,700",FALSE,Uninsured,No,
,Female,29,1,0,1,0,Hispanic,Dallas,75246,"$44,501 - $71,200",FALSE,Medicaid,Yes,
,Female,30,2,1,0,1,Hispanic,Dallas,75206,Unknown,FALSE,Other,Prefer Not to Answer,
,Female,32,2,0,2,0,Hispanic,Dallas,75206,"Under $26,700",FALSE,Uninsured,No,
,Female,33,2,0,2,1,Hispanic,Dallas,75204,Unknown,FALSE,Prefer Not to Answer,No,
,Female,35,3,0,1,2,Hispanic,Dallas,75204,Unknown,FALSE,Uninsured,No,
,Female,35,2,0,2,0,Hispanic,Dallas,75204,"Under $26,700",FALSE,Medicaid,Yes,
,Female,35,1,0,1,2,Hispanic,Dallas,75228,"Under $26,700",FALSE,Uninsured,Prefer Not to Answer,
,Female,35,1,0,2,0,Hispanic,Dallas,75212,"$26,701 - $44,500",FALSE,Medicaid,No,
,Female,38,2,0,2,0,Hispanic,Dallas,75228,"Under $26,700",FALSE,Prefer Not to Answer,No,
,Female,39,2,0,2,1,Hispanic,Dallas,75223,"$44,501 - $71,200",FALSE,Medicaid,No,
,Female,45,3,0,2,1,Hispanic,Dallas,75210,"$26,701 - $44,500",FALSE,Prefer Not to Answer,No,
,Female,49,2,0,2,0,Hispanic,Dallas,75241,Unknown,FALSE,CHIP,Yes,
,Male,51,1,1,1,0,Hispanic,Dallas,75204,Unknown,FALSE,Medicaid,Yes,
,Female,60,2,0,0,0,Hispanic,Dallas,75204,Unknown,FALSE,Uninsured,No,
,Female,64,1,0,2,0,Hispanic,Dallas,75206,Unknown,FALSE,Medicaid; Other,Yes,
,Female,69,2,0,0,0,Hispanic,Dallas,75211,Unknown,FALSE,Medicaid,No,
,Female,19,1,0,0,0,Hispanic,Dallas,75223,Does not want to disclose,FALSE,Prefer Not to Answer,No,
,Female,27,2,0,1,0,Hispanic,Dallas,75227,"Under $26,700",FALSE,Uninsured,No,
,Female,29,1,0,1,0,Hispanic,Dallas,75214,Unknown,FALSE,Medicaid,Yes,
,Female,30,2,2,0,0,Hispanic,Dallas,75223,Unknown,FALSE,Prefer Not to Answer,No,
,Female,30,1,1,2,0,Hispanic,Dallas,75214,"$26,701 - $44,500",FALSE,Medicaid,No,
,Female,36,3,0,2,0,Hispanic,Dallas,75223,"$26,701 - $44,500",FALSE,Medicaid; Uninsured,No,
,Female,40,2,2,2,1,Hispanic,Dallas,75223,Unknown,FALSE,Uninsured,No,
,Female,42,6,0,1,1,White,Dallas,75223,"Over $71,200",FALSE,Private; Prefer Not to Answer,No,
,Female,46,2,0,1,1,White,Dallas,75223,Unknown,FALSE,Prefer Not to Answer,No,
,Female,57,2,2,1,0,Hispanic,Dallas,75227,Unknown,FALSE,Medicaid,Yes,
,Female,25,2,2,0,0,Hispanic,Dallas,75223,"Under $26,700",FALSE,Medicaid,Yes,
,Female,26,3,1,1,0,Hispanic,Dallas,75223,Does not want to disclose,FALSE,Uninsured,No,
,Female,28,2,1,2,0,Hispanic,Dallas,75223,Unknown,FALSE,CHIP; Medicaid,Yes,
,Female,30,2,0,1,0,Hispanic,Dallas,75223,"Under $26,700",FALSE,Other,No,
,Female,30,2,1,0,0,Hispanic,Dallas,75223,"$26,701 - $44,500",FALSE,Uninsured,No,
,Female,31,4,1,1,0,Hispanic,Dallas,75223,"$26,701 - $44,500",FALSE,Medicaid,No,
,Female,32,3,2,0,0,Hispanic,Dallas,75223,"Under $26,700",FALSE,Uninsured,No,
,Female,34,4,2,0,0,Hispanic,Dallas,75227,"Under $26,700",FALSE,CHIP,No,
,Female,34,2,2,1,0,Hispanic,Dallas,75223,"$26,701 - $44,500",FALSE,Medicaid; Other,No,
,Female,34,2,1,1,1,Hispanic,Dallas,75223,"Under $26,700",FALSE,Uninsured,No,
,Female,35,2,3,1,1,Hispanic,Dallas,75210,"Under $26,700",FALSE,Medicaid; Uninsured,Yes,
,Female,35,5,1,2,0,Hispanic,Dallas,75210,"Under $26,700",FALSE,Medicaid,No,
,Male,36,8,1,1,1,Hispanic,Dallas,75223,Does not want to disclose,FALSE,Private,No,
,Female,36,3,1,0,1,Hispanic,Dallas,75223,Unknown,FALSE,Other,No,
,Female,37,3,1,2,1,Hispanic,Dallas,75223,"$44,501 - $71,200",FALSE,Medicaid,Yes,
,Male,37,2,0,1,0,White,Dallas,75215,"Over $71,200",FALSE,Private,No,
,Female,37,1,1,0,0,Hispanic,Dallas,75214,Unknown,FALSE,Medicaid,No,
,Female,39,1,2,1,0,Hispanic,Dallas,75223,"Under $26,700",FALSE,Medicaid,Yes,
,Female,40,1,3,2,0,Black or African American,Dallas,75215,Does not want to disclose,FALSE,Uninsured,No,
,Female,40,2,0,2,1,Hispanic,Dallas,75210,"Under $26,700",FALSE,Uninsured,No,
,Female,41,2,1,3,0,Hispanic,Dallas,75223,Does not want to disclose,FALSE,Prefer Not to Answer,Yes,
,Female,41,3,0,1,1,Two or More Races,Dallas,75223,"$26,701 - $44,500",FALSE,Medicaid,Yes,
,Female,42,7,0,3,3,Hispanic,Dallas,75236,"Under $26,700",FALSE,Medicaid,No,
,Female,43,3,0,1,1,Hispanic,Dallas,75223,"$26,701 - $44,500",FALSE,Medicaid,No,
,Female,43,1,1,1,0,Hispanic,Dallas,75214,"Under $26,700",FALSE,Prefer Not to Answer,Yes,
,Female,44,2,0,1,0,White,Dallas,75215,"Over $71,200",FALSE,Private,No,
,Female,45,6,0,1,2,Hispanic,Dallas,75227,Unknown,FALSE,Medicaid,No,
,Female,47,3,0,1,1,Hispanic,Dallas,75223,Unknown,FALSE,Medicaid,Yes,
,Female,47,1,0,2,0,Hispanic,Dallas,75224,"Under $26,700",FALSE,Medicaid,Yes,
,Female,48,4,0,2,0,Hispanic,Dallas,75223,"$26,701 - $44,500",FALSE,Private,No,
,Female,49,3,0,1,1,Hispanic,Dallas,75223,"$26,701 - $44,500",FALSE,Medicaid; Uninsured,Yes,
,Male,57,1,0,2,1,Hispanic,Dallas,75210,Does not want to disclose,FALSE,Prefer Not to Answer,No,
,Female,73,2,0,2,1,Hispanic,Dallas,75210,Unknown,FALSE,Medicaid; Uninsured,No,
,Female,81,2,0,0,0,Hispanic,Dallas,75214,Unknown,FALSE,Medicaid; Uninsured,Prefer Not to Answer,
,Female,37,2,1,1,0,Hispanic,Dallas,75217,Unknown,FALSE,Uninsured,No,
,Female,25,6,2,2,0,Hispanic,Dallas,75227,Unknown,FALSE,Uninsured,No,
,Female,32,5,0,2,0,Hispanic,Dallas,75217,"Over $71,200",FALSE,Uninsured,No,
,Female,33,2,0,3,0,Hispanic,Dallas,75227,Does not want to disclose,FALSE,Prefer Not to Answer,No,
,Female,35,2,0,1,0,Hispanic,Dallas,75227,Does not want to disclose,FALSE,Prefer Not to Answer,No,
,Female,36,2,1,2,0,Hispanic,Dallas,75227,Unknown,FALSE,Prefer Not to Answer,No,
,Female,38,2,0,1,2,Two or More Races,Dallas,75227,"$44,501 - $71,200",FALSE,Uninsured,No,
,Female,38,5,2,2,1,Hispanic,Dallas,75227,Does not want to disclose,FALSE,Prefer Not to Answer,No,
,Female,39,4,1,0,0,Prefer Not to Answer,Dallas,75227,Unknown,FALSE,Uninsured,No,
,Female,41,2,0,2,2,White,Dallas,75227,"Under $26,700",FALSE,Prefer Not to Answer,No,
,Female,41,2,0,1,1,Hispanic,Dallas,75227,Unknown,FALSE,Uninsured,No,
,Female,43,3,1,1,1,Hispanic,Dallas,75227,"$26,701 - $44,500",FALSE,Medicaid,Yes,
,Female,43,4,0,1,0,Hispanic,Dallas,75227,"$26,701 - $44,500",FALSE,Uninsured,No,
,Female,44,3,0,1,1,Hispanic,Dallas,75227,Does not want to disclose,FALSE,Private; Other,No,
,Female,44,3,0,1,1,Hispanic,Dallas,75227,Does not want to disclose,FALSE,Private; Other,No,
,Female,46,5,0,1,1,Hispanic,Dallas,75227,Unknown,FALSE,Uninsured,No,
,Female,46,6,1,0,2,Hispanic,Dallas,75227,Does not want to disclose,FALSE,Uninsured; Prefer Not to Answer,Prefer Not to Answer,
,Male,49,2,1,2,1,Hispanic,Dallas,75227,"Under $26,700",FALSE,Medicaid; Uninsured,Yes,
,Female,23,2,2,0,0,Hispanic,Dallas,75211,Unknown,FALSE,Medicaid; Prefer Not to Answer,Yes,
,Female,24,4,2,1,0,Hispanic,Dallas,75211,"Under $26,700",FALSE,Uninsured,No,
,Female,25,4,2,1,0,Hispanic,Dallas,75211,"Under $26,700",FALSE,Uninsured,No,
,Male,27,3,1,0,0,Hispanic,Dallas,75277,Does not want to disclose,FALSE,Uninsured,No,
,Female,29,1,0,1,0,Hispanic,Dallas,75233,"$26,701 - $44,500",FALSE,Prefer Not to Answer,No,
,Female,29,2,0,1,1,Hispanic,Dallas,75211,"$26,701 - $44,500",FALSE,Medicaid,No,
,Female,39,2,1,2,0,Hispanic,Dallas,75211,"$26,701 - $44,500",FALSE,Medicaid,No,
,Female,39,2,1,2,0,Hispanic,Dallas,75211,Unknown,FALSE,Medicaid,No,
,Female,40,1,1,0,0,Hispanic,Dallas,75211,"Under $26,700",FALSE,Medicaid,No,
,Male,41,2,1,2,0,Hispanic,Dallas,75211,Unknown,FALSE,Medicaid,No,
,Female,43,2,0,2,1,Hispanic,Dallas,75211,Unknown,FALSE,Medicaid,No,
,Male,46,7,1,1,1,Hispanic,Dallas,75211,Unknown,FALSE,Medicaid,No,
,Female,21,3,1,0,0,Hispanic,Dallas,75211,"Under $26,700",FALSE,Uninsured,No,
,Female,24,2,2,0,0,Hispanic,Dallas,75211,Unknown,FALSE,Medicaid,No,
,Female,25,4,2,0,0,Prefer Not to Answer,Dallas,75233,Does not want to disclose,FALSE,Uninsured,No,
,Female,26,2,1,1,0,Hispanic,Dallas,75211,Unknown,FALSE,Prefer Not to Answer,No,
,Female,27,2,1,0,1,Hispanic,Dallas,75211,Unknown,FALSE,Uninsured,No,
,Female,29,2,1,1,0,Hispanic,Dallas,75211,Unknown,FALSE,Prefer Not to Answer,No,
,Female,29,3,0,1,0,Hispanic,Dallas,75211,Unknown,FALSE,Uninsured,No,
,Female,29,2,0,1,0,Hispanic,Dallas,75211,Unknown,FALSE,Uninsured,No,
,Female,30,2,1,2,0,Hispanic,Dallas,75211,"Under $26,700",FALSE,Other,Yes,
,Female,30,2,1,1,0,Hispanic,Dallas,75211,Unknown,FALSE,Prefer Not to Answer,No,
,Female,31,6,2,2,0,Hispanic,Dallas,75211,"Under $26,700",FALSE,Uninsured,No,
,Female,31,2,0,2,0,Hispanic,Dallas,75211,Unknown,FALSE,CHIP; Prefer Not to Answer,Yes,
,Female,31,6,0,1,0,Hispanic,Dallas,75211,Unknown,FALSE,Uninsured,No,
,Male,31,2,1,1,0,Hispanic,Dallas,75211,Unknown,FALSE,Prefer Not to Answer,No,
,Male,32,1,0,1,0,Hispanic,Dallas,75211,Does not want to disclose,FALSE,Uninsured,No,
,Female,32,2,1,1,0,Hispanic,Dallas,75211,Unknown,FALSE,Uninsured,No,
,Female,32,3,1,2,2,Hispanic,Dallas,75232,"$26,701 - $44,500",FALSE,Medicaid,No,
,Female,33,4,2,0,0,Hispanic,Dallas,75211,"$26,701 - $44,500",FALSE,Medicaid,No,
,Female,35,1,0,2,2,Hispanic,Dallas,75211,"Under $26,700",FALSE,Uninsured,No,
,Female,36,2,1,1,0,Hispanic,Dallas,75211,Unknown,FALSE,Uninsured,No,
,Female,36,3,0,1,0,Hispanic,Dallas,75211,Unknown,FALSE,Uninsured,No,
,Female,37,2,1,1,0,Hispanic,Dallas,75211,Does not want to disclose,FALSE,Prefer Not to Answer,No,
,Female,37,4,0,1,0,Hispanic,Dallas,75224,"Under $26,700",FALSE,Medicaid,No,
,Female,38,3,2,0,0,Hispanic,Dallas,75211,"$26,701 - $44,500",FALSE,Medicaid,No,
,Female,38,5,1,0,1,Hispanic,Dallas,75211,Unknown,FALSE,Prefer Not to Answer,No,
,Female,38,1,0,1,3,Hispanic,Dallas,75211,Unknown,FALSE,Prefer Not to Answer,No,
,Female,39,2,1,0,0,Hispanic,Dallas,75211,Unknown,FALSE,Uninsured; Prefer Not to Answer,No,
,Female,40,6,0,2,1,Hispanic,Dallas,75211,Unknown,FALSE,Uninsured,No,
,Female,40,1,1,0,1,Hispanic,Dallas,75211,Unknown,FALSE,Prefer Not to Answer,No,
,Female,40,4,0,3,2,Hispanic,Dallas,75211,Unknown,FALSE,Other,No,
,Female,41,2,2,0,2,Hispanic,Dallas,75211,"$26,701 - $44,500",FALSE,CHIP,No,
,Female,42,3,0,1,0,Hispanic,Dallas,75211,Unknown,FALSE,Uninsured,No,
,Female,42,4,1,1,0,Hispanic,Dallas,75211,Unknown,FALSE,Other,No,
,Female,43,5,0,2,0,Hispanic,Dallas,75211,Unknown,FALSE,Medicaid,No,
,Female,44,7,1,0,0,Hispanic,Dallas,75211,Unknown,FALSE,Medicaid; Other,No,
,Female,44,4,1,0,0,Hispanic,Dallas,75211,Unknown,FALSE,Private,No,
,Female,45,1,0,1,0,Hispanic,Dallas,75211,Unknown,FALSE,Medicaid,No,
,Female,45,2,0,3,2,Hispanic,Dallas,75211,"$26,701 - $44,500",FALSE,CHIP,No,
,Male,45,2,2,0,2,Hispanic,Dallas,75211,Does not want to disclose,FALSE,Prefer Not to Answer,No,
,Male,46,3,1,1,0,Hispanic,Dallas,75211,Unknown,FALSE,Medicaid,No,
,Male,46,4,1,1,0,Hispanic,Dallas,75211,Unknown,FALSE,Other,No,
,Female,47,3,1,1,1,Hispanic,Dallas,75211,"Under $26,700",FALSE,Medicaid,Yes,
,Female,48,2,1,1,2,Hispanic,Dallas,75211,"$44,501 - $71,200",FALSE,Private,No,
,Female,48,3,0,1,1,Hispanic,Dallas,75115,"$44,501 - $71,200",FALSE,Private,No,
,Male,48,3,0,1,1,Hispanic,Dallas,75115,"$44,501 - $71,200",FALSE,Private,Yes,
,Female,52,3,0,1,0,Hispanic,Dallas,75211,Does not want to disclose,FALSE,Uninsured,No,
,Female,55,2,1,0,0,Hispanic,Dallas,75211,"$26,701 - $44,500",FALSE,Other,No,
,Female,60,3,2,2,0,Hispanic,Dallas,75211,Unknown,FALSE,Medicaid,No,
,Female,Unknown,1,0,1,0,Hispanic,Dallas,75210,Does not want to disclose,FALSE,Prefer Not to Answer,Prefer Not to Answer,
,Female,24,2,2,1,0,Hispanic,Dallas,75210,"Under $26,700",FALSE,Medicaid,No,
,Female,27,2,1,0,0,Hispanic,Dallas,75063,"$26,701 - $44,500",FALSE,Medicaid,No,
,Female,27,1,0,1,0,Hispanic,Dallas,75224,"$26,701 - $44,500",FALSE,Other,No,
,Female,33,3,2,1,1,Hispanic,Other,75215,Does not want to disclose,FALSE,CHIP; Medicaid,No,
,Male,34,3,1,0,0,Hispanic,Dallas,75227,"Over $71,200",FALSE,Private,No,
,Female,35,3,1,2,2,Hispanic,Rockwall,75210,"$26,701 - $44,500",FALSE,Prefer Not to Answer,Yes,
,Female,35,2,3,0,0,Hispanic,Dallas,75217,Unknown,FALSE,Medicaid; Other,Yes,
,Female,35,2,1,1,2,Hispanic,Dallas,75217,Does not want to disclose,FALSE,Uninsured,No,
,Female,36,2,1,0,0,Hispanic,Dallas,75217,Does not want to disclose,FALSE,Uninsured,No,
,Female,37,3,1,1,0,Hispanic,Dallas,75210,Does not want to disclose,FALSE,Prefer Not to Answer,No,
,Female,38,3,2,0,2,Hispanic,Dallas,75217,"$26,701 - $44,500",FALSE,Uninsured,No,
,Female,39,4,1,0,1,Hispanic,Dallas,75210,Does not want to disclose,FALSE,Medicaid,No,
,Male,40,2,2,0,2,Hispanic,Dallas,75217,Unknown,FALSE,Uninsured,No,
,Female,42,2,1,2,1,Hispanic,Dallas,75220,"$26,701 - $44,500",FALSE,Medicaid,No,
,Female,42,2,0,2,1,Hispanic,Dallas,75212,"$26,701 - $44,500",FALSE,Medicaid,No,
,Female,42,3,2,0,0,Hispanic,Dallas,75215,Does not want to disclose,FALSE,Medicaid,Yes,
,Female,43,3,1,0,0,Hispanic,Dallas,75210,"$26,701 - $44,500",FALSE,Medicaid,Yes,
,Female,43,2,2,1,0,Hispanic,Dallas,75210,Unknown,FALSE,Medicaid,Yes,
,Female,52,2,2,0,0,Hispanic,Dallas,75253,Does not want to disclose,FALSE,Prefer Not to Answer,Yes,
,Female,33,2,0,1,0,Hispanic,Dallas,75241,Unknown,FALSE,Medicaid,No,
,Female,18,3,0,0,1,Hispanic,Dallas,75211,"Under $26,700",FALSE,Uninsured,No,
,Female,30,2,1,1,0,Hispanic,Dallas,75241,"$44,501 - $71,200",FALSE,Uninsured,No,
,Female,32,2,2,2,0,Hispanic,Dallas,75216,"$44,501 - $71,200",FALSE,CHIP,No,
,Female,35,2,0,2,0,Hispanic,Dallas,75211,Does not want to disclose,FALSE,Medicaid; Uninsured,No,
,Female,36,2,1,1,0,Hispanic,Dallas,75211,Unknown,FALSE,Medicaid; Uninsured,No,
,Female,36,2,3,2,0,Hispanic,Dallas,75236,"Under $26,700",FALSE,Medicaid; Uninsured; Prefer Not to Answer,No,
,Female,36,2,2,0,0,Hispanic,Dallas,75203,"$26,701 - $44,500",FALSE,Medicaid; Uninsured,No,
,Female,36,2,1,1,0,Hispanic,Dallas,75104,"$26,701 - $44,500",FALSE,Medicaid,No,
,Female,36,2,0,2,1,Hispanic,Dallas,75241,Unknown,FALSE,Medicaid,Yes,
,Male,37,2,0,1,0,Hispanic,Dallas,75249,Does not want to disclose,FALSE,Prefer Not to Answer,No,
,Female,38,8,1,2,3,Hispanic,Dallas,75232,"$26,701 - $44,500",FALSE,Medicaid,No,
,Female,39,2,0,3,0,Hispanic,Dallas,75211,"Under $26,700",FALSE,Uninsured,No,
,Female,39,2,0,1,0,Hispanic,Dallas,75249,Does not want to disclose,FALSE,Uninsured,No,
,Female,41,2,0,1,2,Hispanic,Dallas,75233,"Over $71,200",FALSE,Medicaid; Private; Uninsured,No,
,Female,41,2,0,1,2,Hispanic,Dallas,75211,"$44,501 - $71,200",FALSE,Other,No,
,Female,41,2,1,1,1,Hispanic,Dallas,75233,"Under $26,700",FALSE,Medicaid,No,
,Female,42,3,0,0,1,American Indian or Alaska Native,Dallas,75211,"Under $26,700",FALSE,Medicaid; Uninsured,Yes,
,Male,42,2,1,2,3,Hispanic,Dallas,75232,"$26,701 - $44,500",FALSE,Medicaid,No,
,Female,45,2,0,2,0,Hispanic,Dallas,75146,"$26,701 - $44,500",FALSE,CHIP,No,
,Female,53,1,0,1,1,Hispanic,Dallas,75211,"Under $26,700",FALSE,Medicaid,No,
,Female,56,3,0,0,1,White,Dallas,75211,Unknown,FALSE,Medicaid; Uninsured,Prefer Not to Answer,
,Female,57,2,1,1,0,Hispanic,Dallas,75211,"Under $26,700",FALSE,Medicaid; Uninsured,No,
,Female,24,3,1,2,0,Hispanic,Dallas,75223,Does not want to disclose,FALSE,Prefer Not to Answer,Prefer Not to Answer,
,Female,45,1,1,1,0,Hispanic,Dallas,75223,"Under $26,700",FALSE,Medicaid,Yes,
,Female,26,2,1,1,0,Hispanic,Dallas,75223,"Under $26,700",FALSE,Uninsured,No,
,Female,30,1,1,1,0,Hispanic,Dallas,75223,Unknown,FALSE,Uninsured,Prefer Not to Answer,
,Female,32,2,2,0,0,Hispanic,Dallas,75215,Unknown,FALSE,Medicaid,No,
,Female,38,3,0,1,1,Hispanic,Dallas,75223,"Over $71,200",FALSE,Uninsured,No,
,Female,41,6,0,1,1,Hispanic,Dallas,75223,Unknown,FALSE,Uninsured,No,
,Female,42,4,0,2,1,Hispanic,Dallas,75223,"Under $26,700",FALSE,Uninsured,No,
,Female,48,2,0,1,3,Hispanic,Dallas,75223,Unknown,FALSE,Medicaid,Yes,
,Male,66,2,0,1,3,Hispanic,Dallas,75223,Unknown,FALSE,Medicaid,Yes,
,Female,Unknown,1,0,1,0,Prefer Not to Answer,Dallas,75227,Does not want to disclose,FALSE,Prefer Not to Answer,Prefer Not to Answer,
,Female,35,1,0,0,1,Hispanic,Dallas,75227,"$26,701 - $44,500",FALSE,Prefer Not to Answer,No,
,Female,22,2,0,0,0,Hispanic,Dallas,75227,Unknown,FALSE,Prefer Not to Answer,No,
,Female,29,2,0,0,0,Hispanic,Dallas,75202,"Over $71,200",FALSE,Other,No,
,Female,32,4,1,1,0,Hispanic,Dallas,75217,Unknown,FALSE,Medicaid,Yes,
,Female,34,2,0,3,1,Hispanic,Dallas,75227,Does not want to disclose,FALSE,Uninsured,No,
,Female,34,4,0,2,0,Hispanic,Dallas,75227,Unknown,FALSE,Uninsured,No,
,Female,36,2,0,0,2,Hispanic,Dallas,75227,"$26,701 - $44,500",FALSE,Medicaid; Uninsured,No,
,Female,37,2,0,3,0,Hispanic,Dallas,75217,Unknown,FALSE,Prefer Not to Answer,No,
,Female,37,3,1,1,2,Hispanic,Dallas,75217,Unknown,FALSE,Uninsured,Yes,
,Female,37,2,2,3,1,Hispanic,Dallas,75180,"$26,701 - $44,500",FALSE,Medicaid,Yes,
,Female,37,2,2,1,1,Hispanic,Dallas,75227,"$26,701 - $44,500",FALSE,Medicaid,No,
,Female,38,3,0,2,0,Hispanic,Dallas,75217,"$26,701 - $44,500",FALSE,Medicaid,No,
,Female,39,2,2,2,0,Hispanic,Dallas,75217,Unknown,FALSE,Prefer Not to Answer,No,
,Female,39,3,0,0,2,Hispanic,Dallas,75217,Unknown,FALSE,Uninsured,No,
,Female,40,4,0,1,0,Hispanic,Dallas,75227,Unknown,FALSE,Uninsured,Prefer Not to Answer,
,Female,41,2,0,0,2,Hispanic,Dallas,75227,"$26,701 - $44,500",FALSE,Medicaid; Uninsured,No,
,Female,41,2,1,1,0,Hispanic,Dallas,75227,"$26,701 - $44,500",FALSE,Medicaid,No,
,Female,42,2,1,2,0,Hispanic,Dallas,75227,Unknown,FALSE,Uninsured,No,
,Male,44,4,0,1,0,Hispanic,Dallas,75227,Unknown,FALSE,Uninsured,Prefer Not to Answer,
,Female,46,2,1,2,1,Hispanic,Dallas,75227,"$26,701 - $44,500",FALSE,Medicaid,No,
,Female,47,2,1,2,1,Hispanic,Dallas,75227,"$26,701 - $44,500",FALSE,Medicaid,No,
,Female,47,2,0,1,2,Hispanic,Dallas,75227,"$26,701 - $44,500",FALSE,Uninsured,No,
,Female,48,3,0,2,0,Hispanic,Dallas,75217,Unknown,FALSE,Prefer Not to Answer,No,
,Female,Unknown,1,0,1,1,Hispanic,Dallas,75240,Does not want to disclose,FALSE,Prefer Not to Answer,No,
,Female,Unknown,1,0,0,1,Hispanic,Dallas,75080,Does not want to disclose,FALSE,Prefer Not to Answer,Prefer Not to Answer,
,Female,Unknown,1,0,0,1,Hispanic,Dallas,75080,Does not want to disclose,FALSE,Prefer Not to Answer,Prefer Not to Answer,
,Female,Unknown,1,0,0,1,Hispanic,Dallas,75080,Does not want to disclose,FALSE,Prefer Not to Answer,Prefer Not to Answer,
,Female,Unknown,3,0,1,1,Hispanic,Dallas,75240,"$26,701 - $44,500",FALSE,Other,No,
,Female,Unknown,2,2,1,0,Hispanic,Dallas,75240,Does not want to disclose,FALSE,Prefer Not to Answer,Prefer Not to Answer,
,Prefer Not to Answer,Unknown,1,0,0,1,Prefer Not to Answer,Dallas,75080,Does not want to disclose,FALSE,Prefer Not to Answer,Prefer Not to Answer,
,Female,24,2,0,0,2,Hispanic,Dallas,75240,Unknown,FALSE,Medicaid,No,
,Female,26,2,0,0,1,Hispanic,Dallas,75240,"$26,701 - $44,500",FALSE,Uninsured,No,
,Female,30,2,0,4,0,Hispanic,Dallas,75240,Unknown,FALSE,Medicaid,Yes,
,Female,30,5,2,1,1,Hispanic,Dallas,75080,"Under $26,700",FALSE,Medicaid,Yes,
,Female,32,2,0,0,1,Hispanic,Dallas,75240,"$26,701 - $44,500",FALSE,Other,No,
,Male,32,5,0,,,Hispanic,Dallas,75081,"Under $26,700",FALSE,Prefer Not to Answer,Prefer Not to Answer,
,Female,33,2,2,1,0,Hispanic,Dallas,75240,Does not want to disclose,FALSE,Prefer Not to Answer,Prefer Not to Answer,
,Female,34,1,2,2,1,Hispanic,Dallas,75240,Does not want to disclose,FALSE,Medicaid; Prefer Not to Answer,Yes,
,Female,34,2,1,1,2,Hispanic,Dallas,75240,"$26,701 - $44,500",FALSE,Uninsured,No,
,Female,34,1,0,1,1,Prefer Not to Answer,Dallas,75240,Unknown,FALSE,Uninsured,No,
,Female,34,4,0,0,1,Hispanic,Dallas,75240,Unknown,FALSE,Prefer Not to Answer,No,
,Female,34,1,1,0,2,Prefer Not to Answer,Dallas,75080,"$44,501 - $71,200",FALSE,Uninsured,No,
,Female,35,3,1,2,1,Hispanic,Dallas,75080,"Under $26,700",FALSE,Uninsured,No,
,Female,38,1,0,0,1,Hispanic,Dallas,75080,"Under $26,700",FALSE,Uninsured,No,
,Male,38,2,0,0,1,Hispanic,Dallas,75240,Does not want to disclose,FALSE,Uninsured,No,
,Male,39,2,0,0,3,Hispanic,Dallas,75240,Unknown,FALSE,Prefer Not to Answer,No,
,Male,39,2,1,2,1,Hispanic,Dallas,75240,"$26,701 - $44,500",FALSE,Uninsured,No,
,Female,39,2,0,2,2,Hispanic,Dallas,75080,Does not want to disclose,FALSE,CHIP,No,
,Female,42,2,1,2,1,Prefer Not to Answer,Dallas,75080,Unknown,FALSE,Uninsured,No,
,Female,42,1,0,1,1,White,Dallas,75080,"$26,701 - $44,500",FALSE,CHIP,No,
,Female,42,6,0,2,1,Hispanic,Dallas,75081,"$26,701 - $44,500",FALSE,Uninsured,No,
,Male,43,2,0,0,2,Hispanic,Dallas,75240,"$26,701 - $44,500",FALSE,Prefer Not to Answer,No,
,Female,44,2,0,0,1,Hispanic,Dallas,75240,Does not want to disclose,FALSE,Uninsured,No,
,Female,46,4,0,0,2,Hispanic,Dallas,75240,Unknown,FALSE,Uninsured,No,
,Female,48,1,0,0,1,Hispanic,Dallas,75240,Unknown,FALSE,Uninsured,Prefer Not to Answer,
,Female,48,4,0,0,1,Hispanic,Dallas,75080,"$44,501 - $71,200",FALSE,CHIP,No,
,Female,50,1,0,2,0,Hispanic,Dallas,75240,Unknown,FALSE,Prefer Not to Answer,No,
,Female,50,2,0,0,1,Hispanic,Dallas,75248,"$26,701 - $44,500",FALSE,CHIP,No,
,Female,54,1,0,0,1,Hispanic,Dallas,75080,Unknown,FALSE,Prefer Not to Answer,No,
,Male,Unknown,2,0,2,1,Hispanic,Dallas,75240,Does not want to disclose,FALSE,Prefer Not to Answer,Yes,
,Male,Unknown,5,1,0,2,Hispanic,Dallas,75240,Does not want to disclose,FALSE,Prefer Not to Answer,No,
,Female,Unknown,1,0,0,1,Hispanic,Dallas,75080,Does not want to disclose,FALSE,Prefer Not to Answer,Prefer Not to Answer,
,Male,Unknown,1,0,0,2,Hispanic,Dallas,75080,Does not want to disclose,FALSE,Prefer Not to Answer,Prefer Not to Answer,
,Female,Unknown,1,0,1,3,Hispanic,Dallas,75080,"Under $26,700",FALSE,Uninsured,No,
,Female,19,2,3,0,0,Hispanic,Dallas,75240,Does not want to disclose,FALSE,Uninsured,No,
,Female,21,2,0,0,1,Hispanic,Dallas,75240,Unknown,FALSE,Uninsured,No,
,Female,23,2,3,0,0,Hispanic,Dallas,75240,"Under $26,700",FALSE,Uninsured,No,
,Female,29,4,0,1,0,Hispanic,Dallas,75240,"Under $26,700",FALSE,Uninsured,No,
,Female,30,1,0,1,0,Hispanic,Dallas,75254,"Under $26,700",FALSE,Uninsured,No,
,Female,31,2,0,2,1,Hispanic,Dallas,75240,"Under $26,700",FALSE,Prefer Not to Answer,No,
,Female,31,2,0,1,0,Hispanic,Dallas,75080,"Under $26,700",FALSE,Prefer Not to Answer,No,
,Female,32,1,0,1,1,Hispanic,Dallas,75080,"Under $26,700",FALSE,Medicaid,Yes,
,Female,32,1,0,1,0,Hispanic,Dallas,75240,"Under $26,700",FALSE,Uninsured,No,
,Female,32,1,1,2,1,Hispanic,Dallas,75254,Unknown,FALSE,CHIP,No,
,Female,32,1,1,1,0,Hispanic,Dallas,75240,"$26,701 - $44,500",FALSE,Prefer Not to Answer,No,
,Female,32,2,0,1,1,Hispanic,Dallas,75080,Unknown,FALSE,Prefer Not to Answer,No,
,Female,32,4,1,1,0,Hispanic,Dallas,75080,"$26,701 - $44,500",FALSE,Other,No,
,Female,34,1,0,4,1,Hispanic,Dallas,75150,Unknown,FALSE,Prefer Not to Answer,Yes,
,Male,34,4,0,2,0,Hispanic,Dallas,75150,Unknown,FALSE,Prefer Not to Answer,Prefer Not to Answer,
,Female,34,2,0,0,1,Hispanic,Dallas,75248,Unknown,FALSE,Prefer Not to Answer,No,
,Female,34,2,1,0,1,Hispanic,Dallas,75080,Unknown,FALSE,Medicaid,Yes,
,Female,35,2,2,1,0,Hispanic,Dallas,75240,Does not want to disclose,FALSE,Other,No,
,Female,35,3,0,0,3,Hispanic,Dallas,75240,Unknown,FALSE,Prefer Not to Answer,No,
,Female,36,2,1,1,1,Hispanic,Dallas,75240,"Under $26,700",FALSE,Medicaid,Yes,
,Female,36,1,1,3,1,Hispanic,Dallas,75035,"$26,701 - $44,500",FALSE,Medicaid,Yes,
,Female,37,2,0,2,2,Hispanic,Dallas,75240,Unknown,FALSE,Prefer Not to Answer,No,
,Male,37,2,0,0,3,Hispanic,Dallas,75240,"Under $26,700",FALSE,Uninsured,No,
,Male,37,4,0,1,2,Hispanic,Dallas,75254,"$26,701 - $44,500",FALSE,Medicaid,Prefer Not to Answer,
,Female,37,2,1,1,1,Hispanic,Dallas,75248,"$44,501 - $71,200",FALSE,Private,Yes,
,Female,38,4,0,2,0,Hispanic,Dallas,75240,Unknown,FALSE,Uninsured,No,
,Male,38,3,0,0,1,Hispanic,Dallas,75080,"Under $26,700",FALSE,Uninsured,Prefer Not to Answer,
,Female,40,5,1,0,2,Hispanic,Dallas,75240,Does not want to disclose,FALSE,Prefer Not to Answer,No,
,Female,40,2,1,0,2,Hispanic,Dallas,75080,Unknown,FALSE,Medicaid,No,
,Female,41,5,0,1,3,Hispanic,Dallas,75240,Unknown,FALSE,Medicaid,No,
,Male,42,4,0,0,2,Hispanic,Dallas,75248,"Under $26,700",FALSE,CHIP,Yes,
,Female,42,2,0,1,1,Hispanic,Dallas,75080,"$26,701 - $44,500",FALSE,Uninsured,No,
,Female,42,4,0,0,1,Hispanic,Dallas,75240,Unknown,FALSE,Prefer Not to Answer,No,
,Female,43,3,0,1,1,Hispanic,Dallas,75240,"$26,701 - $44,500",FALSE,Prefer Not to Answer,No,
,Female,44,3,0,1,0,Hispanic,Dallas,75240,"$26,701 - $44,500",FALSE,Prefer Not to Answer,No,
,Female,44,4,0,0,2,Hispanic,Dallas,75248,"Under $26,700",FALSE,CHIP,Yes,
,Female,44,1,0,0,1,Hispanic,Dallas,75240,Unknown,FALSE,Prefer Not to Answer,No,
,Female,44,1,1,0,1,Hispanic,Dallas,75081,"$26,701 - $44,500",FALSE,CHIP,No,
,Female,47,3,0,1,1,Hispanic,Dallas,75240,"Under $26,700",FALSE,Medicaid,No,
,Female,48,3,0,0,1,Hispanic,Dallas,75042,"$26,701 - $44,500",FALSE,Uninsured,No,
,Female,48,1,0,0,1,Hispanic,Dallas,75081,"Under $26,700",FALSE,Uninsured,No,
,Female,49,3,0,1,1,Hispanic,Dallas,75240,Unknown,FALSE,Medicaid,No,
,Female,49,1,0,0,1,Hispanic,Dallas,75251,"$26,701 - $44,500",FALSE,Private,Prefer Not to Answer,
,Female,51,2,0,0,2,Hispanic,Dallas,75080,"$26,701 - $44,500",FALSE,Uninsured,No,
,Female,51,1,0,0,1,Hispanic,Dallas,75240,"Under $26,700",FALSE,Uninsured,No,
,Female,51,4,0,0,0,White,Dallas,75080,Does not want to disclose,FALSE,Uninsured,No,
,Female,52,2,0,2,1,Hispanic,Dallas,75240,Does not want to disclose,FALSE,Prefer Not to Answer,Yes,
,Female,52,3,1,0,1,Prefer Not to Answer,Dallas,75080,Does not want to disclose,FALSE,Prefer Not to Answer,No,
,Female,35,1,1,1,0,Hispanic,Dallas,75159,Does not want to disclose,FALSE,Prefer Not to Answer,Prefer Not to Answer,
,Female,39,1,0,1,0,Hispanic,Dallas,75253,Unknown,FALSE,Prefer Not to Answer,No,
,Male,47,2,0,1,0,Hispanic,Dallas,75253,Unknown,FALSE,Prefer Not to Answer,No,
,Female,20,1,1,0,0,Hispanic,Dallas,75211,Does not want to disclose,FALSE,Medicaid,Prefer Not to Answer,
,Female,25,2,1,0,0,Hispanic,Dallas,75211,Does not want to disclose,FALSE,Uninsured,No,
,Female,26,2,2,0,1,Hispanic,Dallas,75211,Unknown,FALSE,Prefer Not to Answer,No,
,Female,28,2,0,2,0,Hispanic,Dallas,75211,Does not want to disclose,FALSE,Medicaid,Yes,
,Female,29,3,0,1,0,Hispanic,Dallas,75211,Does not want to disclose,FALSE,Prefer Not to Answer,No,
,Male,29,2,0,1,0,Hispanic,Dallas,75211,Does not want to disclose,FALSE,Uninsured,No,
,Female,31,1,0,1,0,Hispanic,Dallas,75211,Unknown,FALSE,Prefer Not to Answer,No,
,Male,32,2,1,0,0,Hispanic,Dallas,75211,Does not want to disclose,FALSE,Uninsured,No,
,Female,32,1,1,1,0,Hispanic,Dallas,75211,"Under $26,700",FALSE,Medicaid,Yes,
,Female,33,1,1,0,0,Hispanic,Dallas,75211,Does not want to disclose,FALSE,Uninsured,Prefer Not to Answer,
,Female,35,2,1,2,0,Hispanic,Dallas,75211,Does not want to disclose,FALSE,Other,Yes,
,Female,36,6,1,2,1,Hispanic,Dallas,75211,"$26,701 - $44,500",FALSE,Medicaid,Yes,
,Female,38,2,0,1,1,Hispanic,Dallas,75211,Does not want to disclose,FALSE,Prefer Not to Answer,No,
,Female,40,4,1,0,0,Hispanic,Dallas,75211,Does not want to disclose,FALSE,Prefer Not to Answer,No,
,Female,52,5,0,2,0,Hispanic,Dallas,75211,Does not want to disclose,FALSE,Prefer Not to Answer,No,
,Male,57,7,0,0,3,Hispanic,Dallas,75211,"Under $26,700",FALSE,Prefer Not to Answer,No,
,Female,21,3,3,0,0,Hispanic,Dallas,75211,Unknown,FALSE,Medicaid,No,
,Female,22,6,1,2,1,Hispanic,Dallas,75211,Unknown,FALSE,Uninsured,No,
,Female,23,2,1,1,0,Hispanic,Dallas,75211,Unknown,FALSE,Other,No,
,Female,23,4,1,0,0,Hispanic,Dallas,75211,"$44,501 - $71,200",FALSE,Medicaid,No,
,Female,23,3,0,1,0,Hispanic,Dallas,75211,Does not want to disclose,FALSE,Prefer Not to Answer,No,
,Female,26,2,1,1,0,Hispanic,Dallas,75211,Unknown,FALSE,Uninsured,No,
,Female,30,5,2,1,0,Hispanic,Dallas,75211,Unknown,FALSE,Medicaid,No,
,Female,30,3,2,1,0,Hispanic,Dallas,75211,Unknown,FALSE,Medicaid,No,
,Female,31,3,1,2,0,Hispanic,Dallas,75211,"$26,701 - $44,500",FALSE,Medicaid,No,
,Female,31,1,1,3,1,Hispanic,Dallas,75211,"Under $26,700",FALSE,Medicaid,No,
,Female,32,2,1,1,0,Hispanic,Dallas,75212,Unknown,FALSE,Medicaid,Yes,
,Female,34,2,1,1,0,Hispanic,Dallas,75211,"$26,701 - $44,500",FALSE,Uninsured,No,
,Female,35,1,1,0,1,Hispanic,Dallas,75211,Unknown,FALSE,Medicaid,Yes,
,Female,37,4,0,1,1,Hispanic,Dallas,75212,"$44,501 - $71,200",FALSE,Uninsured,No,
,Male,37,2,0,2,0,Hispanic,Dallas,75211,Unknown,FALSE,Uninsured,No,
,Female,41,2,1,2,0,Hispanic,Dallas,75211,"$26,701 - $44,500",FALSE,Uninsured,No,
,Female,41,3,0,2,1,Hispanic,Dallas,75211,Unknown,FALSE,Uninsured,Prefer Not to Answer,
,Female,44,1,0,1,0,Hispanic,Dallas,75211,"Under $26,700",FALSE,Medicaid,No,
,Female,44,5,0,1,1,Hispanic,Dallas,75211,"$44,501 - $71,200",FALSE,Private,No,
,Female,46,2,0,1,1,Hispanic,Dallas,75211,"Under $26,700",FALSE,Medicaid,Yes,
,Female,49,4,0,1,0,Hispanic,Dallas,75211,"Under $26,700",FALSE,Uninsured,No,
,Female,53,4,1,0,0,Hispanic,Dallas,75211,Unknown,FALSE,CHIP,No,
,Female,24,5,2,0,0,Hispanic,Dallas,75231,Does not want to disclose,FALSE,Prefer Not to Answer,No,
,Female,26,2,0,0,0,Hispanic,Dallas,75231,Unknown,FALSE,Uninsured,No,
,Female,27,2,1,2,0,Hispanic,Dallas,75231,"Under $26,700",FALSE,Medicaid,No,
,Female,29,2,2,4,2,Hispanic,Dallas,75231,Unknown,FALSE,Uninsured,Yes,
,Female,33,2,1,2,0,Hispanic,Dallas,75231,"$26,701 - $44,500",FALSE,CHIP,No,
,Female,35,1,0,2,1,Hispanic,Dallas,75231,"Under $26,700",FALSE,Medicaid,Yes,
,Female,35,2,2,0,0,Hispanic,Dallas,75231,"Under $26,700",FALSE,Uninsured,No,
,Female,38,2,0,1,0,Prefer Not to Answer,Dallas,75231,Unknown,FALSE,Uninsured,No,
,Female,39,3,0,1,1,White,Dallas,75243,"$26,701 - $44,500",FALSE,Medicaid,Yes,
,Female,40,2,1,0,1,Hispanic,Dallas,75231,Unknown,FALSE,Medicaid,No,
,Female,41,5,0,2,0,Hispanic,Dallas,75231,"Under $26,700",FALSE,Uninsured,No,
,Female,42,2,0,2,1,Hispanic,Dallas,75231,Unknown,FALSE,Uninsured,Yes,
,Female,42,2,1,1,1,Hispanic,Dallas,75231,"Under $26,700",FALSE,Uninsured,No,
,Female,44,2,0,0,2,Hispanic,Dallas,75231,"$26,701 - $44,500",FALSE,Medicaid; Uninsured,No,
,Female,44,1,0,2,0,Hispanic,Dallas,75231,Does not want to disclose,FALSE,Other,No,
,Female,44,2,0,3,0,Hispanic,Dallas,75231,"Under $26,700",FALSE,Medicaid,No,
,Female,44,5,2,0,0,White,Dallas,75081,"$26,701 - $44,500",FALSE,CHIP,Yes,
,Female,45,3,0,1,1,Hispanic,Dallas,75231,Unknown,FALSE,Medicaid; Uninsured,No,
,Female,46,4,0,2,0,Hispanic,Dallas,75231,Unknown,FALSE,Uninsured,No,
,Female,47,2,0,1,1,Hispanic,Dallas,75231,"$26,701 - $44,500",FALSE,Medicaid,Yes,
,Female,49,2,0,1,2,Hispanic,Dallas,75231,Does not want to disclose,FALSE,Medicaid,No,
,Female,50,1,0,3,0,White,Dallas,75231,"Under $26,700",FALSE,Medicaid,Yes,
,Female,51,4,0,1,1,Hispanic,Dallas,75231,Unknown,FALSE,Medicaid,Yes,
,Female,51,4,0,0,1,Hispanic,Dallas,75231,Unknown,FALSE,Uninsured,No,
,Male,57,3,1,0,0,Hispanic,Dallas,75231,Unknown,FALSE,Uninsured,No,
,Female,60,2,0,2,0,Hispanic,Dallas,75230,Unknown,FALSE,Uninsured,No,
,Female,60,2,0,2,0,Hispanic,Dallas,75231,"Under $26,700",FALSE,Medicaid,No,
,Female,64,2,0,0,0,Hispanic,Dallas,75231,"Under $26,700",FALSE,Uninsured,Prefer Not to Answer,
,Female,65,4,0,1,1,Hispanic,Dallas,75231,Unknown,FALSE,Uninsured,No,
,Female,67,2,0,1,0,Hispanic,Dallas,75231,"Under $26,700",FALSE,Medicaid,No,
,Female,71,2,0,0,0,Hispanic,Dallas,75231,"Under $26,700",FALSE,Uninsured,No,
,Female,Unknown,1,0,0,1,Hispanic,Dallas,75208,Does not want to disclose,FALSE,Prefer Not to Answer,Prefer Not to Answer,
,Female,Unknown,1,0,0,1,Hispanic,Dallas,75208,Does not want to disclose,FALSE,Prefer Not to Answer,Prefer Not to Answer,
,Female,Unknown,1,0,0,1,Hispanic,Dallas,75208,Does not want to disclose,FALSE,Prefer Not to Answer,Prefer Not to Answer,
,Female,Unknown,1,0,1,0,Prefer Not to Answer,Dallas,75208,Does not want to disclose,FALSE,Prefer Not to Answer,Prefer Not to Answer,
,Female,Unknown,1,0,1,0,Prefer Not to Answer,Dallas,75208,Does not want to disclose,FALSE,Prefer Not to Answer,Prefer Not to Answer,
,Female,Unknown,1,0,1,0,Prefer Not to Answer,Dallas,75208,Does not want to disclose,FALSE,Prefer Not to Answer,Prefer Not to Answer,
,Female,25,2,1,2,0,Hispanic,Dallas,75228,"Under $26,700",FALSE,Medicaid,Yes,
,Female,38,3,0,0,1,Hispanic,Dallas,75216,"$26,701 - $44,500",FALSE,Uninsured,No,
,Female,40,2,1,2,1,Hispanic,Other,76031,"$26,701 - $44,500",FALSE,Private,No,
,Female,41,3,0,2,2,Hispanic,Tarrant,76112,"$26,701 - $44,500",FALSE,Uninsured,No,
,Female,44,2,1,2,1,Hispanic,Dallas,75006,"$26,701 - $44,500",FALSE,Uninsured,No,
,Female,50,4,2,2,1,Hispanic,Dallas,75223,"Under $26,700",FALSE,CHIP,Yes,
,Female,54,4,0,1,1,Hispanic,Tarrant,76103,Does not want to disclose,FALSE,Uninsured,Prefer Not to Answer,
,Male,Unknown,1,0,1,1,Hispanic,Tarrant,76011,Does not want to disclose,FALSE,Prefer Not to Answer,Prefer Not to Answer,
,Female,24,4,1,1,0,Hispanic,Dallas,75253,Unknown,FALSE,Medicaid,No,
,Female,32,2,0,2,0,Hispanic,Dallas,75211,"Under $26,700",FALSE,Uninsured,No,
,Female,33,2,3,2,1,Hispanic,Tarrant,76110,"$26,701 - $44,500",FALSE,Medicaid,Yes,
,Female,34,2,1,0,0,Hispanic,Tarrant,76199,"$26,701 - $44,500",FALSE,Uninsured,No,
,Female,34,5,1,1,0,Hispanic,Dallas,75223,"Under $26,700",FALSE,Uninsured,No,
,Female,34,5,0,2,1,Hispanic,Tarrant,76010,"Over $71,200",FALSE,Other,No,
,Female,34,1,0,0,1,Hispanic,Tarrant,76119,Does not want to disclose,FALSE,Prefer Not to Answer,Prefer Not to Answer,
,Female,35,1,1,2,0,Hispanic,Tarrant,76112,"$44,501 - $71,200",FALSE,Uninsured,No,
,Female,35,3,2,2,2,Hispanic,Tarrant,76010,"Under $26,700",FALSE,Medicaid,No,
,Female,36,2,0,1,1,Hispanic,Dallas,75043,"Under $26,700",FALSE,Uninsured,No,
,Female,37,4,0,3,0,Hispanic,Dallas,75229,"Under $26,700",FALSE,Medicaid,Yes,
,Female,37,2,1,0,0,Hispanic,Dallas,75231,"$26,701 - $44,500",FALSE,Uninsured,No,
,Female,38,2,0,3,2,Hispanic,Other,76031,"$26,701 - $44,500",FALSE,Medicaid,Yes,
,Female,38,2,0,2,0,Hispanic,Dallas,75006,"Under $26,700",FALSE,Uninsured,No,
,Female,39,4,1,0,0,Hispanic,Dallas,75115,"Under $26,700",FALSE,Uninsured,No,
,Female,39,4,2,0,0,Hispanic,Dallas,75220,"Under $26,700",FALSE,Uninsured,No,
,Female,39,2,1,0,0,Hispanic,Other,75125,"$26,701 - $44,500",FALSE,Uninsured,No,
,Female,39,4,1,0,1,Hispanic,Dallas,75211,"Under $26,700",FALSE,Private,Yes,
,Female,39,2,1,0,0,Hispanic,Dallas,75150,"$26,701 - $44,500",FALSE,Uninsured,No,
,Female,39,3,2,0,0,Hispanic,Dallas,75115,"$26,701 - $44,500",FALSE,Uninsured,No,
,Female,40,2,1,1,2,Hispanic,Dallas,75243,Unknown,FALSE,Medicaid,Prefer Not to Answer,
,Female,40,2,1,1,0,Hispanic,Dallas,75006,Does not want to disclose,FALSE,Prefer Not to Answer,No,
,Male,41,3,1,0,0,Hispanic,Tarrant,76110,Unknown,FALSE,Uninsured,No,
,Female,41,2,0,1,1,Hispanic,Dallas,75203,"$26,701 - $44,500",FALSE,Uninsured,No,
,Female,41,2,1,1,0,Hispanic,Dallas,75223,"Under $26,700",FALSE,Uninsured,No,
,Female,42,3,0,0,1,Hispanic,Dallas,75007,"Under $26,700",FALSE,Medicaid,No,
,Female,42,3,0,1,1,Hispanic,Dallas,75211,"Under $26,700",FALSE,Medicaid,No,
,Female,43,2,0,1,0,Hispanic,Dallas,75211,"$26,701 - $44,500",FALSE,Uninsured,No,
,Female,43,2,0,2,0,Hispanic,Tarrant,76006,"$26,701 - $44,500",FALSE,Uninsured,No,
,Female,44,2,1,0,0,Hispanic,Dallas,75231,"Under $26,700",FALSE,Uninsured,No,
,Male,45,2,0,3,0,Hispanic,Dallas,75234,"Under $26,700",FALSE,Medicaid,Yes,
,Male,45,4,0,1,0,Hispanic,Dallas,75211,Does not want to disclose,FALSE,Uninsured,No,
,Female,46,3,0,1,0,Hispanic,Dallas,75231,Does not want to disclose,FALSE,Prefer Not to Answer,No,
,Female,46,2,1,1,1,Hispanic,Tarrant,76110,"Under $26,700",FALSE,Uninsured,No,
,Female,46,4,0,1,0,Hispanic,Tarrant,76012,"$26,701 - $44,500",FALSE,Uninsured,No,
,Female,48,1,0,1,0,Hispanic,Dallas,75231,"Under $26,700",FALSE,CHIP,Yes,
,Female,48,3,1,2,1,Hispanic,Dallas,75203,"Under $26,700",FALSE,Uninsured,No,
,Female,48,4,1,0,1,Hispanic,Dallas,75244,"Under $26,700",FALSE,Medicaid,Yes,
,Female,48,2,0,0,1,Hispanic,Dallas,75220,"Under $26,700",FALSE,Uninsured,No,
,Female,50,2,0,2,1,Hispanic,Tarrant,76179,"$26,701 - $44,500",FALSE,Private,No,
,Female,50,3,0,1,0,Hispanic,Tarrant,76134,"$26,701 - $44,500",FALSE,CHIP,No,
,Female,53,2,0,0,1,Hispanic,Dallas,75227,"$26,701 - $44,500",FALSE,Uninsured,No,
,Female,54,3,1,0,0,Hispanic,Dallas,75206,Unknown,FALSE,Uninsured,No,
,Female,55,2,0,0,1,Hispanic,Dallas,75223,"$26,701 - $44,500",FALSE,CHIP,No,
,Male,56,2,0,1,0,Hispanic,Dallas,75223,"$26,701 - $44,500",FALSE,CHIP,No,
,Female,28,2,1,1,0,Hispanic,Dallas,75006,Does not want to disclose,FALSE,Medicaid,No,
,Female,41,3,0,1,1,White,Dallas,75254,"Over $71,200",FALSE,Uninsured,No,
,Female,27,2,0,1,0,Hispanic,Dallas,75234,Unknown,FALSE,Prefer Not to Answer,No,
,Female,32,2,1,1,0,Hispanic,Dallas,75234,Unknown,FALSE,Private,No,
,Male,37,2,0,2,0,Hispanic,Dallas,75234,Unknown,FALSE,Medicaid,No,
,Female,39,2,0,2,0,Hispanic,Dallas,75234,"$26,701 - $44,500",FALSE,Medicaid,No,
,Female,41,4,0,,,Hispanic,Dallas,75234,Unknown,FALSE,Private,No,
,Female,44,3,0,1,1,Hispanic,Dallas,75234,"Under $26,700",FALSE,Prefer Not to Answer,No,
,Female,44,1,0,1,0,Hispanic,Dallas,75234,"Under $26,700",FALSE,Uninsured,Yes,
,Female,44,1,0,1,2,Hispanic,Dallas,75234,"Under $26,700",FALSE,Uninsured,No,
,Female,45,1,0,1,1,Hispanic,Dallas,75006,"Under $26,700",FALSE,Other,Yes,
,Male,51,1,0,,,Hispanic,Dallas,75006,"Under $26,700",FALSE,Other,Yes,
,Female,56,4,0,,,Hispanic,Dallas,75234,"$26,701 - $44,500",FALSE,Other,No,
,Female,66,2,0,,,Hispanic,Dallas,75234,"Under $26,700",FALSE,Other,No,
,Female,71,2,0,1,1,Hispanic,Dallas,75234,Does not want to disclose,FALSE,Medicaid; Uninsured,No,
,Unknown,Unknown,,,,,,,,,FALSE,,,
,Male,19,3,0,2,0,Hispanic,Dallas,75007,Does not want to disclose,FALSE,Other,No,
,Male,39,1,0,,,Hispanic,Denton,75007,"$26,701 - $44,500",FALSE,Uninsured,No,
,Female,40,2,0,2,0,Hispanic,Denton,75007,"$26,701 - $44,500",FALSE,Uninsured,No,
,Female,41,4,1,2,1,Hispanic,Dallas,75007,Does not want to disclose,FALSE,Medicaid,Yes,
,Female,21,4,0,1,0,Hispanic,Denton,75007,"Under $26,700",FALSE,Other,No,
,Female,26,4,2,2,0,Hispanic,Dallas,75007,"Under $26,700",FALSE,Other,No,
,Female,26,4,2,1,1,Hispanic,Denton,75007,"Over $71,200",FALSE,Uninsured,No,
,Female,28,3,2,2,0,Hispanic,Dallas,75007,"Under $26,700",FALSE,Other,No,
,Female,28,2,0,3,0,Hispanic,Denton,75007,"Under $26,700",FALSE,Uninsured,No,
,Female,31,2,0,2,0,Hispanic,Denton,75007,"$26,701 - $44,500",FALSE,Medicaid,Yes,
,Female,32,2,1,1,0,Hispanic,Denton,75007,"Over $71,200",FALSE,CHIP; Uninsured,No,
,Female,33,3,0,1,1,Hispanic,Denton,75007,"Under $26,700",FALSE,Uninsured,No,
,Female,34,2,0,3,0,Hispanic,Denton,75007,"$44,501 - $71,200",FALSE,Uninsured,No,
,Female,34,2,2,3,0,Hispanic,Denton,75007,"$26,701 - $44,500",FALSE,Medicaid,No,
,Male,36,2,1,1,0,Hispanic,Dallas,75007,Does not want to disclose,FALSE,Uninsured,No,
,Female,37,5,0,1,0,Hispanic,Denton,75007,"$26,701 - $44,500",FALSE,Uninsured,No,
,Female,37,2,0,1,0,Hispanic,Dallas,75007,"$26,701 - $44,500",FALSE,Uninsured,No,
,Female,37,1,0,,,Hispanic,Denton,75007,"$44,501 - $71,200",FALSE,Uninsured,No,
,Female,38,2,0,1,0,Hispanic,Denton,75007,"$26,701 - $44,500",FALSE,Medicaid,Yes,
,Female,38,2,0,3,0,Hispanic,Dallas,75007,Unknown,FALSE,Medicaid,No,
,Female,39,1,0,,,Hispanic,Dallas,75007,Does not want to disclose,FALSE,Uninsured,No,
,Male,40,2,1,1,1,Hispanic,Denton,75007,"$26,701 - $44,500",FALSE,Medicaid,No,
,Female,40,1,0,,,Hispanic,Denton,75007,"$26,701 - $44,500",FALSE,Medicaid,No,
,Male,41,1,0,,,Hispanic,Denton,75007,"Under $26,700",FALSE,Medicaid,No,
,Female,44,1,1,0,0,Hispanic,Dallas,75007,"Under $26,700",FALSE,Uninsured,Prefer Not to Answer,
,Female,44,3,0,2,0,Hispanic,Dallas,75007,Does not want to disclose,FALSE,Other,No,
,Female,47,3,1,1,0,Hispanic,Denton,75007,"Over $71,200",FALSE,Medicaid,No,
,Female,49,4,1,0,1,Hispanic,Denton,75007,Does not want to disclose,FALSE,Uninsured,No,
,Female,50,2,0,2,0,Hispanic,Denton,75007,"$26,701 - $44,500",FALSE,Medicaid,No,
,Unknown,Unknown,,,,,,,,,FALSE,,,
,Unknown,Unknown,,,,,,,,,FALSE,,,
,Unknown,Unknown,,,,,,,,,FALSE,,,
,Unknown,Unknown,,,,,,,,,FALSE,,,
,Unknown,Unknown,,,,,,,,,FALSE,,,
,Unknown,Unknown,,,,,,,,,FALSE,,,
,Unknown,Unknown,,,,,,,,,FALSE,,,
,Unknown,Unknown,,,,,,,,,FALSE,,,
,Female,25,3,2,1,1,Hispanic,Dallas,75116,Unknown,FALSE,Medicaid,Yes,
,Female,25,3,1,1,0,Hispanic,Dallas,75116,"Under $26,700",FALSE,Medicaid; Private,No,
,Female,25,4,1,0,0,Hispanic,Dallas,75236,Unknown,FALSE,Uninsured,No,
,Female,28,2,1,2,0,Hispanic,Dallas,75217,"$26,701 - $44,500",FALSE,Medicaid,Yes,
,Female,30,2,2,1,0,Hispanic,Dallas,75137,"Under $26,700",FALSE,Uninsured,No,
,Female,30,2,2,0,0,Hispanic,Dallas,75232,"Over $71,200",FALSE,Other,No,
,Male,30,2,2,0,0,Hispanic,Dallas,75232,"Over $71,200",FALSE,,No,
,Female,32,2,1,1,0,Hispanic,Dallas,75116,Unknown,FALSE,Uninsured,No,
,Female,35,2,1,1,2,Hispanic,Dallas,75223,"$26,701 - $44,500",FALSE,Medicaid,Yes,
,Female,37,2,1,1,0,Hispanic,Dallas,75116,"Under $26,700",FALSE,Medicaid,Yes,
,Female,37,2,1,1,1,Hispanic,Dallas,75236,"$44,501 - $71,200",FALSE,Medicaid; Uninsured,No,
,Male,37,2,2,1,1,Hispanic,Dallas,75116,"$26,701 - $44,500",FALSE,Medicaid,No,
,Female,40,2,2,1,1,Hispanic,Dallas,75116,"$26,701 - $44,500",FALSE,Medicaid,No,
,Male,45,3,2,1,1,Hispanic,Dallas,75236,"$26,701 - $44,500",FALSE,Medicaid,No,
,Female,46,3,2,1,1,Hispanic,Dallas,75236,"$26,701 - $44,500",FALSE,Medicaid,No,
,Female,66,3,2,4,1,Hispanic,Dallas,75236,"$26,701 - $44,500",FALSE,CHIP; Medicaid,Yes,
,Female,27,2,1,2,0,Hispanic,Dallas,75226,"Under $26,700",FALSE,Other,No,
,Male,27,4,1,0,0,Hispanic,Dallas,75226,Unknown,FALSE,Medicaid,No,
,Female,29,2,1,0,0,Hispanic,Dallas,75141,"$44,501 - $71,200",FALSE,CHIP,No,
,Female,30,2,13,6,4,Hispanic,Dallas,75228,"$44,501 - $71,200",FALSE,CHIP,Prefer Not to Answer,
,Female,32,3,0,1,0,Hispanic,Dallas,75204,"Under $26,700",FALSE,Medicaid,Yes,
,Male,33,2,1,,,Hispanic,Dallas,75141,"$44,501 - $71,200",FALSE,CHIP,No,
,Female,34,2,2,1,0,Hispanic,Dallas,75141,"$44,501 - $71,200",FALSE,Medicaid,No,
,Female,34,2,1,1,1,Prefer Not to Answer,Dallas,75204,"$26,701 - $44,500",FALSE,Prefer Not to Answer,Prefer Not to Answer,
,Male,34,2,0,1,0,Hispanic,Dallas,75204,Unknown,FALSE,Prefer Not to Answer,No,
,Female,46,2,0,2,0,Hispanic,Dallas,75204,Unknown,FALSE,Uninsured,No,
,Male,51,1,1,0,0,Hispanic,Dallas,75204,Unknown,FALSE,Medicaid,Prefer Not to Answer,
,Unknown,Unknown,,,,,,,,,FALSE,,,
,Female,Unknown,2,1,1,2,Hispanic,Dallas,75210,"$26,701 - $44,500",FALSE,Medicaid,Yes,
,Unknown,Unknown,,,,,,,,,FALSE,,,
,Female,25,2,0,1,0,Hispanic,Dallas,75226,Unknown,FALSE,Uninsured,Yes,
,Female,26,5,2,0,0,Prefer Not to Answer,Dallas,75210,Unknown,FALSE,Prefer Not to Answer,Prefer Not to Answer,
,Female,27,2,1,1,0,Hispanic,Dallas,75215,Unknown,FALSE,Medicaid,No,
,Female,28,2,0,2,0,Hispanic,Dallas,75215,Unknown,FALSE,Uninsured,No,
,Male,30,2,1,2,0,Hispanic,Dallas,75215,Does not want to disclose,FALSE,Uninsured,No,
,Female,31,1,4,0,0,Hispanic,Dallas,75210,Unknown,FALSE,Other,No,
,Male,31,4,3,0,0,White,Dallas,75215,"$26,701 - $44,500",FALSE,Uninsured,No,
,Female,31,2,1,2,0,Hispanic,Dallas,75215,Does not want to disclose,FALSE,Uninsured,No,
,Female,33,3,0,2,1,Hispanic,Dallas,75215,"$26,701 - $44,500",FALSE,Prefer Not to Answer,No,
,Female,35,2,1,1,1,Hispanic,Dallas,75215,"$26,701 - $44,500",FALSE,Medicaid,Yes,
,Female,36,2,1,1,1,Hispanic,Dallas,75215,Does not want to disclose,FALSE,Medicaid,No,
,Female,37,2,2,0,2,Hispanic,Dallas,75215,"$26,701 - $44,500",FALSE,Medicaid,No,
,Female,37,2,0,2,2,Hispanic,Dallas,75210,"Under $26,700",FALSE,Uninsured,No,
,Female,40,3,0,1,0,Hispanic,Dallas,75215,"Under $26,700",FALSE,Medicaid,No,
,Female,43,2,1,1,1,Hispanic,Dallas,75210,Unknown,FALSE,Medicaid,No,
,Female,44,4,0,1,1,Hispanic,Dallas,75210,"Under $26,700",FALSE,Uninsured,No,
,Male,Unknown,2,1,0,0,Hispanic,Dallas,75228,Does not want to disclose,FALSE,Prefer Not to Answer,No,
,Male,Unknown,2,2,0,0,Hispanic,Dallas,75150,Does not want to disclose,FALSE,Medicaid,No,
,Female,20,2,1,,,Hispanic,Dallas,75228,Does not want to disclose,FALSE,Prefer Not to Answer,Prefer Not to Answer,
,Female,23,4,3,0,0,Hispanic,Dallas,75228,Unknown,FALSE,Prefer Not to Answer,No,
,Female,25,3,2,0,0,Hispanic,Dallas,75228,"$44,501 - $71,200",FALSE,Medicaid,No,
,Female,25,2,1,0,0,Hispanic,Dallas,75228,Does not want to disclose,FALSE,Prefer Not to Answer,No,
,Female,25,6,2,0,0,Hispanic,Dallas,75228,Unknown,FALSE,Other,No,
,Female,26,2,3,0,0,Hispanic,Dallas,75228,"Under $26,700",FALSE,Private,No,
,Female,28,2,2,0,1,Hispanic,Dallas,75228,"Over $71,200",FALSE,Medicaid,No,
,Female,29,4,2,0,0,Hispanic,Dallas,75228,Unknown,FALSE,Medicaid,No,
,Female,29,5,2,0,0,Hispanic,Dallas,75228,"Over $71,200",FALSE,Private,No,
,Female,32,3,3,0,0,Hispanic,Dallas,75228,"$44,501 - $71,200",FALSE,Medicaid,Yes,
,Female,32,2,1,4,0,Hispanic,Dallas,75217,"Over $71,200",FALSE,Uninsured,No,
,Female,33,2,1,0,0,Hispanic,Dallas,75228,"$26,701 - $44,500",FALSE,Medicaid,Yes,
,Male,33,3,2,,,Prefer Not to Answer,Dallas,75228,"Over $71,200",TRUE,Prefer Not to Answer,No,
,Male,33,2,1,1,1,Hispanic,Dallas,75228,Unknown,FALSE,Uninsured,No,
,Female,34,2,2,0,0,Hispanic,Dallas,75150,Does not want to disclose,FALSE,Medicaid,No,
,Female,34,2,0,2,2,Hispanic,Dallas,75238,Does not want to disclose,FALSE,Other,Prefer Not to Answer,
,Female,35,2,3,0,1,Hispanic,Dallas,75228,"$44,501 - $71,200",FALSE,Medicaid,Yes,
,Female,35,2,1,1,0,Hispanic,Dallas,75228,Unknown,FALSE,Medicaid,No,
,Female,35,2,2,0,2,Hispanic,Dallas,75228,Does not want to disclose,FALSE,Medicaid,No,
,Female,36,4,2,0,0,Hispanic,Dallas,75228,"$26,701 - $44,500",FALSE,Medicaid,No,
,Female,36,3,0,2,1,Hispanic,Dallas,75228,Unknown,FALSE,Medicaid,No,
,Female,36,2,1,1,1,Hispanic,Dallas,75228,Unknown,FALSE,Uninsured,No,
,Male,36,2,1,0,0,Hispanic,Dallas,75218,"$26,701 - $44,500",FALSE,Uninsured,No,
,Female,39,5,2,0,0,Hispanic,Dallas,75228,Unknown,FALSE,Uninsured,No,
,Female,40,3,0,0,0,Hispanic,Dallas,75228,Does not want to disclose,TRUE,Prefer Not to Answer,Prefer Not to Answer,
,Female,41,7,0,3,2,Hispanic,Dallas,75228,Unknown,FALSE,Medicaid,Yes,
,Female,41,2,1,,,Hispanic,Dallas,75218,Unknown,FALSE,Uninsured,No,
,Male,43,5,1,2,0,Hispanic,Dallas,75228,Unknown,FALSE,Uninsured,No,
,Female,44,3,2,0,0,Hispanic,Dallas,75228,"Under $26,700",FALSE,Uninsured,No,
,Male,45,2,0,1,1,Hispanic,Dallas,75228,"Under $26,700",FALSE,Uninsured,No,
,Female,45,5,0,1,0,Hispanic,Dallas,75228,"$26,701 - $44,500",FALSE,Uninsured,No,
,Female,47,6,0,1,1,Hispanic,Dallas,75228,"$26,701 - $44,500",FALSE,Uninsured,No,
,Male,49,2,1,0,0,Hispanic,Dallas,75228,Does not want to disclose,FALSE,Private,Prefer Not to Answer,
,Male,49,4,0,1,0,Hispanic,Dallas,75228,Unknown,FALSE,Uninsured,No,
,Female,54,3,0,,,Hispanic,Dallas,75228,"Under $26,700",FALSE,Uninsured,No,
,Female,30,3,3,0,0,Hispanic,Dallas,75211,Does not want to disclose,FALSE,Uninsured,No,
,Female,31,1,1,3,1,Hispanic,Dallas,75211,"Under $26,700",FALSE,Medicaid,No,
,Female,34,2,3,0,0,Hispanic,Dallas,75211,"$26,701 - $44,500",FALSE,Medicaid,No,
,Female,38,2,0,1,1,Hispanic,Dallas,75232,"$26,701 - $44,500",FALSE,CHIP,No,
,Female,41,3,0,2,1,Hispanic,Dallas,75211,Unknown,FALSE,Uninsured,Prefer Not to Answer,
,Female,20,1,1,0,0,Hispanic,Dallas,75211,Does not want to disclose,FALSE,Medicaid,Prefer Not to Answer,
,Male,31,2,0,2,1,Hispanic,Dallas,75211,Unknown,FALSE,Medicaid,No,
,Female,35,4,1,1,0,Hispanic,Dallas,75211,Unknown,FALSE,Other,No,
,Female,39,2,1,1,0,Hispanic,Dallas,75211,"$26,701 - $44,500",FALSE,Medicaid,Yes,
,Female,45,3,1,1,0,Hispanic,Dallas,75211,Unknown,FALSE,Private,No,
,Female,46,5,1,0,0,Hispanic,Dallas,75215,Unknown,FALSE,Medicaid,Yes,
,Female,50,2,1,0,0,Hispanic,Dallas,75211,Does not want to disclose,FALSE,CHIP,No,
,Male,60,3,1,1,0,Hispanic,Dallas,75211,Unknown,FALSE,Private,No,
,Male,Unknown,2,2,,,Hispanic,Dallas,75227,"$44,501 - $71,200",FALSE,CHIP,No,
,Unknown,Unknown,,,,,,,,,FALSE,,,
,Unknown,Unknown,,,,,,Dallas,,,FALSE,,,
,Male,30,2,3,,,Hispanic,Dallas,75227,"Under $26,700",FALSE,Medicaid,No,
,Female,23,3,1,0,0,Hispanic,Dallas,75228,"$26,701 - $44,500",FALSE,Private,No,
,Female,24,2,1,0,0,Hispanic,Dallas,75150,"Under $26,700",FALSE,Medicaid,No,
,Female,24,2,1,1,0,Hispanic,Dallas,75223,"$26,701 - $44,500",FALSE,Uninsured,No,
,Male,26,2,1,,,Hispanic,Dallas,75150,"Under $26,700",FALSE,Medicaid,No,
,Female,27,2,2,1,0,Hispanic,Dallas,75227,"Under $26,700",FALSE,Medicaid,No,
,Female,27,1,2,1,0,Hispanic,Dallas,75253,"Under $26,700",FALSE,Medicaid,Yes,
,Female,28,2,1,0,0,Hispanic,Dallas,75401,"$26,701 - $44,500",FALSE,CHIP,No,
,Female,29,6,2,0,0,Hispanic,Dallas,75180,Does not want to disclose,FALSE,Private,No,
,Female,30,2,2,0,0,Hispanic,Dallas,75216,"$44,501 - $71,200",FALSE,Prefer Not to Answer,No,
,Female,31,2,2,,,Hispanic,Other,75150,"Under $26,700",FALSE,Medicaid,Yes,
,Male,31,2,0,0,1,Hispanic,Dallas,75253,"$26,701 - $44,500",FALSE,Uninsured,No,
,Female,33,2,2,0,0,Hispanic,Dallas,75172,"$26,701 - $44,500",FALSE,Uninsured,No,
,Female,33,3,2,1,0,Hispanic,Dallas,75150,"$44,501 - $71,200",FALSE,Private,No,
,Female,33,2,1,2,0,Hispanic,Dallas,75149,"Under $26,700",FALSE,Prefer Not to Answer,No,
,Female,34,3,0,0,1,Hispanic,Dallas,75228,"Under $26,700",FALSE,Medicaid,No,
,Female,35,2,0,1,1,Hispanic,Dallas,75227,"$44,501 - $71,200",FALSE,CHIP,No,
,Female,36,2,1,1,0,Hispanic,Dallas,75150,"$26,701 - $44,500",FALSE,Medicaid,No,
,Female,36,2,1,0,0,Hispanic,Dallas,75043,Unknown,FALSE,Medicaid,No,
,Female,36,1,2,2,1,Hispanic,Dallas,75150,"Under $26,700",FALSE,Uninsured,No,
,Female,36,7,0,,,Hispanic,Dallas,75228,"$26,701 - $44,500",FALSE,Medicaid,No,
,Female,38,2,0,0,1,Hispanic,Dallas,75253,"$26,701 - $44,500",FALSE,Uninsured,No,
,Female,40,2,1,2,0,Hispanic,Dallas,75150,Unknown,FALSE,Medicaid,No,
,Female,40,4,1,0,0,Hispanic,Dallas,75150,Unknown,FALSE,Prefer Not to Answer,No,
,Female,41,2,0,2,0,Hispanic,Dallas,75150,"$44,501 - $71,200",FALSE,Private,No,
,Male,41,2,0,1,1,Hispanic,Dallas,75150,Does not want to disclose,FALSE,Uninsured,No,
,Female,41,3,1,,,Hispanic,Dallas,75149,"$44,501 - $71,200",FALSE,Uninsured,No,
,Female,43,2,3,0,0,Hispanic,Dallas,75126,Unknown,FALSE,Medicaid,Yes,
,Female,43,1,0,0,1,Hispanic,Dallas,75150,"$26,701 - $44,500",FALSE,Medicaid,No,
,Female,44,5,1,0,2,Hispanic,Dallas,75150,"Under $26,700",FALSE,Uninsured,No,
,Female,44,3,1,0,1,Hispanic,Dallas,75126,Does not want to disclose,FALSE,Uninsured,No,
,Female,45,2,0,1,0,Hispanic,Dallas,75217,"$26,701 - $44,500",FALSE,Uninsured,No,
,Female,49,2,0,1,0,Hispanic,Dallas,75150,"$26,701 - $44,500",FALSE,Uninsured,No,
,Female,50,3,0,1,0,Hispanic,Dallas,75227,Unknown,FALSE,Medicaid,No,
,Female,51,4,0,1,0,Hispanic,Dallas,75227,Does not want to disclose,FALSE,Prefer Not to Answer,No,
,Female,55,3,0,,,Hispanic,Dallas,75216,"$26,701 - $44,500",FALSE,Prefer Not to Answer,No,
,Female,Unknown,1,0,2,0,Hispanic,Dallas,75223,"Under $26,700",FALSE,Medicaid,Yes,
,Female,Unknown,,,,,,Dallas,,,FALSE,,,
,Female,22,4,0,,,Hispanic,Dallas,75223,Does not want to disclose,FALSE,Uninsured,No,
,Female,29,5,1,1,0,Hispanic,Dallas,75246,Unknown,FALSE,Uninsured,No,
,Female,30,2,1,1,1,Hispanic,Dallas,75214,Unknown,FALSE,Medicaid,No,
,Female,32,2,1,1,0,Hispanic,Dallas,75246,"$26,701 - $44,500",FALSE,Other,No,
,Female,32,2,0,1,2,Hispanic,Dallas,75223,"$26,701 - $44,500",FALSE,Uninsured,No,
,Female,33,4,0,2,1,Hispanic,Dallas,75223,Unknown,FALSE,Uninsured,Yes,
,Female,34,2,0,1,1,Hispanic,Dallas,75214,Does not want to disclose,FALSE,Private,No,
,Male,34,3,0,1,0,Hispanic,Dallas,75211,"$44,501 - $71,200",FALSE,Medicaid,No,
,Female,34,2,1,1,1,Hispanic,Dallas,75215,Unknown,FALSE,Prefer Not to Answer,No,
,Female,34,2,0,2,1,Hispanic,Dallas,75226,Does not want to disclose,FALSE,Prefer Not to Answer,No,
,Female,35,2,1,1,2,Hispanic,Dallas,75223,"$26,701 - $44,500",FALSE,Medicaid,Yes,
,Female,35,2,0,2,0,Hispanic,Dallas,75211,"$26,701 - $44,500",FALSE,Medicaid,No,
,Female,35,4,0,2,0,Hispanic,Dallas,75223,"Under $26,700",FALSE,Medicaid,Yes,
,Female,35,2,3,3,0,Hispanic,Dallas,75226,Unknown,FALSE,Medicaid,Yes,
,Female,35,3,0,2,1,Hispanic,Dallas,75206,"$44,501 - $71,200",FALSE,Other,No,
,Female,35,3,0,1,2,Hispanic,Dallas,75215,Does not want to disclose,FALSE,Prefer Not to Answer,No,
,Female,35,2,0,0,2,Hispanic,Dallas,75223,Unknown,FALSE,Uninsured,No,
,Female,36,1,0,1,0,Hispanic,Dallas,75214,"Under $26,700",FALSE,Uninsured,No,
,Female,37,3,1,1,2,Hispanic,Dallas,75223,"$44,501 - $71,200",FALSE,Medicaid,No,
,Female,38,3,0,2,0,Hispanic,Dallas,75227,"Under $26,700",FALSE,Prefer Not to Answer,No,
,Female,38,4,2,0,0,Hispanic,Dallas,75223,Unknown,FALSE,Uninsured,No,
,Male,38,2,0,2,0,Hispanic,Dallas,75215,"Over $71,200",FALSE,Prefer Not to Answer,No,
,Male,38,2,1,1,1,Hispanic,Dallas,75214,Unknown,FALSE,Medicaid,No,
,Female,40,4,0,0,2,Hispanic,Dallas,75214,"$26,701 - $44,500",FALSE,Uninsured,No,
,Female,40,2,1,,,Hispanic,Dallas,75223,Unknown,FALSE,Prefer Not to Answer,No,
,Female,41,4,0,1,0,Hispanic,Dallas,75223,"Under $26,700",FALSE,Prefer Not to Answer,No,
,Female,41,30,0,1,0,Hispanic,Dallas,75206,Unknown,FALSE,Uninsured,No,
,Female,41,2,3,0,1,Hispanic,Dallas,75223,"$26,701 - $44,500",FALSE,Medicaid,No,
,Female,41,2,1,0,0,Hispanic,Dallas,75223,"Over $71,200",FALSE,Medicaid,No,
,Female,41,3,0,,,Hispanic,Dallas,75223,Unknown,FALSE,Medicaid,Yes,
,Female,42,5,20,13,12,Hispanic,Dallas,75115,"Under $26,700",FALSE,Uninsured,No,
,Female,42,4,0,0,0,Hispanic,Dallas,75223,"$44,501 - $71,200",FALSE,Prefer Not to Answer,No,
,Female,42,2,1,0,1,Hispanic,Dallas,75206,"$44,501 - $71,200",FALSE,Private,No,
,Female,43,2,0,1,0,Hispanic,Dallas,75214,Unknown,FALSE,Uninsured,No,
,Female,43,3,7,0,0,Hispanic,Dallas,75217,"$26,701 - $44,500",FALSE,Medicaid,Yes,
,Female,43,2,0,1,0,Hispanic,Dallas,75223,"Under $26,700",FALSE,Other,No,
,Male,44,2,3,1,1,Hispanic,Dallas,75223,"$26,701 - $44,500",FALSE,Medicaid,No,
,Male,44,2,0,0,1,Hispanic,Dallas,75231,Unknown,FALSE,Uninsured,No,
,Female,45,2,0,0,1,Hispanic,Dallas,75231,Unknown,FALSE,Uninsured,No,
,Female,46,2,0,2,0,Hispanic,Dallas,75223,"Under $26,700",FALSE,Uninsured,No,
,Female,46,3,0,0,1,Hispanic,Dallas,75217,"Under $26,700",FALSE,Prefer Not to Answer,No,
,Female,47,2,0,0,1,Hispanic,Dallas,75223,"$26,701 - $44,500",FALSE,Medicaid,No,
,Male,47,2,0,0,0,Hispanic,Dallas,75214,Unknown,FALSE,Uninsured,No,
,Female,47,2,0,0,1,Hispanic,Dallas,75211,Unknown,FALSE,Uninsured,No,
,Female,48,2,0,0,0,Hispanic,Dallas,75223,"Under $26,700",FALSE,Medicaid,Yes,
,Female,48,3,0,0,0,Hispanic,Dallas,75204,"Under $26,700",FALSE,Uninsured,Yes,
,Female,48,3,0,0,0,Hispanic,Dallas,75223,Unknown,FALSE,Prefer Not to Answer,Prefer Not to Answer,
,Female,48,2,0,0,1,Hispanic,Dallas,75104,"Under $26,700",FALSE,Medicaid,No,
,Female,49,4,0,0,1,Hispanic,Dallas,75223,Unknown,FALSE,Other,No,
,Female,50,2,0,2,0,Hispanic,Dallas,75227,Does not want to disclose,FALSE,Private,No,
,Female,50,1,0,1,0,White,Dallas,75223,"Under $26,700",FALSE,Prefer Not to Answer,No,
,Female,53,2,3,0,0,Hispanic,Dallas,75223,"Under $26,700",FALSE,Uninsured,No,
,Female,53,3,2,0,0,Hispanic,Dallas,75227,Unknown,FALSE,Medicaid,Yes,
,Male,54,2,0,0,0,Hispanic,Dallas,75223,"$26,701 - $44,500",FALSE,Other,No,
,Male,57,6,0,0,0,Hispanic,Dallas,75227,"$26,701 - $44,500",FALSE,Uninsured,No,
,Female,65,1,0,1,0,Hispanic,Dallas,75226,"$26,701 - $44,500",FALSE,Prefer Not to Answer,No,
,Female ,33,2,1,0,0,Hispanic,Dallas,75149,Does not want to disclose ,FALSE,Other,No,
,Female ,41,0,0,0,0,Hispanic,Dallas,75041,"less than $25,100",FALSE,Medicaid,No,
,Female ,29,3,1,2,0,Hispanic,Dallas,75227,"$25,101 - $38,600",FALSE,No Insurance,No,
,Female ,37,2,1,0,2,Hispanic,Dallas,75150,Does not want to disclose ,FALSE,No Insurance,No,
,Female ,33,2,3,1,0,Hispanic,Dallas,75180,Unknown,FALSE,No Insurance,Yes,
,Female ,44,4,1,1,0,Hispanic,Dallas,75217,"less than $25,100",FALSE,No Insurance,No,
,Female ,,,,,,Hispanic,,,,,,Prefer Not to Answer,
,Female ,26,2,2,1,0,Hispanic,Dallas,75150,"$38,601 - $61,750",FALSE,No Insurance,Yes,
,Female ,42,3,1,1,0,Hispanic,Tarrant,76149,"less than $25,100",FALSE,No Insurance,No,
,Female ,46,2,0,1,2,Hispanic,Dallas ,75150,Unknown,FALSE,No Insurance,No,
,Female ,28,2,2,0,0,Hispanic,Dallas ,75228,"$25,101 - $38,600",FALSE,No Insurance,No,
,Female ,45,2,0,1,0,Hispanic,Dallas ,75150,"$25,101 - $38,600",FALSE,No Insurance,No,
,Male ,36,2,1,0,2,Hispanic,Dallas ,75159,Does not want to disclose ,FALSE,No Insurance,No,
,Female ,45,2,0,1,0,Hispanic,Dallas ,75150,Unknown,FALSE,Other,No,
,Female ,35,2,1,2,0,Hispanic,Dallas ,75180,Unknown,FALSE,Other,No,
,Female ,35,3,1,1,0,Hispanic,Dallas ,75228,"$25,101 - $38,600",FALSE,No Insurance,No,
,Female ,41,3,0,2,1,Hispanic,Dallas ,75150,Unknown,FALSE,No Insurance,No,
,Female ,,2,1,0,2,Hispanic,Dallas ,75159,Does not want to disclose ,FALSE,No Insurance,No,
,Female ,31,1,1,1,0,Hispanic,Dallas ,75217,"$38,601 - $61,750",FALSE,Private Insurance,No,
,Female ,36,2,0,1,0,Hispanic,Dallas ,75150,"less than $25,100",FALSE,No Insurance,No,
,Female ,32,1,1,2,0,Hispanic,Dallas ,75253,"less than $25,100",FALSE,No Insurance,No,
,Female ,24,2,2,0,0,Hispanic,Dallas ,75217,Unknown,FALSE,No Insurance,Yes,
,Female ,33,2,1,0,0,Hispanic,Dallas ,75150,Unknown,FALSE,Private Insurance,No,
,Female ,25,3,2,0,0,Hispanic,Dallas ,75227,Does not want to disclose ,FALSE,No Insurance,No,
,Male ,36,2,3,0,0,Hispanic,Dallas ,75159,"$38,601 - $61,750",FALSE,No Insurance,No,
,Female ,37,3,2,0,0,Hispanic,Dallas ,75150,"$25,101 - $38,600",FALSE,No Insurance,No,
,Female ,49,2,0,1,0,Hispanic,Dallas ,75228,"$38,601 - $61,750",FALSE,Private Insurance,No,
,Female ,,,,,,Hispanic,Dallas ,,,,,Prefer Not to Answer,
,Female ,31,3,2,1,0,Hispanic,Dallas ,75150,"$25,101 - $38,600",FALSE,Private Insurance,No,
,Female ,35,2,2,0,0,Hispanic,Dallas ,75228,"$25,101 - $38,600",FALSE,No Insurance,No,
,Female ,33,2,1,1,0,Hispanic,Dallas ,75150,Does not want to disclose ,FALSE,Private Insurance,No,
,Female ,29,2,1,1,0,Hispanic,Dallas ,76228,"$25,101 - $38,600",FALSE,No Insurance,No,
,Female ,31,3,1,1,1,Hispanic,Dallas ,75149,"$25,101 - $38,600",FALSE,No Insurance,Yes,
,Female ,39,2,1,0,0,Hispanic,Dallas ,75231,Does not want to disclose ,FALSE,No Insurance,No,
,Female ,45,1,0,2,0,Hispanic,Dallas ,75150,Does not want to disclose ,FALSE,No Insurance,No,
,Female ,41,2,1,2,0,Hispanic,Dallas ,75217,"More than $61,750",FALSE,No Insurance,No,
,Female ,40,2,0,1,1,Hispanic,Dallas ,75150,"less than $25,100",FALSE,No Insurance,No,
,Female,31,1,1,3,0,Hispanic,Dallas ,75154,Does not want to disclose,FALSE,Medicaid,Yes,
,Female,,2,0,2,0,African American,Dallas ,75224,Does not want to disclose,FALSE,Medicaid,No,
,Female,32,2,2,1,4,White,Ellis,75167,Does not want to disclose,FALSE,CHIP,Yes,
,Female,,1,0,0,0,,,,Does not want to disclose,,,Prefer Not to Answer,
,Female,25,2,0,2,1,Hispanic,Dallas,75154,"$38,601-$61,750",FALSE,Private,No,
,Female,59,1,0,0,1,African American,Dallas,75146,Does not want to disclose,FALSE,Private,No,
,Female,37,2,1,3,0,Hispanic,Ellis,75119,Does not want to disclose,FALSE,Medicaid,No,
,Female,,1,0,0,0,Hispanic,Ellis,,Does not want to disclose,,,Prefer Not to Answer,
,Female,,1,0,0,0,,,,Does not want to disclose,,,Prefer Not to Answer,
,Female,,1,0,0,0,,,,Does not want to disclose,,,Prefer Not to Answer,
,Female,,1,0,0,0,,,,Does not want to disclose,,,Prefer Not to Answer,
,Female,,2,0,3,1,African American,Dallas,75224,Does not want to disclose,FALSE,Other,No,
,Female,,1,0,0,0,African American,Dallas,,Does not want to disclose,,,Prefer Not to Answer,
,Female,,1,0,0,0,,,,Does not want to disclose,,,Prefer Not to Answer,
,Female,,1,0,0,0,African American,Dallas,,Does not want to disclose,,,Prefer Not to Answer,
,Female,,1,0,0,0,,,,,,,,
,Female,47,3,0,0,1,Hispanic,Dallas,75217,"Less than $25,100",FALSE,CHIP,No,
,Female,40,3,0,2,1,Hispanic,Dallas,75227,"$25,101 - $38,600",FALSE,Medicaid,No,
,Female,40,3,1,0,1,Hispanic,Dallas,75180,"$38,601 - $61,750",FALSE,Uninsured,No,
,Female,47,2,0,1,0,Hispanic,Dallas,75217,"Less than $25,100",FALSE,Medicaid,Yes,
,Female,34,2,2,1,1,Hispanic,Dallas,75217,"$38,601 - $61,750",FALSE,Uninsured,No,
,Female,60,2,0,1,1,Hispanic,Dallas,75227,"Less than $25,100",FALSE,Medicaid,Yes,
,Female,27,2,1,1,0,Hispanic,Dallas,75227,Unknown,FALSE,Other,No,
,Female,46,2,0,2,0,Hispanic,Dallas,75217,"$25,101 - $38,600",FALSE,Private,No,
,Female,32,2,2,1,0,Hispanic,Dallas,75217,"Less than $25,100",FALSE,Uninsured,No,
,male,46,3,0,0,2,Hispanic,Dallas,75217,"$25,101 - $38,600",FALSE,Uninsured,No,
,Female,45,2,0,1,2,Hispanic,Dallas,75227,"$25,101 - $38,600",FALSE,Medicaid,Yes,
,Female,45,3,0,0,1,Hispanic,Dallas,75217,"Less than $25,100",FALSE,Medicaid,No,
,Female,41,2,1,3,0,Hispanic,Dallas,75217,"Less than $25,100",FALSE,Medicaid,Yes,
,Female,44,2,0,1,1,Hispanic,Dallas,75219,"$25,101 - $38,600",FALSE,Medicaid,Yes,
,Female,36,2,1,1,0,Hispanic,Dallas,75227,"$25,101 - $38,600",FALSE,Medicaid,Yes,
,Female,53,2,0,0,1,Hispanic,Dallas,75217,Unknown,FALSE,Private,No,
,Female,27,2,1,1,0,Hispanic,Dallas,75217,Unknown,FALSE,CHIP,No,
,Female,48,4,0,1,1,Hispanic,Dallas,75217,"$38,601 - $61,750",FALSE,Uninsured,No,
,Female,45,3,1,0,1,Hispanic,Dallas,75217,"$25,101 - $38,600",FALSE,Medicaid,No,
,Female,31,3,2,2,0,Hispanic,Dallas,75217,"$25,101 - $38,600",FALSE,Medicaid,No,
,Female,46,5,0,0,0,Hispanic,Dallas,75229,"Less than $25,100",FALSE,Uninsured,No,
,Female,33,3,2,1,1,Hispanic,Dallas,75229,"Less than $25,100",FALSE,Medicaid,No,
,Female,44,4,1,0,1,Hispanic,Dallas,75244,"Less than $25,100",FALSE,CHIP,Yes,
,Female,44,2,1,0,0,Hispanic,Dallas,75234,"Less than $25,100",FALSE,Medicaid,No,
,Female,38,2,0,1,2,Hispanic,Dallas,75244,"Less than $25,100",FALSE,Medicaid,Yes,
,Male,50,5,0,0,0,Hispanic,Dallas,75229,"Less than $25,100",FALSE,Uninsured,No,
,Male,58,4,1,0,1,Hispanic,Dallas,75244,"Less than $25,100",FALSE,Medicaid,Yes,
,Male,40,2,0,1,2,Hispanic,Dallas,75244,"Less than $25,100",FALSE,Medicaid,Yes,
,Female,44,3,1,1,1,Hispanic,Dallas,75229,"$38,601 - $61,750",FALSE,Medicaid,No,
,Male,35,3,2,1,1,Hispanic,Dallas,75229,"Less than $25,100",FALSE,Medicaid,No,
,Male,35,3,1,2,0,Hispanic,Dallas,75229,Unknown,FALSE,Medicaid,No,
,Female,32,2,1,2,0,Hispanic,Dallas,75229,Unknown,FALSE,Medicaid,No,
,Female,29,2,2,0,0,Hispanic,Dallas,75006,Does not want to disclose,FALSE,Other,No,
,Female,39,2,1,2,1,Hispanic,Dallas,75006,Does not want to disclose,FALSE,Other,No,
,Female,46,3,0,1,1,Hispanic,Denton,75007,Unknown,FALSE,CHIP,No,
,Female,35,3,1,3,1,Hispanic,Denton,75007,"$25,101 - $38,600",FALSE,Medicaid,No,
,Female,36,3,0,2,1,Hispanic,Dallas,75229,"$25,101 - $38,600",FALSE,Medicaid,No,
,Female,49,3,0,1,1,Hispanic,Dallas,75234,"$25,101 - $38,600",FALSE,Medicaid,No,
,Male,42,2,1,1,0,Hispanic,Dallas,75234,Does not want to disclose,FALSE,Medicaid,No,
,Female,42,3,0,0,2,Hispanic,Dallas,75234,Unknown,FALSE,Medicaid,No,
,Female,28,2,0,2,0,Hispanic,Dallas,75234,"$38,601 - $61,750",FALSE,Medicaid,No,
,Female,34,3,0,2,0,Hispanic,Denton,75287,Does not want to disclose,FALSE,Medicaid,No,
,Female,,,,,,Hispanic,,,,FALSE,,No,
,Female,29,2,1,0,0,Hispanic,Dallas,75006,"Less than $25,100",FALSE,Medicaid,No,
,Female,38,2,1,3,2,Hispanic,Dallas,75006,"$25,101 - $38,600",FALSE,Uninsured,No,
,Female,27,3,0,0,0,Hispanic,Dallas,75006,"$25,101 - $38,600",FALSE,Other,No,
,Female,35,2,5,2,3,Hispanic,Dallas,75216,"Less Than $25,100",FALSE,Medicaid,No,
,Female,43,4,0,1,2,Hispanic,Dallas,75216,"$38,601-$61,750",FALSE,Uninsured,No,
,Female,38,2,0,1,2,Hispanic,Dallas,75224,Unknown,FALSE,CHIP,No,
,Female,26,1,2,1,0,Hispanic,Dallas,75216,"Less Than $25,100",FALSE,Uninsured,Yes,
,Female,46,3,0,2,0,Hispanic,Dallas,75224,"$38,601-$61,750",FALSE,Uninsured,No,
,Female,39,2,0,1,2,Hispanic,Dallas,75154,"$25,101-$38,600",FALSE,Medicaid,No,
,Female,31,2,0,3,0,Hispanic,Dallas,75216,"$25,101-$38,600",FALSE,Private,No,
,Female,29,2,1,2,0,Hispanic,Dallas,75224,Unknown,FALSE,Other,No,
,Female,33,2,0,2,1,Hispanic,Dallas,75232,"$25,101-$38,600",FALSE,Medicaid,No,
,Female,33,2,0,2,1,Hispanic,Dallas,75232,"$25,101-$38,600",FALSE,Uninsured,No,
,Female,43,4,0,1,2,Hispanic,Dallas,75216,"$25,101-$38,600",FALSE,Uninsured,No,
,Female,33,1,0,1,1,Hispanic,Dallas,75216,Do not want to disclose,FALSE,CHIP,No,
,Female,53,1,0,1,2,Hispanic,Dallas,75224,"Less Than $25,100",FALSE,Medicaid,No,
,Female,35,2,1,1,2,Hispanic,Dallas,75216,"$25,101-$38,600",FALSE,Medicaid,No,
,Female,38,2,2,1,0,Hispanic,Dallas,75154,"$25,101-$38,600",FALSE,Medicaid,No,
,Female,30,2,0,1,0,Hispanic,Dallas,75241,Do not want to disclose,FALSE,Private,No,
,Female,37,2,2,1,0,Hispanic,Dallas,75154,"$25,101-$38,600",FALSE,Medicaid,No,
,Female,31,3,4,3,0,Hispanic,Dallas,75232,"Less Than $25,100",FALSE,Uninsured,Yes,
,Female,36,2,1,1,1,Hispanic,Dallas,79316,Unknown,FALSE,Uninsured,No,
,Male,31,2,0,1,0,Hispanic,Dallas,75241,"$25,101-$38,600",TRUE,Private,No,
,Female,30,2,1,2,0,Hispanic,Dallas,75115,"$38,601-$61,750",FALSE,CHIP,No,
,Female,42,4,0,1,0,Hispanic,Dallas,75215,"$25,101-$38,600",FALSE,Uninsured,No,
,Female,31,2,1,1,1,Hispanic,Dallas,75216,Do not want to disclose,FALSE,CHIP;,No,
,Female,38,2,0,2,1,Hispanic,Dallas,75216,Unknown,FALSE,CHIP,No,
,Female,25,2,2,1,0,Hispanic,Dallas,75115,"less than $25,100",FALSE,Uninsured,No,
,Female,25,2,3,1,0,Hispanic,Dallas,75115,"$25,101-$38,600",FALSE,Medicaid;,No,
,Female,53,3,0,1,0,Hispanic,Dallas,75233,"less than $25,100",FALSE,Other,Yes,
,Female,27,2,1,1,0,Hispanic,Dallas,75216,"less than $25,100",FALSE,Uninsured,Yes,
,Female,31,3,0,1,0,Hispanic,Dallas,75236,"less than $25,100",FALSE,Uninsured,No,
,Female,32,2,1,4,1,Hispanic,Dallas,75216,"less than $25,100",FALSE,Other,Yes,
,Female,29,1,0,2,0,Hispanic,Dallas,75150,"less than $25,100",FALSE,CHIP;,Yes,
,Female,35,2,1,3,0,Hispanic,Dallas,75217,"$38,601-$61,750",FALSE,Private,No,
,Female,Unknown,5,0,1,1,Hispanic,Dallas,75236,Do not want to disclose,FALSE,Private,No,
,Female,50,2,0,1,0,Hispanic,Dallas,75104,"$38,601-$61,750",FALSE,Uninsured,No,
,Female,29,2,1,2,0,Hispanic,Dallas,75216,"$25,101-$38,600",FALSE,CHIP;,No,
,Female,38,2,1,1,0,Hispanic,Dallas,75216,"less than $25,100",FALSE,Uninsured,No,
,Female,41,2,0,2,0,Hispanic,Dallas,75208,Unknown,FALSE,Private,No,
,Female,36,2,0,1,1,Hispanic,Dallas,75211,"less than $25,100",FALSE,Uninsured,No,
,Female,41,1,0,2,0,Hispanic,Dallas,75224,"less than $25,100",FALSE,Uninsured,No,
,,,,,,,,,,,,,,
,,,,,,,,,,,,,,