GEO_ID,NAME,S1501_C01_001E,S1501_C01_001M,S1501_C01_002E,S1501_C01_002M,S1501_C01_003E,S1501_C01_003M,S1501_C01_004E,S1501_C01_004M,S1501_C01_005E,S1501_C01_005M,S1501_C01_006E,S1501_C01_006M,S1501_C01_007E,S1501_C01_007M,S1501_C01_008E,S1501_C01_008M,S1501_C01_009E,S1501_C01_009M,S1501_C01_010E,S1501_C01_010M,S1501_C01_011E,S1501_C01_011M,S1501_C01_012E,S1501_C01_012M,S1501_C01_013E,S1501_C01_013M,S1501_C01_014E,S1501_C01_014M,S1501_C01_015E,S1501_C01_015M,S1501_C01_016E,S1501_C01_016M,S1501_C01_017E,S1501_C01_017M,S1501_C01_018E,S1501_C01_018M,S1501_C01_019E,S1501_C01_019M,S1501_C01_020E,S1501_C01_020M,S1501_C01_021E,S1501_C01_021M,S1501_C01_022E,S1501_C01_022M,S1501_C01_023E,S1501_C01_023M,S1501_C01_024E,S1501_C01_024M,S1501_C01_025E,S1501_C01_025M,S1501_C01_026E,S1501_C01_026M,S1501_C01_027E,S1501_C01_027M,S1501_C01_028E,S1501_C01_028M,S1501_C01_029E,S1501_C01_029M,S1501_C01_030E,S1501_C01_030M,S1501_C01_031E,S1501_C01_031M,S1501_C01_032E,S1501_C01_032M,S1501_C01_033E,S1501_C01_033M,S1501_C01_034E,S1501_C01_034M,S1501_C01_035E,S1501_C01_035M,S1501_C01_036E,S1501_C01_036M,S1501_C01_037E,S1501_C01_037M,S1501_C01_038E,S1501_C01_038M,S1501_C01_039E,S1501_C01_039M,S1501_C01_040E,S1501_C01_040M,S1501_C01_041E,S1501_C01_041M,S1501_C01_042E,S1501_C01_042M,S1501_C01_043E,S1501_C01_043M,S1501_C01_044E,S1501_C01_044M,S1501_C01_045E,S1501_C01_045M,S1501_C01_046E,S1501_C01_046M,S1501_C01_047E,S1501_C01_047M,S1501_C01_048E,S1501_C01_048M,S1501_C01_049E,S1501_C01_049M,S1501_C01_050E,S1501_C01_050M,S1501_C01_051E,S1501_C01_051M,S1501_C01_052E,S1501_C01_052M,S1501_C01_053E,S1501_C01_053M,S1501_C01_054E,S1501_C01_054M,S1501_C01_059E,S1501_C01_059M,S1501_C01_061E,S1501_C01_061M,S1501_C01_062E,S1501_C01_062M,S1501_C01_063E,S1501_C01_063M,S1501_C01_064E,S1501_C01_064M,S1501_C02_002E,S1501_C02_002M,S1501_C02_003E,S1501_C02_003M,S1501_C02_004E,S1501_C02_004M,S1501_C02_005E,S1501_C02_005M,S1501_C02_007E,S1501_C02_007M,S1501_C02_008E,S1501_C02_008M,S1501_C02_009E,S1501_C02_009M,S1501_C02_010E,S1501_C02_010M,S1501_C02_011E,S1501_C02_011M,S1501_C02_012E,S1501_C02_012M,S1501_C02_013E,S1501_C02_013M,S1501_C02_014E,S1501_C02_014M,S1501_C02_015E,S1501_C02_015M,S1501_C02_017E,S1501_C02_017M,S1501_C02_018E,S1501_C02_018M,S1501_C02_020E,S1501_C02_020M,S1501_C02_021E,S1501_C02_021M,S1501_C02_023E,S1501_C02_023M,S1501_C02_024E,S1501_C02_024M,S1501_C02_026E,S1501_C02_026M,S1501_C02_027E,S1501_C02_027M,S1501_C02_029E,S1501_C02_029M,S1501_C02_030E,S1501_C02_030M,S1501_C02_032E,S1501_C02_032M,S1501_C02_033E,S1501_C02_033M,S1501_C02_035E,S1501_C02_035M,S1501_C02_036E,S1501_C02_036M,S1501_C02_050E,S1501_C02_050M,S1501_C02_051E,S1501_C02_051M,S1501_C02_053E,S1501_C02_053M,S1501_C02_054E,S1501_C02_054M,S1501_C02_055E,S1501_C02_055M,S1501_C02_056E,S1501_C02_056M,S1501_C02_057E,S1501_C02_057M,S1501_C02_058E,S1501_C02_058M,S1501_C03_001E,S1501_C03_001M,S1501_C03_002E,S1501_C03_002M,S1501_C03_003E,S1501_C03_003M,S1501_C03_004E,S1501_C03_004M,S1501_C03_005E,S1501_C03_005M,S1501_C03_006E,S1501_C03_006M,S1501_C03_007E,S1501_C03_007M,S1501_C03_008E,S1501_C03_008M,S1501_C03_009E,S1501_C03_009M,S1501_C03_010E,S1501_C03_010M,S1501_C03_011E,S1501_C03_011M,S1501_C03_012E,S1501_C03_012M,S1501_C03_013E,S1501_C03_013M,S1501_C03_014E,S1501_C03_014M,S1501_C03_015E,S1501_C03_015M,S1501_C03_016E,S1501_C03_016M,S1501_C03_017E,S1501_C03_017M,S1501_C03_018E,S1501_C03_018M,S1501_C03_019E,S1501_C03_019M,S1501_C03_020E,S1501_C03_020M,S1501_C03_021E,S1501_C03_021M,S1501_C03_022E,S1501_C03_022M,S1501_C03_023E,S1501_C03_023M,S1501_C03_024E,S1501_C03_024M,S1501_C03_025E,S1501_C03_025M,S1501_C03_026E,S1501_C03_026M,S1501_C03_027E,S1501_C03_027M,S1501_C03_028E,S1501_C03_028M,S1501_C03_029E,S1501_C03_029M,S1501_C03_030E,S1501_C03_030M,S1501_C03_031E,S1501_C03_031M,S1501_C03_032E,S1501_C03_032M,S1501_C03_033E,S1501_C03_033M,S1501_C03_034E,S1501_C03_034M,S1501_C03_035E,S1501_C03_035M,S1501_C03_036E,S1501_C03_036M,S1501_C03_037E,S1501_C03_037M,S1501_C03_038E,S1501_C03_038M,S1501_C03_039E,S1501_C03_039M,S1501_C03_040E,S1501_C03_040M,S1501_C03_041E,S1501_C03_041M,S1501_C03_042E,S1501_C03_042M,S1501_C03_043E,S1501_C03_043M,S1501_C03_044E,S1501_C03_044M,S1501_C03_045E,S1501_C03_045M,S1501_C03_046E,S1501_C03_046M,S1501_C03_047E,S1501_C03_047M,S1501_C03_048E,S1501_C03_048M,S1501_C03_049E,S1501_C03_049M,S1501_C03_050E,S1501_C03_050M,S1501_C03_051E,S1501_C03_051M,S1501_C03_052E,S1501_C03_052M,S1501_C03_053E,S1501_C03_053M,S1501_C03_054E,S1501_C03_054M,S1501_C03_059E,S1501_C03_059M,S1501_C03_060E,S1501_C03_060M,S1501_C03_061E,S1501_C03_061M,S1501_C03_062E,S1501_C03_062M,S1501_C03_063E,S1501_C03_063M,S1501_C03_064E,S1501_C03_064M,S1501_C04_002E,S1501_C04_002M,S1501_C04_003E,S1501_C04_003M,S1501_C04_004E,S1501_C04_004M,S1501_C04_005E,S1501_C04_005M,S1501_C04_007E,S1501_C04_007M,S1501_C04_008E,S1501_C04_008M,S1501_C04_009E,S1501_C04_009M,S1501_C04_010E,S1501_C04_010M,S1501_C04_011E,S1501_C04_011M,S1501_C04_012E,S1501_C04_012M,S1501_C04_013E,S1501_C04_013M,S1501_C04_014E,S1501_C04_014M,S1501_C04_015E,S1501_C04_015M,S1501_C04_017E,S1501_C04_017M,S1501_C04_018E,S1501_C04_018M,S1501_C04_020E,S1501_C04_020M,S1501_C04_021E,S1501_C04_021M,S1501_C04_023E,S1501_C04_023M,S1501_C04_024E,S1501_C04_024M,S1501_C04_026E,S1501_C04_026M,S1501_C04_027E,S1501_C04_027M,S1501_C04_029E,S1501_C04_029M,S1501_C04_030E,S1501_C04_030M,S1501_C04_032E,S1501_C04_032M,S1501_C04_033E,S1501_C04_033M,S1501_C04_035E,S1501_C04_035M,S1501_C04_036E,S1501_C04_036M,S1501_C04_050E,S1501_C04_050M,S1501_C04_051E,S1501_C04_051M,S1501_C04_053E,S1501_C04_053M,S1501_C04_054E,S1501_C04_054M,S1501_C04_055E,S1501_C04_055M,S1501_C04_056E,S1501_C04_056M,S1501_C04_057E,S1501_C04_057M,S1501_C04_058E,S1501_C04_058M,S1501_C05_001E,S1501_C05_001M,S1501_C05_002E,S1501_C05_002M,S1501_C05_003E,S1501_C05_003M,S1501_C05_004E,S1501_C05_004M,S1501_C05_005E,S1501_C05_005M,S1501_C05_006E,S1501_C05_006M,S1501_C05_007E,S1501_C05_007M,S1501_C05_008E,S1501_C05_008M,S1501_C05_009E,S1501_C05_009M,S1501_C05_010E,S1501_C05_010M,S1501_C05_011E,S1501_C05_011M,S1501_C05_012E,S1501_C05_012M,S1501_C05_013E,S1501_C05_013M,S1501_C05_014E,S1501_C05_014M,S1501_C05_015E,S1501_C05_015M,S1501_C05_016E,S1501_C05_016M,S1501_C05_017E,S1501_C05_017M,S1501_C05_018E,S1501_C05_018M,S1501_C05_019E,S1501_C05_019M,S1501_C05_020E,S1501_C05_020M,S1501_C05_021E,S1501_C05_021M,S1501_C05_022E,S1501_C05_022M,S1501_C05_023E,S1501_C05_023M,S1501_C05_024E,S1501_C05_024M,S1501_C05_025E,S1501_C05_025M,S1501_C05_026E,S1501_C05_026M,S1501_C05_027E,S1501_C05_027M,S1501_C05_028E,S1501_C05_028M,S1501_C05_029E,S1501_C05_029M,S1501_C05_030E,S1501_C05_030M,S1501_C05_031E,S1501_C05_031M,S1501_C05_032E,S1501_C05_032M,S1501_C05_033E,S1501_C05_033M,S1501_C05_034E,S1501_C05_034M,S1501_C05_035E,S1501_C05_035M,S1501_C05_036E,S1501_C05_036M,S1501_C05_037E,S1501_C05_037M,S1501_C05_038E,S1501_C05_038M,S1501_C05_039E,S1501_C05_039M,S1501_C05_040E,S1501_C05_040M,S1501_C05_041E,S1501_C05_041M,S1501_C05_042E,S1501_C05_042M,S1501_C05_043E,S1501_C05_043M,S1501_C05_044E,S1501_C05_044M,S1501_C05_045E,S1501_C05_045M,S1501_C05_046E,S1501_C05_046M,S1501_C05_047E,S1501_C05_047M,S1501_C05_048E,S1501_C05_048M,S1501_C05_049E,S1501_C05_049M,S1501_C05_050E,S1501_C05_050M,S1501_C05_051E,S1501_C05_051M,S1501_C05_052E,S1501_C05_052M,S1501_C05_053E,S1501_C05_053M,S1501_C05_054E,S1501_C05_054M,S1501_C05_059E,S1501_C05_059M,S1501_C05_061E,S1501_C05_061M,S1501_C05_062E,S1501_C05_062M,S1501_C05_063E,S1501_C05_063M,S1501_C05_064E,S1501_C05_064M,S1501_C06_002E,S1501_C06_002M,S1501_C06_003E,S1501_C06_003M,S1501_C06_004E,S1501_C06_004M,S1501_C06_005E,S1501_C06_005M,S1501_C06_007E,S1501_C06_007M,S1501_C06_008E,S1501_C06_008M,S1501_C06_009E,S1501_C06_009M,S1501_C06_010E,S1501_C06_010M,S1501_C06_011E,S1501_C06_011M,S1501_C06_012E,S1501_C06_012M,S1501_C06_013E,S1501_C06_013M,S1501_C06_014E,S1501_C06_014M,S1501_C06_015E,S1501_C06_015M,S1501_C06_017E,S1501_C06_017M,S1501_C06_018E,S1501_C06_018M,S1501_C06_020E,S1501_C06_020M,S1501_C06_021E,S1501_C06_021M,S1501_C06_023E,S1501_C06_023M,S1501_C06_024E,S1501_C06_024M,S1501_C06_026E,S1501_C06_026M,S1501_C06_027E,S1501_C06_027M,S1501_C06_029E,S1501_C06_029M,S1501_C06_030E,S1501_C06_030M,S1501_C06_032E,S1501_C06_032M,S1501_C06_033E,S1501_C06_033M,S1501_C06_035E,S1501_C06_035M,S1501_C06_036E,S1501_C06_036M,S1501_C06_050E,S1501_C06_050M,S1501_C06_051E,S1501_C06_051M,S1501_C06_053E,S1501_C06_053M,S1501_C06_054E,S1501_C06_054M,S1501_C06_055E,S1501_C06_055M,S1501_C06_056E,S1501_C06_056M,S1501_C06_057E,S1501_C06_057M,S1501_C06_058E,S1501_C06_058M
1400000US48085030303,Census Tract 303.03; Collin County; Texas,616,213,174,114,119,78,295,142,28,36,6577,595,56,53,137,104,765,199,734,165,444,200,2971,561,1470,285,6384,581,4441,514,1013,546,1013,546,820,532,1333,230,1267,221,838,198,3077,368,3033,371,2257,303,1154,384,1071,375,526,218,4648,510,4559,510,3192,511,4423,543,4356,543,3109,525,571,187,571,187,456,159,0,23,0,23,0,23,838,438,805,436,600,309,0,23,0,23,0,23,84,74,67,58,26,43,436,156,382,153,167,97,505,192,418,165,147,91,97426,15682,40292,20938,69707,40672,113202,22626,107632,47091,28.2,14.3,19.3,11.8,47.9,17,4.5,6,0.9,0.8,2.1,1.6,11.6,2.8,11.2,2.6,6.8,2.9,45.2,6.7,22.4,4.4,97.1,1.7,67.5,4.5,100,4.8,80.9,15.4,95,4.3,62.9,12.1,98.6,1.5,73.4,5,92.8,6.3,45.6,9.7,98.1,1.4,68.7,5.8,98.5,1.2,70.3,5.6,100,8.4,79.9,12.6,87.6,13.1,38.3,18,82.8,16.1,29.1,17.3,0,22.6,6.1,7,4.8,4.1,2,1.4,316,169,86,84,39,43,179,120,12,21,3236,356,26,30,75,76,298,118,359,126,75,64,1651,377,752,195,3135,349,2403,371,549,354,549,354,468,358,511,141,462,123,325,103,1560,181,1533,183,1143,159,616,215,591,211,467,208,2369,313,2325,313,1778,348,2259,333,2224,333,1734,354,299,117,299,117,247,121,0,23,0,23,0,23,331,184,314,181,298,178,0,23,0,23,0,23,20,31,20,31,0,23,217,105,177,92,80,63,219,115,170,92,44,41,124694,18573,69250,36510,56389,37167,112174,36183,126451,13416,118438,77356,27.2,21.3,12.3,13.8,56.6,23.2,3.8,6.9,0.8,0.9,2.3,2.3,9.2,3.7,11.1,3.9,2.3,2.1,51,8.4,23.2,6.1,96.9,2.5,74.3,6.3,100,8.7,85.2,17.6,90.4,9.8,63.6,14.7,98.3,2.1,73.3,6.8,95.9,4.6,75.8,14.6,98.1,1.7,75.1,7.4,98.5,1.7,76.8,6.8,100,15.4,82.6,16.9,81.6,21.5,36.9,23.4,77.6,25,20.1,18.5,0,36.5,10.1,14.1,0,10.9,0.7,1.1,300,143,88,76,80,67,116,113,16,29,3341,314,30,32,62,58,467,149,375,107,369,177,1320,263,718,191,3249,311,2038,230,464,216,464,216,352,194,822,170,805,171,513,112,1517,234,1500,235,1114,207,538,202,480,193,59,46,2279,238,2234,233,1414,218,2164,249,2132,245,1375,224,272,91,272,91,209,77,0,23,0,23,0,23,507,275,491,278,302,157,0,23,0,23,0,23,64,56,47,52,26,43,219,111,205,113,87,69,286,128,248,131,103,67,66226,11012,35568,14000,47005,25133,61313,19445,102833,36370,29.3,21.7,26.7,20.6,38.7,30.1,5.3,10.3,0.9,0.9,1.9,1.7,14,4.1,11.2,3.2,11,4.9,39.5,7,21.5,5.8,97.2,1.9,61,5.5,100,10.2,75.9,17,97.9,3.2,62.4,15.2,98.9,1.3,73.4,6.8,89.2,10.1,11,8.9,98,2.1,62,6.9,98.5,1.9,63.5,7.4,100,16.7,76.8,16.9,93.6,8.9,39.7,26.7,86.7,14.2,36,21.8,0,38.3,3.6,6.3,7.5,6.7,3.7,2.5
1400000US48085030702,Census Tract 307.02; Collin County; Texas,785,533,528,503,148,74,62,62,47,62,3281,366,233,134,129,92,866,236,720,157,133,64,695,189,505,207,2919,383,1200,286,591,233,474,217,155,91,678,164,547,179,232,122,1444,266,1338,243,518,181,568,130,560,131,295,113,2662,439,2373,436,1086,263,2114,393,2106,392,1060,252,259,181,246,182,0,21,14,28,14,28,0,21,53,63,53,63,53,63,0,21,0,21,0,21,132,84,117,70,61,63,161,120,116,96,0,21,811,157,470,156,87,73,46660,9109,42298,7311,40570,5304,69656,56895,69297,67303,67.3,23.6,18.9,14.5,7.9,9.9,6,8.9,7.1,4.1,3.9,2.8,26.4,6.4,21.9,4.1,4.1,1.9,21.2,5.4,15.4,5.9,89,5,36.6,7.5,80.2,13.4,26.2,17.2,80.7,13.6,34.2,18.2,92.7,5.9,35.9,9.5,98.6,2.2,51.9,13.3,89.1,5.8,40.8,8.1,99.6,0.6,50.1,8.9,95,8.5,0,17.5,72,36.2,0,26.2,58,17.6,10.7,9,42.8,23.3,17.9,11.4,6.2,4.5,4.1,4.3,537,497,410,478,94,58,21,31,12,21,1468,217,79,73,40,51,415,174,270,89,79,51,304,114,281,139,1349,215,585,167,258,120,235,115,92,56,370,98,314,99,150,75,625,139,593,124,228,114,215,69,207,69,115,54,1170,239,1066,238,519,159,935,212,927,211,519,159,101,66,101,66,0,21,14,28,14,28,0,21,53,63,53,63,53,63,0,21,0,21,0,21,55,54,40,37,13,20,75,61,75,61,0,21,338,104,227,94,13,20,58955,10221,26641,14234,41691,13160,49511,12996,94141,70368,155040,72794,76.4,26.2,17.5,19.6,3.9,8.2,2.2,4.5,5.4,4.9,2.7,3.5,28.3,10.1,18.4,6.7,5.4,3.4,20.7,7.1,19.1,8.8,91.9,5.5,39.9,9.4,91.1,11.3,35.7,23.9,84.9,16.8,40.5,20,94.9,7.8,36.5,15.3,96.3,5.7,53.5,21.1,91.1,6.3,44.4,10.8,99.1,1.3,55.5,12.4,100,36.5,0,36.5,100,42.5,0,42.5,67.2,21.7,3.8,5.6,19.3,23.6,21,15.7,8.6,7.2,0,8.2,248,156,118,106,54,47,41,52,35,60,1813,213,154,97,89,83,451,139,450,137,54,41,391,139,224,107,1570,221,615,171,333,140,239,115,63,47,308,97,233,90,82,57,819,168,745,154,290,112,353,112,353,112,180,99,1492,239,1307,238,567,159,1179,225,1179,225,541,154,158,119,145,120,0,21,0,21,0,21,0,21,0,21,0,21,0,21,0,21,0,21,0,21,77,54,77,54,48,55,86,79,41,40,0,21,473,119,243,115,74,66,36269,9493,45859,16390,29965,5007,68438,63860,24929,24729,47.6,26.9,21.8,19.7,16.5,20.5,14.1,22.3,8.5,5.3,4.9,4.5,24.9,7.2,24.8,6.8,3,2.3,21.6,7.1,12.4,5.9,86.6,6.8,33.9,8.5,71.8,19.4,18.9,16.8,75.6,19.9,26.6,19.6,91,9.1,35.4,11.7,100,13.2,51,17.8,87.6,7,38,9.4,100,4.1,45.9,10.1,91.8,14.8,0,26.6,47.7,52.3,0,39.7,51.4,22.6,15.6,13.7,54.3,29.6,15.1,11.6,4.6,5.7,8,8.3
1400000US48085030802,Census Tract 308.02; Collin County; Texas,751,261,35,52,433,173,183,126,100,76,3712,589,272,160,167,140,887,395,863,275,477,218,738,236,308,108,3273,602,1046,246,676,222,600,225,92,65,1108,295,1054,288,370,187,1244,346,1071,355,335,130,684,199,548,194,249,169,2897,554,2699,572,838,237,2228,526,2218,528,769,218,428,273,311,208,71,91,18,34,0,21,0,21,0,21,0,21,0,21,0,21,0,21,0,21,135,115,60,62,23,31,234,189,203,154,114,98,1041,308,689,328,162,111,40301,8177,40991,10228,35733,10356,61083,29847,95461,40531,4.7,6.4,57.7,14.1,24.4,14,13.3,8.9,7.3,4.6,4.5,3.7,23.9,8.9,23.2,6.5,12.9,4.7,19.9,6.7,8.3,3,88.2,5.8,28.2,7.3,88.8,13.2,13.6,9.1,95.1,6.3,33.4,16.7,86.1,9.8,26.9,9,80.1,17.8,36.4,20.3,93.2,5.5,28.9,9.1,99.6,0.9,34.5,11.6,72.7,24.5,16.6,20.6,86.8,14.2,48.7,42.6,66.2,18.9,15.6,8.7,0,10.8,5.6,6.9,13.3,10.2,19.4,13.2,465,170,35,52,277,117,72,72,81,60,1784,418,155,108,127,95,469,221,282,139,234,164,379,150,138,70,1502,416,517,155,241,133,205,128,13,21,671,245,617,231,217,134,625,184,489,193,181,93,247,126,191,119,106,88,1441,388,1280,392,432,129,1033,359,1023,360,402,121,141,141,107,112,52,88,18,34,0,21,0,21,0,21,0,21,0,21,0,21,0,21,0,21,49,54,11,20,0,21,135,143,104,104,33,52,599,225,361,205,63,64,48673,11295,28682,17766,53159,29329,38269,31262,92833,50469,138077,79837,7.5,10.1,59.6,18.4,15.5,14.8,17.4,10.3,8.7,6.3,7.1,5.1,26.3,9.3,15.8,6.6,13.1,7.4,21.2,9,7.7,4.1,84.2,8.9,29,9.7,85.1,23,5.4,8.7,92,10.1,32.3,20.3,78.2,15.1,29,13.4,77.3,24.9,42.9,27.1,88.8,9.8,30,10.7,99,2,38.9,16.4,75.9,32.2,36.9,53.1,77,19.7,24.4,42.3,60.3,23,10.5,9,0,16.2,0,10.1,11.4,10.7,10.1,13.8,286,169,0,21,156,116,111,114,19,30,1928,318,117,93,40,65,418,212,581,225,243,147,359,139,170,75,1771,305,529,164,435,191,395,182,79,65,437,166,437,166,153,89,619,242,582,242,154,81,437,129,357,122,143,95,1456,303,1419,302,406,150,1195,304,1195,304,367,130,287,175,204,124,19,33,0,21,0,21,0,21,0,21,0,21,0,21,0,21,0,21,0,21,86,73,49,56,23,31,99,83,99,83,81,79,442,166,328,165,99,97,33432,6543,33783,2444,31250,15983,42125,26650,71250,31920,0,16,54.5,29,38.8,29.5,6.6,10.8,6.1,4.8,2.1,3.4,21.7,10,30.1,10.1,12.6,7,18.6,7.3,8.8,3.9,91.9,5.1,27.4,8.6,90.8,14.5,18.2,14.9,100,10.8,35,20.4,94,8.4,24.9,13.6,81.7,17.9,32.7,20.4,97.5,3.4,27.9,10.5,100,4.1,30.7,11.9,71.1,24.2,6.6,12.2,100,36.9,81.8,28.7,74.2,18.4,22.4,17.9,0,26.7,12,13.9,14.4,14.1,28.5,14.5
1400000US48085031003,Census Tract 310.03; Collin County; Texas,880,293,96,82,290,169,423,242,71,68,7577,814,295,248,173,138,2141,523,2045,483,712,256,1608,376,603,252,7109,691,2211,451,1889,472,1797,442,532,255,2253,563,2199,552,713,285,2517,447,2254,448,659,189,918,204,859,194,307,128,4462,680,4332,665,1333,338,3696,578,3694,578,1278,332,1666,591,1508,443,321,186,81,102,60,71,21,34,369,261,367,261,295,249,0,23,0,23,0,23,375,231,289,195,54,81,624,246,553,191,187,122,1650,382,1344,322,234,145,64094,15397,59511,24858,49984,6368,75994,3665,93615,12164,10.9,9.1,33,16.5,48.1,20,8.1,7.9,3.9,3.1,2.3,1.7,28.3,5.6,27,5.9,9.4,3.5,21.2,5.1,8,3.3,93.8,3.2,29.2,5.9,95.1,5.9,28.2,12,97.6,2.1,31.6,10.4,89.6,8.7,26.2,7.8,93.6,7,33.4,14.1,97.1,2.5,29.9,6.3,99.9,0.1,34.6,7.2,90.5,10.8,19.3,12.6,88.6,15.7,30,17.1,81.5,8.9,14.2,7.7,20.1,20,3,2.5,7.5,7.9,1.2,1.5,470,226,44,51,175,114,201,148,50,48,3773,523,21,32,125,122,1178,468,1117,274,338,160,717,228,277,109,3627,480,994,250,887,295,795,263,206,123,1199,388,1181,377,277,118,1250,362,1233,361,317,125,437,136,418,128,194,103,2295,383,2274,379,685,213,1914,342,1912,343,644,206,848,415,848,415,111,82,30,39,30,39,9,19,127,114,125,113,96,107,0,23,0,23,0,23,180,137,128,124,23,40,293,137,222,94,70,58,818,240,676,207,114,88,69886,11868,43846,37369,69420,27392,51266,7905,98021,18966,148750,83544,9.4,9.2,37.2,19.5,42.8,21.7,10.6,10.6,0.6,0.9,3.3,3.1,31.2,10.1,29.6,7,9,4.5,19,6.2,7.3,3,96.1,3.2,26.3,7,89.6,12.1,23.2,13,98.5,2.2,23.1,11,98.6,1.9,25.4,10.6,95.7,6.9,44.4,19.5,99.1,1.4,29.8,8.1,99.9,0.3,33.6,9,100,5.7,13.1,11.5,75.8,31.3,23.9,20.4,82.6,13.8,13.9,10,28.1,35.7,3.4,4.2,5.8,6.2,0.2,0.4,410,158,52,64,115,99,222,152,21,28,3804,436,274,240,48,50,963,240,928,319,374,165,891,233,326,217,3482,377,1217,314,1002,244,1002,244,326,171,1054,332,1018,323,436,246,1267,280,1021,230,342,127,481,141,441,141,113,61,2167,362,2058,356,648,194,1782,302,1782,302,634,191,818,272,660,195,210,147,51,66,30,36,12,24,242,185,242,185,199,177,0,23,0,23,0,23,195,126,161,116,31,45,331,158,331,158,117,92,832,215,668,199,120,89,53206,7949,32582,11016,46071,12520,55556,19583,92659,35092,12.7,15.6,28,22.6,54.1,27.1,5.1,7.3,7.2,6,1.3,1.3,25.3,6.3,24.4,7.7,9.8,4.3,23.4,6.2,8.6,5.5,91.5,5.6,32,7.6,100,4.9,32.5,14.7,96.6,3.5,41.4,16.4,80.6,15.9,27,11,91.7,8.8,23.5,14.4,95,4.3,29.9,8,100,2.8,35.6,9.3,80.7,22.8,25.7,17.2,100,14,35.3,26,80.3,11.9,14.4,10,16.5,23.4,2.5,2.7,9.5,10.1,2,2.8
1400000US48085031201,Census Tract 312.01; Collin County; Texas,841,345,113,62,231,92,413,304,84,96,5763,424,144,69,236,106,1965,335,1314,184,542,138,1156,234,406,133,5383,406,1562,267,1274,257,1239,253,470,139,1154,173,1088,171,281,81,2304,333,2166,328,573,197,1031,204,890,185,238,109,4619,435,4370,396,1167,248,4267,419,4062,382,1127,245,372,128,363,128,177,92,82,52,71,50,29,37,84,59,84,59,33,25,0,21,0,21,0,21,256,112,167,88,43,57,350,188,328,179,113,80,859,182,695,194,128,77,58170,3256,46721,14886,51997,8230,89375,19241,67326,4567,13.4,7.8,27.5,13.4,49.1,21,10,11.6,2.5,1.2,4.1,1.8,34.1,4.9,22.8,3,9.4,2.5,20.1,3.7,7,2.2,93.4,2.3,27.1,4,97.3,3.5,36.9,8.1,94.3,4.6,24.4,5.7,94,2.9,24.9,6.9,86.3,6.1,23.1,9.8,94.6,2.3,25.3,4.7,95.2,2.4,26.4,4.9,97.6,2.9,47.6,20.9,93.7,7.1,32.3,11.5,80.9,9.8,14.9,7.1,9.5,12.2,8.3,4.2,1.9,1.4,2.4,2.1,340,171,49,46,147,70,129,150,15,16,2964,228,67,51,101,53,1148,237,716,143,214,76,519,138,199,110,2796,235,718,165,632,167,602,159,216,99,690,130,678,133,93,44,1079,177,1021,179,249,91,563,113,495,108,160,69,2407,239,2294,227,586,151,2213,231,2117,218,570,145,206,77,202,77,90,59,39,30,39,30,2,5,36,34,36,34,8,8,0,21,0,21,0,21,131,71,99,62,20,30,145,105,126,99,12,14,450,119,378,123,22,21,70975,6757,24375,8921,59796,19509,73281,15860,96458,18883,69130,3388,14.4,14.5,43.2,23,37.9,31.2,4.4,5,2.3,1.7,3.4,1.8,38.7,6.9,24.2,4.4,7.2,2.7,17.5,4.7,6.7,3.5,94.3,2.4,24.2,5.2,95.3,6.9,34.2,12,98.3,2.6,13.5,6.3,94.6,3.9,23.1,8.6,87.9,7.8,28.4,11.4,95.3,2.7,24.3,5.9,95.7,2.8,25.8,6.1,98.1,3.1,43.7,26.3,86.9,17.7,8.3,11.6,84,10.3,4.9,4.8,8.3,13.4,4.4,3.9,1.4,1.5,1.8,2.6,501,210,64,51,84,65,284,163,69,93,2799,238,77,47,135,66,817,156,598,120,328,95,637,185,207,74,2587,219,844,189,642,121,637,120,254,81,464,108,410,91,188,59,1225,180,1145,179,324,166,468,118,395,108,78,58,2212,228,2076,209,581,169,2054,220,1945,204,557,173,166,68,161,69,87,58,43,39,32,38,27,37,48,34,48,34,25,23,0,21,0,21,0,21,125,76,68,46,23,28,205,92,202,91,101,77,409,101,317,97,106,77,45983,7978,33306,10071,33241,9195,62929,31158,60938,9854,12.8,9.3,16.8,13.5,56.7,19.6,13.8,17.6,2.8,1.6,4.8,2.3,29.2,5.1,21.4,4.2,11.7,3.4,22.8,6,7.4,2.6,92.4,3.2,30.2,5.9,99.2,1.2,39.6,10.6,88.4,10.2,40.5,10.4,93.5,3.7,26.4,11.2,84.4,9.5,16.7,11.2,93.9,3,26.3,6.8,94.7,2.9,27.1,7.4,97,5.2,52.4,25,98.5,2.4,49.3,25.3,77.5,13.5,25.9,15.7,10.4,13,14,6.8,2.4,2.4,2.8,2.8
1400000US48085031314,Census Tract 313.14; Collin County; Texas,290,107,0,21,108,69,161,86,21,30,3869,590,2,3,348,353,504,173,690,331,230,116,1432,225,663,197,3519,546,2095,282,647,410,616,404,153,76,778,152,776,153,581,134,1671,307,1649,308,1084,218,773,379,478,92,277,69,2347,256,2305,260,1602,229,2220,263,2178,265,1519,231,147,100,147,100,77,79,31,46,0,21,0,21,690,413,415,230,288,139,0,21,0,21,0,21,19,26,17,26,17,26,635,467,635,467,111,104,663,386,630,385,188,122,90243,14369,100202,64204,55500,12742,101324,20448,116083,21970,0,15.8,37.2,21.3,55.5,23.2,7.2,9.9,0.1,0.1,9,8.8,13,4.1,17.8,7.1,5.9,2.9,37,6.9,17.1,5.1,91,8.8,54.1,8.5,95.2,8,23.6,19.1,99.7,0.5,74.7,13.1,98.7,1.2,64.9,7.6,61.8,32.1,35.8,19.1,98.2,1.6,68.3,6.8,98.1,1.7,68.4,7.1,100,28.1,52.4,37.2,100,7.6,17.5,14.8,95,7.8,28.4,14.5,0.6,1.3,8.7,10.9,0,5.3,0.8,1,176,76,0,21,51,66,104,55,21,30,1882,267,0,21,149,153,265,161,254,120,84,78,780,166,350,127,1733,238,1130,159,270,169,270,169,50,37,354,85,352,85,332,88,889,183,869,183,539,131,369,171,242,55,209,53,1153,108,1121,109,859,121,1076,114,1044,113,785,119,94,70,94,70,35,36,0,21,0,21,0,21,328,195,211,125,188,125,0,21,0,21,0,21,9,14,9,14,9,14,298,212,298,212,39,32,358,218,358,218,105,65,112606,9115,77750,70047,112778,71767,89653,38783,123542,21511,219028,64108,0,24.4,29,33.6,59.1,29.2,11.9,17.3,0,2.6,7.9,7.8,14.1,7.6,13.5,6,4.5,4.1,41.4,9.8,18.6,6.8,92.1,7.8,60,10,100,16.8,18.5,17.7,99.4,1,93.8,6.8,97.8,2.3,60.6,11.7,65.6,29.9,56.6,25.7,97.2,2.2,74.5,8,97,2.4,73,8.1,100,37.9,37.2,36.9,100,15.4,13.1,14,100,13,29.3,22.5,0,27.8,3.8,6.8,0,13.7,0.4,0.6,114,66,0,21,57,46,57,48,0,21,1987,347,2,3,199,207,239,106,436,249,146,95,652,161,313,125,1786,336,965,207,377,248,346,246,103,55,424,115,424,115,249,84,782,178,780,178,545,162,404,218,236,59,68,45,1194,194,1184,196,743,164,1144,195,1134,197,734,165,53,47,53,47,42,45,31,46,0,21,0,21,362,225,204,108,100,35,0,21,0,21,0,21,10,13,8,13,8,13,337,296,337,296,72,97,305,218,272,216,83,99,57988,8233,70865,49397,48474,4764,78792,31247,62639,32049,0,33.8,50,31.3,50,31.3,0,33.8,0.1,0.2,10,10.1,12,5.9,21.9,10.1,7.3,4.8,32.8,8.5,15.8,6,89.9,10.1,48.6,10.3,91.8,14.5,27.3,22.6,100,11.1,58.7,20.2,99.7,0.4,69.7,11.1,58.4,34.4,16.8,15.1,99.2,1.3,62.2,8.5,99.1,1.3,64.2,9,100,50.5,79.2,31,100,13.8,21.4,23.4,89.2,17.4,27.2,19.1,1,2.4,14.2,21.4,0,8.2,1.2,1.8
1400000US48085031318,Census Tract 313.18; Collin County; Texas,820,209,174,103,396,185,192,144,58,64,3105,358,174,104,42,49,656,216,543,190,376,145,902,232,412,134,2889,363,1314,300,596,287,580,286,310,170,944,216,877,215,457,155,1205,206,1100,231,451,165,360,46,332,59,96,53,2135,392,2005,376,885,229,1917,360,1787,341,796,226,339,160,339,160,141,143,37,44,11,17,11,17,300,88,281,92,142,96,0,21,0,21,0,21,90,75,49,51,23,37,204,164,204,164,112,130,440,90,373,110,134,81,60939,6955,33139,5977,52525,14548,67039,6883,71932,24708,21.2,12,48.3,17,23.4,16.1,7.1,8.2,5.6,3.3,1.4,1.6,21.1,6,17.5,6,12.1,4.1,29,7,13.3,4.3,93,3.5,42.3,9.1,97.3,4.6,52,23,92.9,5.9,48.4,14.8,91.3,7.8,37.4,10.5,92.2,11.8,26.7,14.7,93.9,3.9,41.5,10.6,93.2,4.3,41.5,12,100,13.7,41.6,28.5,100,21.5,54.9,41.3,84.8,15.4,30.5,17.3,52.8,33.2,10.8,7.5,3,3.9,2.7,4.3,400,172,77,65,201,130,95,80,27,37,1511,233,54,54,14,22,334,180,322,152,150,87,405,149,232,106,1443,220,637,184,349,202,333,202,138,93,399,123,399,123,157,79,579,124,527,132,274,108,184,46,184,46,68,49,1123,238,1081,226,472,153,1010,224,968,210,416,146,125,121,125,121,60,72,11,17,11,17,11,17,127,53,117,54,44,46,0,21,0,21,0,21,49,48,33,42,23,37,76,66,76,66,27,36,195,60,179,64,79,70,63533,18345,33438,19052,33267,4748,80500,49853,69135,20224,97300,69617,19.3,14.1,50.3,20,23.8,20.7,6.8,8.7,3.6,3.4,0.9,1.5,22.1,10.3,21.3,9.3,9.9,6,26.8,10.1,15.4,6.8,95.5,3.4,42.2,12.1,95.4,7.9,39.5,31.4,100,11.8,39.3,19.3,91,8.8,47.3,14.6,100,23.5,37,25.1,96.3,3.8,42,13.7,95.8,4.2,41.2,14.8,100,31.7,48,49.7,100,42.2,35.5,41.4,91.8,13.6,40.5,32.2,41.2,45.3,21.3,15.5,0,10,2.8,4.6,420,150,97,72,195,140,97,81,31,49,1594,171,120,74,28,43,322,97,221,97,226,113,497,163,180,104,1446,190,677,158,247,120,247,120,172,103,545,135,478,144,300,112,626,122,573,133,177,98,176,41,148,58,28,34,1012,211,924,214,413,136,907,201,819,205,380,140,214,94,214,94,81,75,26,40,0,21,0,21,173,57,164,60,98,68,0,21,0,21,0,21,41,47,16,21,0,21,128,109,128,109,85,96,245,73,194,79,55,52,55179,11810,31563,30711,37277,28809,64167,7350,64671,14985,23.1,17.3,46.4,24,23.1,18.6,7.4,11.9,7.5,4.8,1.8,2.7,20.2,5.9,13.9,6,14.2,6.4,31.2,9.8,11.3,6.4,90.7,5.1,42.5,8.9,100,18.2,69.6,22.2,87.7,10.6,55,17.6,91.5,9,28.3,13.4,84.1,24.7,15.9,17.5,91.3,5.4,40.8,11,90.3,6.1,41.9,12.7,100,20.7,37.9,26.6,100,31.2,66.4,38,79.2,22.8,22.4,19.4,58.1,36.6,0,14.3,6.1,8.1,2.5,4.1
1400000US48085031319,Census Tract 313.19; Collin County; Texas,581,203,110,75,242,168,112,85,117,128,3048,504,173,164,163,109,565,244,705,306,128,95,924,371,390,129,2712,531,1314,392,614,171,581,166,276,142,764,260,747,262,389,244,1246,342,1034,355,515,231,424,84,350,101,134,83,1919,486,1707,501,741,338,1613,501,1525,496,699,333,505,207,449,204,212,146,39,45,39,45,0,15,318,123,286,134,272,126,0,15,0,15,0,15,90,86,54,61,33,51,177,115,177,115,56,57,537,210,377,146,145,116,55057,8305,38638,7459,54037,8433,64554,9953,92109,62105,18.9,14,41.7,22.6,19.3,15.5,20.1,19.8,5.7,5.5,5.3,3.6,18.5,8.8,23.1,7.5,4.2,3.2,30.3,9.9,12.8,4.4,89,6.9,43.1,9.8,94.6,7.6,45,19.3,97.8,4,50.9,17.9,83,14.1,41.3,16.8,82.5,19.8,31.6,20.3,89,9.9,38.6,12.7,94.5,5.6,43.3,13.3,88.9,13.2,42,24,100,24.3,31.6,33,70.2,26,27,18.2,0,13.8,8.7,9.5,1.6,2.8,4.8,5.2,303,156,54,59,197,142,14,30,38,62,1346,284,94,85,108,88,258,153,355,261,14,26,320,157,197,110,1144,311,517,188,353,125,320,121,120,53,211,105,211,105,134,89,704,254,554,276,219,121,78,54,59,47,44,43,857,262,762,269,242,138,690,263,657,263,242,138,238,144,182,149,108,113,0,15,0,15,0,15,165,50,133,72,133,72,0,15,0,15,0,15,37,43,18,28,18,28,49,67,49,67,16,26,220,135,139,95,34,39,53965,8530,21317,16127,39196,4694,57577,8314,67304,43776,135404,45617,17.8,20.2,65,28.3,4.6,9.9,12.5,19.7,7,6.6,8,6.9,19.2,11.6,26.4,15.6,1,2,23.8,11.9,14.6,7.7,85,10.2,38.4,13.6,90.7,13.3,34,16.8,100,20.9,63.5,28,78.7,17.1,31.1,18.3,75.6,38.5,56.4,41.8,88.9,11.6,28.2,15.9,95.2,6.7,35.1,19.3,76.5,31,45.4,40.3,100,52.5,32.7,51.8,63.2,28.9,15.5,15.6,0,21.7,5.4,10,0,12.7,3.9,6.6,278,105,56,55,45,74,98,85,79,82,1702,285,79,89,55,78,307,171,350,130,114,91,604,291,193,79,1568,297,797,289,261,130,261,130,156,113,553,227,536,228,255,212,542,170,480,160,296,151,346,71,291,97,90,74,1062,263,945,277,499,267,923,262,868,265,457,257,267,121,267,121,104,85,39,45,39,45,0,15,153,92,153,92,139,89,0,15,0,15,0,15,53,51,36,43,15,23,128,98,128,98,40,41,317,126,238,117,111,99,55611,14234,31899,17550,45804,18094,60096,12639,56103,23187,20.1,18.7,16.2,26.4,35.3,28.6,28.4,25.8,4.6,5.2,3.2,4.6,18,10.4,20.6,7.6,6.7,5.4,35.5,13.3,11.3,4.9,92.1,6.7,46.8,12.2,100,17.4,59.8,27.3,96.9,5.5,46.1,22.6,88.6,14.7,54.6,22.2,84.1,22.8,26,21.4,89,10.6,47,17.7,94,8.6,49.5,18.2,100,17,39,24.1,100,31.2,31.3,36.8,75.1,25.7,35,25,0,30.2,11.4,16.4,2.8,4.6,5.4,7.7
1400000US48085031323,Census Tract 313.23; Collin County; Texas,770,298,49,78,158,134,426,289,137,120,3813,740,312,222,198,117,668,536,848,241,481,174,907,170,399,168,3303,591,1306,253,361,219,361,219,190,155,1177,269,1024,139,393,172,1843,536,1523,577,566,172,432,85,395,91,157,81,3076,781,2659,602,889,233,2978,765,2588,594,818,224,254,225,254,225,157,147,38,42,0,21,0,21,273,184,250,176,196,151,0,21,0,21,0,21,31,37,31,37,0,21,141,108,109,88,64,75,274,76,177,92,101,93,63657,7049,31182,15636,61992,14028,77361,58862,100405,42442,6.4,10.2,20.5,17,55.3,23.4,17.8,18.1,8.2,4.7,5.2,3.2,17.5,11.5,22.2,7.3,12.6,5.1,23.8,6.2,10.5,4.5,86.6,5.5,34.3,8.6,100,12.9,52.6,20.5,87,16.6,33.4,13.9,82.6,10.6,30.7,12.1,91.4,8.3,36.3,16.6,86.4,7.3,28.9,9.5,86.9,7.2,27.5,9.4,100,17.8,61.8,27,77.3,19.9,45.4,38.6,64.6,27.2,36.9,31.5,9.8,18.8,0,7.2,4.4,5.3,6.4,7.4,462,282,0,21,81,87,244,255,137,120,1697,297,32,35,117,103,303,286,397,131,188,111,522,142,138,84,1548,310,660,164,145,105,145,105,51,58,473,93,473,93,263,127,897,276,769,294,270,109,182,65,161,63,76,49,1394,314,1277,322,501,159,1339,308,1236,315,460,147,129,133,129,133,95,119,0,21,0,21,0,21,89,81,89,81,51,61,0,21,0,21,0,21,31,37,31,37,0,21,54,47,22,29,13,24,127,49,81,55,41,42,82415,23103,138049,92400,26676,6040,82358,16486,153977,90843,152773,72547,0,10.2,17.5,23.6,52.8,34.2,29.7,28.1,1.9,2.2,6.9,6.1,17.9,14.6,23.4,8.6,11.1,6.8,30.8,8.8,8.1,4.8,91.2,5.9,38.9,9.9,100,28.4,35.2,34.8,100,10,55.6,21.6,85.7,11.7,30.1,15.4,88.5,17.7,41.8,25.5,91.6,7.6,35.9,11.6,92.3,7.8,34.4,11.4,100,31,73.6,37.6,40.7,40.9,24.1,35.5,63.8,30.6,32.3,29.3,0,27.8,0,15.2,3.2,5.8,7.6,12.5,308,178,49,78,77,95,182,131,0,21,2116,482,280,224,81,89,365,265,451,161,293,138,385,155,261,114,1755,333,646,195,216,138,216,138,139,118,704,245,551,96,130,101,946,279,754,308,296,117,250,65,234,65,81,70,1682,504,1382,334,388,158,1639,496,1352,332,358,154,125,159,125,159,62,75,38,42,0,21,0,21,184,123,161,116,145,113,0,21,0,21,0,21,0,21,0,21,0,21,87,79,87,79,51,71,147,80,96,81,60,82,51123,11766,32106,28777,37292,16258,67500,14473,78480,30272,15.9,24,25,26,59.1,29.6,0,14.9,13.2,8.5,3.8,4.4,17.2,9.7,21.3,8.6,13.8,7.1,18.2,7.9,12.3,5.8,82.9,8.2,30.5,10.7,100,20.5,64.4,26.6,78.3,25.7,18.5,15,79.7,12.2,31.3,13.7,93.6,7.4,32.4,24.2,82.2,10.6,23.1,10.9,82.5,10.6,21.8,10.7,100,31.7,49.6,19.2,100,39.4,58.6,49.8,65.3,33.3,40.8,47.9,13.9,25.9,0,12.8,5.2,6,5.1,7.3
1400000US48085031411,Census Tract 314.11; Collin County; Texas,540,171,69,60,199,101,157,95,115,67,3967,562,93,75,87,93,414,179,563,174,192,83,1666,293,952,269,3787,519,2618,433,543,211,509,185,300,127,1098,365,1078,363,906,361,1695,261,1600,237,1135,259,631,172,600,173,277,106,2302,381,2168,327,1477,306,2177,386,2062,332,1428,304,648,378,648,378,494,352,13,18,13,18,10,18,854,168,808,163,540,129,0,21,0,21,0,21,49,47,49,47,26,39,101,63,101,63,71,43,220,76,201,70,95,42,63958,10860,51367,18738,51940,5499,63500,15392,126379,33442,12.8,10.2,36.9,13.6,29.1,12.9,21.3,12.6,2.3,1.8,2.2,2.2,10.4,4,14.2,4.1,4.8,2,42,6.5,24,5.1,95.5,3.6,66,6.7,93.7,8.7,55.2,19.7,98.2,2.2,82.5,10.6,94.4,5.3,67,9.3,95.1,4.9,43.9,13.2,94.2,5.8,64.2,9.6,94.7,6,65.6,9.9,100,7.4,76.2,18.2,100,36.5,70.3,23.2,91.4,9.9,43.2,18.7,0,23.9,1.2,2.4,7.3,6.7,2.1,2,292,123,50,54,142,76,89,64,11,19,2072,287,68,65,35,48,181,89,237,90,79,47,911,162,561,199,1969,251,1472,239,316,131,282,99,178,81,525,177,518,177,450,175,961,154,911,141,702,165,270,77,258,77,142,66,1264,230,1176,191,817,179,1181,232,1107,194,785,181,308,167,308,167,282,171,9,12,9,12,6,12,404,89,389,91,314,97,0,21,0,21,0,21,29,32,29,32,13,19,58,44,58,44,40,35,132,59,118,60,47,32,98375,25633,38080,13451,56389,18484,59471,17514,99063,33793,150074,27545,17.1,16,48.6,18.7,30.5,17.3,3.8,5.9,3.3,2.9,1.7,2.2,8.7,3.9,11.4,4.6,3.8,2.1,44,8,27.1,7.6,95,4.9,71,7.5,89.2,14.2,56.3,23.2,98.7,2.2,85.7,11,94.8,5.5,73,9.7,95.6,6.9,52.6,17,93,7.6,64.6,11,93.7,7.9,66.5,11.2,100,14.9,91.6,13.2,100,48.3,69,40.9,89.4,16.3,35.6,24.6,0,36,0,23.8,6.6,8.2,2.9,2.9,248,112,19,22,57,62,68,70,104,63,1895,307,25,26,52,48,233,112,326,129,113,58,755,226,391,126,1818,295,1146,235,227,109,227,109,122,62,573,204,560,203,456,201,734,135,689,123,433,119,361,110,342,110,135,58,1038,182,992,168,660,153,996,184,955,170,643,150,340,220,340,220,212,192,4,7,4,7,4,7,450,98,419,92,226,67,0,21,0,21,0,21,20,22,20,22,13,20,43,33,43,33,31,27,88,39,83,38,48,32,51978,6765,37986,19645,46926,16054,55992,24185,93750,35026,7.7,8.4,23,20.3,27.4,19.8,41.9,26.7,1.3,1.4,2.7,2.4,12.3,5.5,17.2,5.8,6,3,39.8,9.7,20.6,6.2,95.9,2.7,60.5,8.3,100,19.6,53.7,26.6,97.7,2.7,79.6,11.6,93.9,6,59,11.4,94.7,6.1,37.4,15.5,95.6,4.1,63.6,10.2,95.9,4.2,64.6,10.5,100,13.6,62.4,28.2,100,56.1,72.1,29.8,94.3,10,54.5,28.6,0,41.9,2.1,4.4,7.7,8,1,1.4
1400000US48085032008,Census Tract 320.08; Collin County; Texas,534,211,23,33,228,203,271,112,12,19,2934,343,45,40,159,140,582,196,644,146,328,110,710,167,466,122,2730,263,1176,178,469,145,469,145,206,94,551,114,524,105,305,85,1254,246,1099,153,440,94,660,105,638,100,225,62,2085,285,1902,207,760,139,1911,276,1749,186,723,139,152,93,152,93,69,45,20,26,20,26,0,15,317,120,306,117,249,101,0,15,0,15,0,15,161,104,151,94,20,23,199,96,199,96,78,49,426,130,395,133,75,48,57097,3997,31612,10072,54286,8398,75357,18802,79967,17555,4.3,6.8,42.7,24.4,50.7,21.6,2.2,3.8,1.5,1.4,5.4,4.3,19.8,5.5,21.9,5.1,11.2,3.6,24.2,5.6,15.9,4.5,93,4.4,40.1,6.4,100,10.1,43.9,15.2,95.1,5.6,55.4,11.8,87.6,9.2,35.1,8.6,96.7,3.4,34.1,9,91.2,6.1,36.5,6.7,91.5,6.5,37.8,7.3,100,27.4,45.4,22.4,100,22,39.2,24,92.7,9.7,17.6,10.7,6.4,12.3,4,6,3.1,3.2,1,1.7,429,185,11,20,162,162,244,110,12,19,1423,215,17,22,19,23,329,146,221,100,195,88,396,110,246,95,1387,208,642,124,207,93,207,93,65,40,316,91,315,90,183,76,582,127,557,123,249,61,318,65,308,66,145,51,952,161,930,160,428,99,898,154,877,152,417,100,71,50,71,50,22,29,0,15,0,15,0,15,148,67,144,66,118,61,0,15,0,15,0,15,113,79,103,73,11,17,139,90,139,90,63,49,197,108,186,104,29,27,60000,22483,35469,30965,30789,9741,50192,18379,92059,18795,78914,15299,2.6,5.4,37.8,25.5,56.9,23.7,2.8,4.6,1.2,1.5,1.3,1.6,23.1,8.1,15.5,6.3,13.7,6.2,27.8,7.4,17.3,7.1,97.5,2.1,45.1,9.2,100,21.3,31.4,18.2,99.7,1.9,57.9,18.2,95.7,4.4,42.8,12.7,96.9,5.3,45.6,14,97.7,2.8,45,9.3,97.7,2.8,46.4,9.5,100,43.7,31,34.3,100,29.4,45.3,33.2,94.4,9.2,14.7,13.2,36.1,44.9,7,10.5,0,11.3,0,7.5,105,84,12,21,66,84,27,36,0,15,1511,194,28,35,140,138,253,80,423,108,133,64,314,85,220,75,1343,149,534,116,262,97,262,97,141,80,235,60,209,60,122,42,672,150,542,81,191,72,342,84,330,82,80,36,1133,175,972,121,332,76,1013,172,872,110,306,72,81,55,81,55,47,31,20,26,20,26,0,15,169,81,162,79,131,71,0,15,0,15,0,15,48,42,48,42,9,14,60,43,60,43,15,17,229,71,209,72,46,38,55958,7114,42688,21751,55833,7426,56667,20260,97500,31273,11.4,24.2,62.9,48.5,25.7,36.4,0,35.6,1.9,2.3,9.3,8.4,16.7,5.1,28,7.4,8.8,4.2,20.8,5.6,14.6,4.8,88.9,8.5,35.3,7.3,100,17.3,53.8,21.6,88.9,13.5,51.9,14,80.7,16.7,28.4,11.2,96.5,5.1,23.4,10,85.8,11,29.3,7.5,86.1,12,30.2,8.3,100,40.9,58,19.5,100,47.5,25,28.8,91.3,14.1,20.1,15.2,0,25.3,0,17.8,5.4,5.5,2.2,3.6
1400000US48113000405,Census Tract 4.05; Dallas County; Texas,261,147,0,15,88,76,80,74,93,90,1500,275,65,66,55,49,292,156,298,189,138,106,447,110,205,117,1380,260,652,149,935,253,899,230,472,152,131,86,126,88,46,47,376,144,327,141,128,72,58,43,28,29,6,10,588,169,535,140,320,117,438,121,432,122,293,111,719,260,652,253,172,90,0,15,0,15,0,15,79,66,79,66,67,64,0,15,0,15,0,15,21,24,21,24,0,15,93,72,93,72,93,72,216,122,169,97,83,80,53059,14075,31181,19330,40854,7227,69904,5794,98640,30637,0,17.4,33.7,23.7,30.7,23.7,35.6,26.7,4.3,4.2,3.7,3.3,19.5,10,19.9,11.2,9.2,6.5,29.8,7.9,13.7,7.3,92,3.6,43.5,9.6,96.1,6.2,50.5,14.2,96.2,9.9,35.1,33.5,87,11.1,34,17.8,48.3,42.8,10.3,18.3,91,9.2,54.4,17.2,98.6,2.3,66.9,16.7,90.7,7.1,23.9,11.9,100,38.1,100,38.1,78.2,22.9,38.4,27,28.3,31.3,5.5,8.9,12.2,13.7,6.1,6.9,120,76,0,15,48,57,18,27,54,63,955,241,46,62,16,22,105,75,203,173,91,91,355,109,139,93,893,231,494,127,605,205,569,193,337,124,129,85,124,86,44,46,199,92,188,90,107,67,22,22,12,15,6,10,388,124,336,111,237,97,265,96,259,96,212,92,415,213,405,215,138,80,0,15,0,15,0,15,79,66,79,66,67,64,0,15,0,15,0,15,21,24,21,24,0,15,52,48,52,48,52,48,173,92,127,66,65,55,58304,11767,60868,52313,69688,26787,40213,12999,70144,11986,112532,69909,0,32.7,40,41.9,15,22,45,43.2,4.8,6.1,1.7,2.5,11,8.7,21.3,15.4,9.5,8.7,37.2,10.4,14.6,9.5,93.5,5.6,51.7,11.5,94,9.8,55.7,15.9,96.1,10,34.1,34.3,94.5,7.1,53.8,25.6,54.5,49.7,27.3,43.6,86.6,14.1,61.1,17.8,97.7,3.9,80,15.8,97.6,5.1,33.3,16.1,100,51,100,51,73.4,26.3,37.6,26.8,22.6,34.3,0,35.6,2,4.2,4.5,6.9,141,97,0,15,40,51,62,69,39,40,545,163,19,32,39,41,187,116,95,77,47,57,92,57,66,62,487,164,158,83,330,158,330,158,135,80,2,12,2,12,2,12,177,82,139,82,21,24,36,37,16,25,0,15,200,109,199,107,83,68,173,98,173,98,81,66,304,150,247,141,34,51,0,15,0,15,0,15,0,15,0,15,0,15,0,15,0,15,0,15,0,15,0,15,0,15,41,36,41,36,41,36,43,63,42,57,18,33,45469,27828,28750,3779,46641,18257,69722,19599,98603,64061,0,29,28.4,30.6,44,34.8,27.7,25.4,3.5,6,7.2,7.8,34.3,17.9,17.4,13,8.6,9.6,16.9,11.4,12.1,10.8,89.4,8,29,15.2,100,14,40.9,24,100,100,100,100,78.5,20.3,11.9,13.5,44.4,55.6,0,61.3,99.5,5.9,41.5,27.4,100,24.7,46.8,30,81.3,13.9,11.2,16.9,100,57.4,100,57.4,97.7,21.8,41.9,54.9,34.5,53.1,8.6,14.1,33.1,31.1,11.4,18.6
1400000US48113001202,Census Tract 12.02; Dallas County; Texas,525,227,104,124,36,45,134,129,251,150,2670,544,159,214,65,80,355,151,517,192,98,63,994,322,482,161,2446,412,1476,386,917,238,917,238,536,218,836,359,648,224,426,194,737,190,701,188,442,171,180,62,180,62,72,33,1752,476,1616,346,1117,345,1403,301,1403,301,1042,305,522,200,509,196,201,143,0,15,0,15,0,15,93,71,93,71,67,54,0,15,0,15,0,15,146,94,113,89,32,32,157,118,115,93,59,55,633,287,422,158,147,78,57150,15343,43052,6700,39406,7617,79414,12798,114464,41848,19.8,21.6,6.9,9,25.5,20,47.8,22.3,6,7.2,2.4,3,13.3,6.2,19.4,7.5,3.7,2.4,37.2,8.5,18.1,4.9,91.6,7.4,55.3,7.9,100,5.3,58.5,15,77.5,20,51,15.6,95.1,5.5,60,15.5,100,23.9,40,18.7,92.2,9.3,63.8,9.4,100,3.5,74.3,10.3,97.5,3.6,38.5,22,73.2,36.2,37.6,31.1,66.7,24.9,23.2,10.1,0,19.9,3.4,6.8,1.8,2.7,4.7,5.2,216,140,72,87,12,19,34,55,98,93,1273,294,87,121,12,18,202,100,230,136,53,53,510,195,179,72,1174,252,689,216,478,184,478,184,319,168,362,175,275,124,154,82,351,115,339,113,178,113,82,33,82,33,38,28,848,235,782,192,545,172,688,177,688,177,528,169,274,138,274,138,71,94,0,15,0,15,0,15,52,44,52,44,52,44,0,15,0,15,0,15,67,53,34,33,7,15,32,39,32,39,14,24,259,144,160,93,38,31,59605,20699,42708,10573,39091,7507,39013,19712,81732,27597,151375,65651,33.3,33.4,5.6,9.1,15.7,25.1,45.4,33.3,6.8,8.8,0.9,1.4,15.9,8.5,18.1,10.3,4.2,4.3,40.1,11.2,14.1,5,92.2,8.8,54.1,10.7,100,9.9,66.7,17.7,76,27.4,42.5,21.1,96.6,5.2,50.7,22.6,100,40.6,46.3,29.3,92.2,9.5,64.3,12.8,100,7,76.7,13.1,100,16.6,25.9,28.4,100,65,43.8,56.2,61.8,35.7,14.7,15.6,0,36.9,5.9,12.4,3.9,6.2,10,10.6,309,164,32,51,24,40,100,84,153,122,1397,318,72,99,53,73,153,102,287,136,45,37,484,188,303,130,1272,249,787,239,439,131,439,131,217,89,474,232,373,171,272,161,386,137,362,137,264,123,98,55,98,55,34,25,904,296,834,229,572,224,715,182,715,182,514,170,248,124,235,123,130,107,0,15,0,15,0,15,41,48,41,48,15,19,0,15,0,15,0,15,79,70,79,70,25,27,125,95,83,62,45,37,374,177,262,115,109,74,56350,16095,43582,8863,39529,10467,77344,15416,98654,47670,10.4,17.3,7.8,13.1,32.4,21.5,49.5,24.6,5.2,6.3,3.8,5.2,11,7.5,20.5,9.8,3.2,2.7,34.6,10.8,21.7,7.8,91.1,7.4,56.3,11,100,10.8,49.4,19.5,78.7,19.1,57.4,20,93.8,7.1,68.4,18.8,100,37.1,34.7,27.7,92.3,9.2,63.3,12.4,100,6.8,71.9,14.1,94.8,8.3,52.4,30.2,66.4,40.9,36,29.4,70.1,23,29.1,14.5,0,31.7,0,27.3,0,13.9,0,6.2
1400000US48113001400,Census Tract 14; Dallas County; Texas,292,203,70,86,63,53,159,173,0,15,2325,366,86,75,193,109,452,195,459,158,144,99,639,220,352,109,2046,365,991,234,749,228,743,230,285,127,870,335,699,324,312,167,494,140,400,120,253,99,212,86,204,86,141,69,1466,347,1398,346,826,207,1056,211,1023,208,640,156,298,154,243,148,28,43,21,28,21,28,16,25,134,112,117,109,43,44,0,15,0,15,0,15,96,72,81,69,13,15,310,157,186,122,65,53,800,307,626,311,226,155,47229,7695,37287,15860,45472,9855,78253,18824,103102,46647,24,28.7,21.6,22.2,54.5,34.9,0,15.7,3.7,3.4,8.3,4.7,19.4,6.8,19.7,6.7,6.2,4.3,27.5,7.3,15.1,4.9,88,4.4,42.6,7.1,99.2,1.4,38.1,14.9,80.3,9.3,35.9,9.3,81,10.3,51.2,14.3,96.2,6.7,66.5,15.9,95.4,4.7,56.3,9.5,96.9,3.3,60.6,11.3,81.5,15.4,9.4,14.2,60,24.3,21,16.2,78.3,11.6,28.3,13.1,25.4,13.6,4.9,8.2,1.3,2.3,3.4,2.2,182,189,43,79,20,23,119,166,0,15,1197,243,24,29,88,54,277,167,292,132,44,48,301,125,171,61,1085,238,472,141,386,157,386,157,128,87,484,211,420,202,159,85,183,91,135,69,80,48,144,66,144,66,105,56,843,228,843,228,414,129,642,160,642,160,364,110,130,82,106,77,28,43,5,9,5,9,0,15,29,33,20,30,10,15,0,15,0,15,0,15,58,61,43,57,8,12,132,78,68,55,12,16,380,176,301,176,59,60,48375,14105,46367,767,46218,1019,48792,19935,61164,23144,175417,157086,23.6,42.2,11,18.4,65.4,48.2,0,23.7,2,2.4,7.4,4.6,23.1,11.6,24.4,10.2,3.7,4.1,25.1,9.4,14.3,5.2,90.6,5,39.4,10.6,100,12.1,33.2,20.9,86.8,10.1,32.9,16.5,73.8,15.9,43.7,21.4,100,28.6,72.9,16,100,5.8,49.1,14.8,100,7.5,56.7,15.1,81.5,22.8,21.5,29.9,51.5,27.5,9.1,13.5,79.2,15.3,15.5,16.8,21.4,24.5,0,16.4,2.4,4.2,4.9,4.7,110,86,27,44,43,46,40,52,0,15,1128,201,62,66,105,66,175,126,167,78,100,67,338,142,181,73,961,193,519,142,363,150,357,151,157,70,386,153,279,149,153,135,311,85,265,76,173,62,68,38,60,35,36,25,623,164,555,155,412,135,414,113,381,105,276,84,168,110,137,104,0,15,16,25,16,25,16,25,105,104,97,103,33,41,0,15,0,15,0,15,38,41,38,41,5,9,178,97,118,87,53,51,420,163,325,161,167,131,46016,18043,31548,20488,38971,13618,79487,29777,78833,42392,24.5,34.3,39.1,37.4,36.4,36.9,0,34.6,5.5,6,9.3,5.9,15.5,10.1,14.8,6.5,8.9,6,30,10.7,16,6.8,85.2,6.3,46,10.3,98.3,2.8,43.3,19.3,72.3,14.2,39.6,23,85.2,13,55.6,18.3,88.2,18.8,52.9,27,89.1,10.3,66.1,12.7,92,7.9,66.7,14,81.5,21.6,0,25.3,66.3,24.3,29.8,22,77.4,13,39.8,22.5,28.1,18.8,12.6,19.5,0,17,2.1,3.2
1400000US48113004500,Census Tract 45; Dallas County; Texas,510,244,146,100,284,196,58,49,22,27,3439,403,669,234,580,192,676,211,381,93,64,64,657,192,412,171,2190,306,1069,287,760,227,598,168,196,105,931,282,559,219,374,192,1248,281,689,190,365,166,500,102,344,90,134,62,2092,468,1399,247,733,197,927,200,901,198,623,194,240,175,240,175,173,154,7,13,7,13,0,21,0,21,0,21,0,21,0,21,0,21,0,21,741,313,249,140,15,23,359,183,295,163,148,147,2272,380,1049,251,234,154,43194,9135,37196,12895,52723,22243,67857,11579,72273,21920,28.6,16.4,55.7,19.6,11.4,10,4.3,5.7,19.5,5.9,16.9,5,19.7,5.9,11.1,2.9,1.9,1.8,19.1,5.5,12,4.6,63.7,7.2,31.1,7.7,78.7,15.5,25.8,14.4,60,14.6,40.2,17.4,55.2,11.7,29.2,12.7,68.8,15.3,26.8,12.5,66.9,10.1,35,10.3,97.2,2.7,67.2,9.7,100,18.7,72.1,30,82.2,14.8,41.2,29.8,46.2,9.4,10.3,6.5,25.3,13.9,8.1,8.3,6.7,7.1,7.7,8.1,314,199,48,55,191,187,58,49,17,25,1778,249,325,196,271,125,386,152,221,67,0,21,328,100,247,122,1182,190,575,142,353,118,263,95,95,51,525,213,349,156,208,131,674,153,417,132,181,73,226,75,153,62,91,48,1223,305,799,180,464,127,627,139,619,139,430,128,103,88,103,88,75,76,7,13,7,13,0,21,0,21,0,21,0,21,0,21,0,21,0,21,337,149,201,122,0,21,108,78,72,61,36,41,1032,214,444,147,54,44,48472,12246,32703,6426,47917,20652,54509,11367,78068,47145,94231,79127,15.3,19.5,60.8,30.6,18.5,17.2,5.4,8.6,18.3,9.9,15.2,6.8,21.7,8.5,12.4,3.6,0,2.8,18.4,6,13.9,6.5,66.5,9.6,32.3,7.8,74.5,20.3,26.9,17,66.5,18.5,39.6,21.1,61.9,13.9,26.9,10.6,67.7,19.6,40.3,19.6,65.3,11.9,37.9,12.2,98.7,2.3,68.6,10.3,100,36,72.8,38.8,66.7,26.8,33.3,33.1,43,14.4,5.2,4.2,17.4,15.4,2.1,4,10,10.4,8.3,9,196,140,98,90,93,90,0,21,5,9,1661,241,344,154,309,137,290,111,160,60,64,64,329,186,165,85,1008,205,494,194,407,160,335,141,101,81,406,163,210,105,166,92,574,194,272,137,184,138,274,63,191,62,43,31,869,196,600,129,269,95,300,98,282,97,193,89,137,101,137,101,98,86,0,21,0,21,0,21,0,21,0,21,0,21,0,21,0,21,0,21,404,199,48,52,15,23,251,157,223,152,112,143,1240,242,605,185,180,146,41284,5144,31546,5438,37308,21764,59718,17516,51932,26983,50,28.6,47.4,29,0,22.3,2.6,5.6,20.7,8.4,18.6,7.7,17.5,6.8,9.6,3.9,3.9,3.8,19.8,10,9.9,5.2,60.7,9.9,29.7,10.1,82.3,18,24.8,18,51.7,17.3,40.9,17.7,47.4,20.9,32.1,21.4,69.7,18.2,15.7,10.9,69,12.2,31,10,94,6.9,64.3,15.4,100,29.7,71.5,39.8,88.8,15.8,44.6,38.3,48.8,11.8,14.5,10.8,32.5,15.8,16.2,17.3,3.6,5.6,6.9,8.4
1400000US48113006302,Census Tract 63.02; Dallas County; Texas,302,160,34,49,168,135,55,68,45,60,2760,362,693,332,431,171,536,210,321,141,51,55,434,128,294,139,1636,249,728,174,712,207,605,217,233,126,516,163,306,132,112,64,1047,375,457,143,235,89,485,132,268,97,148,92,1682,290,1124,197,598,151,677,197,667,195,487,160,126,113,82,71,47,57,11,19,11,19,0,15,11,17,11,17,0,15,0,15,0,15,0,15,559,257,285,211,34,39,371,320,123,102,49,57,1930,429,860,262,187,90,37176,9070,34331,9222,45536,24726,66196,20009,72444,33739,11.3,15.7,55.6,26.9,18.2,19.6,14.9,20.2,25.1,9.7,15.6,6.2,19.4,7.4,11.6,5,1.8,2,15.7,5.1,10.7,5.2,59.3,9.8,26.4,7.1,85,11,32.7,15,59.3,14.9,21.7,10.9,43.6,19.7,22.4,11.2,55.3,20.5,30.5,17.8,66.8,12.5,35.6,9.1,98.5,2.9,71.9,11.8,65.1,27.8,37.3,42.8,33.2,31.5,13.2,16.5,44.6,11.9,9.7,4.5,9.8,9.8,3,5.3,5.9,7.8,0,6.6,204,149,27,47,147,119,30,61,0,15,1429,359,371,299,282,103,285,123,174,97,33,46,203,76,81,56,776,169,284,87,355,122,333,123,110,74,323,126,151,94,41,39,581,340,194,85,111,65,170,85,98,61,22,25,789,195,542,125,264,87,326,104,316,105,220,90,47,60,11,20,0,15,11,19,11,19,0,15,11,17,11,17,0,15,0,15,0,15,0,15,317,146,156,122,0,15,254,291,45,48,20,40,1045,378,438,176,64,67,39737,15908,34713,16992,39167,15465,36890,31207,75375,50782,104833,79401,13.2,21.9,72.1,29.2,14.7,25.5,0,21.5,26,15.8,19.7,7.6,19.9,8.6,12.2,6.8,2.3,3.2,14.2,6,5.7,4,54.3,13.6,19.9,7.1,93.8,10.5,31,20.1,46.7,21.9,12.7,12.3,33.4,22.1,19.1,14,57.6,30.5,12.9,14.1,68.7,15.4,33.5,12.3,96.9,6.1,67.5,17.2,23.4,53.3,0,53.7,17.7,28.5,7.9,15.9,41.9,15.6,6.1,6,9.5,10.1,5.6,9.5,10.6,13.8,0,16.1,98,72,7,11,21,39,25,29,45,60,1331,160,322,152,149,106,251,130,147,92,18,32,231,107,213,119,860,149,444,144,357,126,272,121,123,75,193,81,155,73,71,47,466,115,263,113,124,77,315,105,170,91,126,87,893,169,582,130,334,128,351,128,351,128,267,125,79,70,71,68,47,57,0,15,0,15,0,15,0,15,0,15,0,15,0,15,0,15,0,15,242,118,129,100,34,39,117,90,78,71,29,38,885,171,422,145,123,78,35139,5755,32993,26241,47321,46854,65543,52194,71667,20358,7.1,12.5,21.4,36,25.5,30.1,45.9,46.4,24.2,10.4,11.2,8.2,18.9,9.7,11,6.8,1.4,2.4,17.4,8.2,16,8.6,64.6,8.9,33.4,10.5,76.2,18.9,34.5,20.2,80.3,18.5,36.8,21.2,56.4,19.2,26.6,14.5,54,22.5,40,22,65.2,11.6,37.4,13.3,100,13.3,76.1,19.8,89.9,16.7,59.5,46.2,66.7,33.2,24.8,28.5,47.7,12.6,13.9,8.6,10.2,12.4,0,18,0,25.7,0,10.6
1400000US48113008200,Census Tract 82; Dallas County; Texas,166,81,32,34,83,64,51,41,0,15,2671,385,56,49,135,86,406,190,361,152,183,86,1009,211,521,119,2480,374,1530,240,551,283,487,269,316,161,496,160,496,160,334,127,998,157,917,164,639,160,626,159,580,152,241,89,2001,324,1944,327,1247,193,1685,251,1636,254,1069,168,330,170,294,145,191,113,0,15,0,15,0,15,0,15,0,15,0,15,0,15,0,15,0,15,205,113,121,97,23,29,135,85,121,76,69,66,634,283,528,279,262,151,53474,14291,24884,14055,27388,21282,70139,28026,116250,42648,19.3,19.2,50,25.4,30.7,23.7,0,25.6,2.1,1.7,5.1,3.2,15.2,6.5,13.5,4.7,6.9,3,37.8,6.2,19.5,4.4,92.8,3.7,57.3,6.8,88.4,10.7,57.4,14.9,100,9.6,67.3,12.8,91.9,6.5,64,10.6,92.7,6.1,38.5,15.7,97.2,3.2,62.3,7.5,97.1,3.8,63.4,8,89.1,10.5,57.9,32,89.6,14.8,51.1,32.4,83.3,13.3,41.3,13.6,0,22.8,4.2,9.6,0,8.8,0,3.2,95,49,17,26,44,34,34,35,0,15,1294,225,42,49,90,71,196,116,103,64,71,44,540,163,252,97,1162,209,792,171,275,133,211,119,182,122,236,113,236,113,186,87,532,100,487,106,313,102,251,101,228,89,111,49,953,166,924,167,625,139,799,147,778,144,494,96,161,105,142,85,106,74,0,15,0,15,0,15,0,15,0,15,0,15,0,15,0,15,0,15,123,88,39,44,16,26,57,56,57,56,45,53,331,147,239,131,189,122,46169,21537,37500,15839,24331,1805,41066,5921,55357,41437,170341,64895,17.9,24.9,46.3,30.1,35.8,31.6,0,37.7,3.2,3.6,7,5.4,15.1,8.3,8,4.5,5.5,3.6,41.7,10.5,19.5,7,89.8,6.2,61.2,9.6,76.7,19.6,66.2,21.1,100,19,78.8,17,91.5,11.2,58.8,15.4,90.8,13.6,44.2,23.9,97,3.7,65.6,10.5,97.4,4.1,61.8,10.8,88.2,16.5,65.8,35.1,100,48.7,78.9,31.6,72.2,21.1,57.1,24.1,0,30.5,0,22.3,0,24.6,0,6.1,71,59,15,23,39,47,17,18,0,15,1377,206,14,23,45,41,210,110,258,140,112,67,469,131,269,74,1318,205,738,128,276,168,276,168,134,70,260,92,260,92,148,56,466,92,430,94,326,88,375,91,352,93,130,57,1048,190,1020,193,622,109,886,144,858,149,575,111,169,86,152,83,85,72,0,15,0,15,0,15,0,15,0,15,0,15,0,15,0,15,0,15,82,73,82,73,7,13,78,59,64,44,24,24,303,172,289,165,73,58,54694,13867,38631,23751,26463,10772,71181,15633,69338,38771,21.1,30.4,54.9,38.1,23.9,30.6,0,43.7,1,1.6,3.3,3,15.3,7.4,18.7,8.9,8.1,4.6,34.1,9.1,19.5,5.9,95.7,3.5,53.6,9.4,100,16.5,48.6,27.5,100,17.4,56.9,19.4,92.3,8.4,70,11.8,93.9,7.7,34.7,14.8,97.3,3.2,59.4,10.9,96.8,3.8,64.9,8.9,89.9,14.7,50.3,39.5,82.1,21.1,30.8,32.7,95.4,7,24.1,18.6,0,47.9,8.1,17.9,0,12.6,0,6.5
1400000US48113009611,Census Tract 96.11; Dallas County; Texas,332,170,34,45,151,124,147,86,0,15,2736,751,329,95,373,218,799,386,541,257,125,79,275,116,294,96,2034,594,569,141,651,271,602,241,242,94,503,204,349,199,119,71,1194,416,753,268,160,119,388,103,330,101,48,51,1711,739,1337,575,273,100,1001,696,903,542,184,81,154,119,131,113,72,104,136,175,128,175,45,62,239,184,183,123,126,106,0,15,0,15,0,15,318,175,120,86,16,22,178,165,135,122,37,41,1335,312,810,258,187,98,43204,5435,40869,13796,32863,12457,75446,25341,82644,41787,10.2,13.2,45.5,25.2,44.3,19.4,0,13.9,12,4.6,13.6,5.6,29.2,8,19.8,6.4,4.6,3,10.1,4.7,10.7,4.4,74.3,5.7,20.8,7,92.5,9.4,37.2,13.7,69.4,17.6,23.7,13.9,63.1,8.7,13.4,9.8,85.1,12.4,12.4,11.5,78.1,5.2,16,8.7,90.2,10.6,18.4,16.4,85.1,16.7,46.8,45.2,75.8,20.2,20.8,20.9,60.7,10.2,14,6.2,14.8,12.6,7.6,7.3,4.8,4.6,2.8,3.1,224,121,19,36,100,85,105,68,0,15,1364,390,216,78,232,198,402,203,204,92,30,35,178,92,102,63,916,216,280,115,382,261,333,219,106,105,230,106,113,87,50,46,609,220,335,111,99,71,143,56,135,55,25,29,835,366,572,210,127,68,495,338,397,194,86,51,83,65,83,65,37,54,51,62,43,59,0,15,173,175,124,110,94,102,0,15,0,15,0,15,110,64,16,19,0,15,112,120,78,89,22,36,606,158,305,128,63,60,51190,13613,48611,17066,43983,25296,32621,28886,77153,53179,83933,11328,8.5,15.6,44.6,27.6,46.9,22.9,0,19.9,15.8,6.4,17,10.6,29.5,11,15,7.6,2.2,2.5,13,6.8,7.5,4.6,67.2,7.7,20.5,8.6,87.2,14.2,27.7,22.1,49.1,26,21.7,14.8,55,19.8,16.3,11.4,94.4,13.1,17.5,17.8,68.5,10.6,15.2,9.9,80.2,22,17.4,17.3,100,40.4,44.6,43.9,69.6,28.7,19.6,23.8,50.3,13.8,10.4,9.3,18.3,18.7,5.7,6.1,7.3,7.9,2.9,4.4,108,66,15,25,51,56,42,44,0,15,1372,404,113,66,141,89,397,213,337,221,95,58,97,60,192,80,1118,409,289,98,269,111,269,111,136,74,273,174,236,179,69,54,585,226,418,226,61,57,245,74,195,69,23,26,876,390,765,392,146,67,506,370,506,370,98,57,71,56,48,54,35,50,85,116,85,116,45,62,66,47,59,45,32,39,0,15,0,15,0,15,208,138,104,83,16,22,66,60,57,54,15,19,729,208,505,178,124,79,37578,15828,40262,25608,43250,40176,40707,11849,75170,53595,13.9,22.5,47.2,37.3,38.9,39.3,0,35,8.2,5.3,10.3,7.2,28.9,8.9,24.6,11.5,6.9,4.5,7.1,4.6,14,6.6,81.5,10.8,21.1,8.6,100,16.9,50.6,20.9,86.4,20.1,25.3,23.6,71.5,19.1,10.4,10.2,79.6,16.1,9.4,9.9,87.3,10.7,16.7,9.9,100,9.4,19.4,18,67.6,37,49.3,47.6,86.4,21.8,22.7,29,69.3,14.6,17,8.9,8.7,10.9,9.6,11.1,3.5,5.7,2.8,4.4
1400000US48113009803,Census Tract 98.03; Dallas County; Texas,222,75,34,26,71,44,117,75,0,15,1408,186,228,89,164,60,407,119,211,76,36,27,233,64,129,81,1016,178,362,93,321,89,277,90,64,30,289,103,168,63,77,45,540,98,352,88,127,44,258,81,219,84,94,55,786,162,585,129,265,79,425,94,398,87,190,57,99,79,94,77,5,9,0,15,0,15,0,15,1,6,1,6,1,6,0,15,0,15,0,15,408,158,222,105,52,46,114,77,114,77,39,27,815,185,469,146,148,59,45604,6766,41818,8731,29313,6854,67917,5240,89875,37645,15.3,11.3,32,21.5,52.7,22.6,0,20,16.2,5.9,11.6,4.3,28.9,6.9,15,5,2.6,1.9,16.5,4.9,9.2,5.4,72.2,7.6,25.7,6.1,86.3,11.4,19.9,9.2,58.1,15.5,26.6,13.9,65.2,11,23.5,8.2,84.9,15,36.4,16.2,74.4,11.7,33.7,8.8,93.6,6.2,44.7,11,94.9,9.5,5.1,8.4,100,33.8,34.2,29.5,57.5,12.5,18.2,6.8,6.6,10,3.7,5.5,2.8,3.9,0,12.9,96,54,26,24,21,24,49,48,0,15,723,105,110,54,74,44,241,83,115,52,25,23,107,45,51,36,539,105,158,55,165,60,152,58,41,27,138,57,60,40,10,15,297,69,228,58,85,37,123,46,99,42,22,22,389,87,304,75,118,48,210,44,210,44,90,33,57,45,52,44,0,15,0,15,0,15,0,15,1,6,1,6,1,6,0,15,0,15,0,15,217,90,123,69,23,26,59,49,59,49,16,16,417,110,238,93,65,39,46411,4142,34605,16697,42083,7860,51250,35834,62031,48314,99375,31097,27.1,26.3,21.9,25.7,51,31.6,0,37.5,15.2,7.2,10.2,5.9,33.3,9.3,15.9,6.6,3.5,3.1,14.8,7,7.1,4.7,74.6,9.3,21.9,8,92.1,11.3,24.8,16.1,43.5,24.1,7.2,11.2,76.8,12.1,28.6,14.2,80.5,19,17.9,18,78.1,12.9,30.3,12.6,100,21,42.9,13.8,91.2,16.3,0,48.7,100,47.9,27.1,32,57.1,14.7,15.6,9.2,7.1,10.9,0,18.6,0.7,2.7,0,26.6,126,61,8,12,50,38,68,52,0,15,685,114,118,47,90,45,166,61,96,49,11,12,126,46,78,60,477,104,204,69,156,52,125,54,23,17,151,63,108,49,67,42,243,59,124,52,42,27,135,57,120,60,72,48,397,102,281,85,147,59,215,73,188,66,100,49,42,38,42,38,5,9,0,15,0,15,0,15,0,15,0,15,0,15,0,15,0,15,0,15,191,86,99,58,29,29,55,37,55,37,23,18,398,107,231,80,83,41,31250,24460,40625,32043,28603,2114,68042,2467,88750,62022,6.3,10.4,39.7,25.4,54,27.7,0,31.6,17.2,6.3,13.1,6.7,24.2,7.9,14,6.7,1.6,1.8,18.4,6.7,11.4,8.4,69.6,9,29.8,8.7,80.1,14.5,14.7,9.9,71.5,19.2,44.4,22.8,51,17.4,17.3,11.4,88.9,15.5,53.3,25.8,70.8,12.8,37,11.7,87.4,12.1,46.5,17.2,100,56.8,11.9,20.7,100,49.6,41.8,34.6,58,14.3,20.9,9.8,6.3,9.6,9,13.8,5.6,8.4,0,21.5
1400000US48113009900,Census Tract 99; Dallas County; Texas,681,223,110,78,154,127,117,79,300,175,4408,537,240,195,178,104,850,265,460,198,94,71,1868,443,718,215,3990,460,2586,488,2446,483,2339,482,1820,447,912,254,779,231,414,185,795,201,662,170,267,121,255,133,210,128,85,71,1314,378,1135,307,833,315,640,152,603,146,462,147,1149,386,1124,381,582,295,0,21,0,21,0,21,1071,269,1037,260,780,227,0,21,0,21,0,21,292,175,206,143,74,102,582,317,488,301,317,255,1461,465,1139,392,686,365,52251,6160,46133,7574,49865,8681,63401,5508,76304,17032,16.2,11.3,22.6,16.4,17.2,11.6,44.1,20.5,5.4,4.2,4,2.3,19.3,6,10.4,4.6,2.1,1.6,42.4,8,16.3,4.6,90.5,4.2,58.7,7.8,95.6,3.4,74.4,8.8,85.4,11.4,45.4,15.5,83.3,10.3,33.6,12.6,82.4,14.4,33.3,22.1,86.4,9.2,63.4,12.9,94.2,5.3,72.2,13.7,97.8,3.5,50.7,17.6,83.8,19.8,54.5,28.4,78,11.6,47,16,2.9,4.8,8,7.6,9.4,9.7,1.4,1.9,392,180,101,75,84,109,48,55,159,143,2414,370,152,173,55,52,629,229,289,146,55,49,902,227,332,140,2207,320,1234,251,1342,306,1311,309,859,244,517,198,412,160,218,112,434,136,363,121,113,90,121,93,121,93,44,60,761,258,659,177,441,161,396,114,396,114,290,110,612,277,587,273,227,182,0,21,0,21,0,21,630,187,630,187,442,142,0,21,0,21,0,21,109,97,109,97,0,21,302,190,222,163,124,134,757,284,575,205,267,168,53802,12452,34242,5446,45547,7736,52292,8163,70699,6779,79545,35993,25.8,20.1,21.4,25.8,12.2,14.3,40.6,28.7,6.3,6.8,2.3,2.1,26.1,8.9,12,5.7,2.3,2,37.4,8.3,13.8,5.7,91.4,6.9,51.1,8.9,97.7,3.8,64,13.2,79.7,18,42.2,17.5,83.6,14.2,26,16.8,100,32.5,36.4,37.3,86.6,16,58,15,100,11.8,73.2,14.7,95.9,6.6,37.1,23,73.5,31.5,41.1,34.2,76,18.8,35.3,18.2,0,21.3,6.8,7.7,15.1,14.5,1,1.5,289,124,9,15,70,75,69,57,141,91,1994,296,88,63,123,76,221,98,171,129,39,40,966,290,386,165,1783,282,1352,316,1104,286,1028,280,961,269,395,178,367,183,196,129,361,116,299,107,154,96,134,71,89,64,41,36,553,199,476,197,392,201,244,97,207,91,172,91,537,184,537,184,355,160,0,21,0,21,0,21,441,119,407,116,338,111,0,21,0,21,0,21,183,128,97,114,74,102,280,164,266,163,193,149,704,246,564,247,419,232,51721,4807,51875,19921,33945,15494,54453,10214,69853,18206,3.1,5.6,24.2,21.7,23.9,19.7,48.8,22.2,4.4,3.2,6.2,3.7,11.1,5,8.6,6.7,2,2,48.4,11.4,19.4,7.6,89.4,4.2,67.8,9.8,93.1,6,87,8.3,92.9,9.6,49.6,27.6,82.8,13.4,42.7,22.1,66.4,23.6,30.6,21.8,86.1,9.8,70.9,16.4,84.8,13.4,70.5,19.9,100,8.9,66.1,20.9,95,8.8,68.9,27.1,80.1,12.2,59.5,16.7,5.7,9,11.3,17.3,0,21,1.8,3.2
1400000US48113010701,Census Tract 107.01; Dallas County; Texas,896,425,159,112,308,174,234,171,195,154,3246,484,724,229,552,226,811,269,357,164,94,78,420,200,288,251,1970,416,708,291,972,298,763,264,260,149,725,212,366,184,217,166,1301,363,737,299,231,143,248,93,104,64,0,21,1230,379,661,250,215,130,152,106,147,105,92,90,557,255,492,208,231,160,82,85,39,40,0,21,28,45,28,45,28,45,0,21,0,21,0,21,787,329,383,218,80,85,562,325,367,281,154,223,2347,428,1141,360,203,162,36979,6255,29615,9965,37500,3972,68694,33348,58489,10858,17.7,11.5,34.4,15.8,26.1,11.2,21.8,12.1,22.3,7,17,5.9,25,6.4,11,5.2,2.9,2.5,12.9,6.4,8.9,7.4,60.7,8.8,21.8,8.4,78.5,16.5,26.7,12.2,50.5,21.3,29.9,20.6,56.6,14.4,17.8,10.2,41.9,20.6,0,18.2,53.7,14.6,17.5,11.5,96.7,7.9,60.5,27.8,88.3,15.9,41.5,23.5,65.3,25.6,27.4,31.8,48.6,10.7,8.6,6.5,38.2,12.9,29.6,18,14.6,9.9,5.9,9.3,636,377,133,105,199,126,139,150,165,153,1646,311,280,124,349,176,471,221,150,114,45,55,220,142,131,134,1017,257,351,188,490,186,353,153,101,94,397,156,266,157,163,145,645,230,340,183,87,82,114,67,58,45,0,21,661,249,463,216,157,110,119,94,114,94,92,90,273,169,208,135,87,104,40,51,17,26,0,21,0,21,0,21,0,21,0,21,0,21,0,21,446,194,209,120,40,56,226,157,120,125,67,110,1187,268,628,221,105,106,35172,4978,33977,3051,29471,13696,38607,14702,92917,77986,58918,19903,20.9,15.8,31.3,18.1,21.9,14.8,25.9,15.9,17,7.5,21.2,8.9,28.6,10.5,9.1,7.2,2.7,3.5,13.4,8.5,8,8.2,61.8,10.7,21.3,11.4,72,22.3,20.6,15.8,67,26.9,41.1,29.3,52.7,17.5,13.5,13.6,50.9,24.7,0,33.8,70,15.9,23.8,17.1,95.8,10.6,77.3,26.9,76.2,31.8,31.9,35.6,53.1,32.7,29.6,39.2,52.9,12.4,8.8,8.3,34.2,15.6,37.2,22,8.2,14.3,0,13.3,260,128,26,41,109,102,95,87,30,37,1600,271,444,138,203,103,340,160,207,139,49,50,200,140,157,140,953,271,357,195,482,201,410,196,159,137,328,113,100,77,54,57,656,191,397,187,144,125,134,76,46,46,0,21,569,176,198,110,58,60,33,30,33,30,0,21,284,165,284,165,144,125,42,43,22,30,0,21,28,45,28,45,28,45,0,21,0,21,0,21,341,158,174,118,40,67,336,183,247,170,87,116,1160,214,513,207,98,88,41364,11758,30313,27149,36326,14410,68433,36378,49583,19890,10,16.6,41.9,30.8,36.5,29.4,11.5,14.7,27.8,9.5,12.7,6,21.3,9.2,12.9,8.3,3.1,3.2,12.5,8.6,9.8,8.2,59.6,10.8,22.3,10.9,85.1,14.7,33,22.1,30.5,20.9,16.5,16.9,60.5,19,22,17.6,34.3,34.9,0,30.2,34.8,19.4,10.2,10.7,100,64,0,64,100,16.1,50.7,36.3,73.5,24.2,25.9,28.2,44.2,13.8,8.4,7.2,42.2,16.3,19.1,18.6,19.5,17.3,11.8,18.4
1400000US48113013624,Census Tract 136.24; Dallas County; Texas,275,211,0,15,171,191,11,27,93,99,3477,691,19,30,174,226,489,377,644,399,250,156,1353,373,548,273,3284,656,1901,429,1564,502,1527,502,1192,453,479,139,479,139,294,178,1049,464,1049,464,366,213,385,299,229,195,49,51,1338,458,1338,458,734,345,1125,483,1125,483,521,304,945,331,908,346,390,307,0,15,0,15,0,15,463,237,463,237,424,234,48,68,48,68,48,68,323,282,167,140,26,43,360,221,360,221,279,207,610,327,454,214,301,171,57461,15683,29467,1001,75250,33272,57750,10668,128022,28346,0,16.6,62.2,36.9,4,10.8,33.8,36.3,0.5,0.8,5,6.3,14.1,9.9,18.5,10.2,7.2,4.4,38.9,10.9,15.8,7.7,94.4,7.1,54.7,12.2,97.6,4,76.2,11.1,100,9.9,61.4,27.5,100,4.7,34.9,18.5,59.5,48.5,12.7,18.9,100,3.7,54.9,23.2,100,4.3,46.3,23.8,96.1,7,41.3,25.5,100,12.9,77.5,23.1,74.4,32.8,49.3,27.1,0,22.6,2.9,5.9,0,5.4,2.9,2.9,92,70,0,15,31,36,11,27,50,48,2017,518,19,30,81,94,238,199,400,333,147,132,741,308,391,247,1917,521,1132,339,889,345,852,340,706,322,316,82,316,82,158,97,597,384,597,384,230,183,215,201,152,182,38,48,865,395,865,395,418,204,724,395,724,395,277,172,492,227,455,242,217,199,0,15,0,15,0,15,316,193,316,193,288,192,48,68,48,68,48,68,120,115,57,63,0,15,176,173,176,173,161,171,297,150,234,115,177,98,76078,35579,19261,2405,40375,19536,89679,44114,61398,30965,129107,15387,0,38.3,33.7,29.3,12,23,54.3,39.7,0.9,1.5,4,4.9,11.8,9.2,19.8,14.1,7.3,6.5,36.7,14,19.4,12.2,95,5.9,56.1,14.1,95.8,6.9,79.4,14.9,100,14.6,50,31.5,100,8,38.5,28.5,70.7,47.6,17.7,30.6,100,5.6,48.3,26.2,100,6.7,38.3,26.1,92.5,13.5,44.1,30.1,100,24.4,91.5,19.3,78.8,29.2,59.6,28.8,0,36.7,5.9,12.7,0,8.7,4.9,5.1,183,200,0,15,140,183,0,15,43,72,1460,348,0,15,93,147,251,205,244,121,103,98,612,241,157,88,1367,308,769,259,675,295,675,295,486,262,163,112,163,112,136,102,452,208,452,208,136,87,170,157,77,70,11,17,473,197,473,197,316,194,401,219,401,219,244,188,453,217,453,217,173,138,0,15,0,15,0,15,147,97,147,97,136,91,0,15,0,15,0,15,203,184,110,110,26,43,184,126,184,126,118,98,313,200,220,133,124,89,48185,9376,29079,807,47894,14670,55456,12744,103272,33425,0,23.6,76.5,41.8,0,23.6,23.5,41.8,0,3.4,6.4,9.6,17.2,12.6,16.7,8.8,7.1,6.8,41.9,13.4,10.8,6.1,93.6,9.6,52.7,14.1,100,7.1,72,17,100,25.9,83.4,25.6,100,10.5,30.1,21.4,45.3,53.5,6.5,14.9,100,10,66.8,21.9,100,11.7,60.8,23,100,10.4,38.2,27.9,100,23.5,64.1,32.2,70.3,37.3,39.6,30.4,0,38.1,0,18,0,13.4,0,6.3
1400000US48113013720,Census Tract 137.20; Dallas County; Texas,531,205,12,21,215,114,200,112,104,78,3757,457,444,256,311,151,977,270,819,277,213,94,720,207,273,109,3002,451,993,213,1103,352,926,310,290,112,663,243,505,224,189,131,1083,218,842,203,274,120,908,188,729,186,240,113,2467,401,1951,316,647,153,1285,162,1248,161,576,141,338,199,338,199,159,156,0,21,0,21,0,21,330,97,286,107,102,58,0,21,0,21,0,21,125,100,87,71,33,29,497,249,340,184,52,40,1739,413,1065,340,135,75,44007,9123,31852,10177,45170,11499,59146,9653,75875,15188,2.3,3.9,40.5,17.4,37.7,14.4,19.6,11.8,11.8,6.6,8.3,3.9,26,6.4,21.8,6,5.7,2.4,19.2,5.8,7.3,2.9,79.9,7.3,26.4,6.1,84,10.2,26.3,9.1,76.2,15.9,28.5,17.4,77.7,11,25.3,10.4,80.3,10.8,26.4,10.6,79.1,9.9,26.2,6.4,97.1,2.6,44.8,9.4,100,13.7,47,41.4,68.4,18.6,10.5,7.7,61.2,13.6,7.8,4,16.8,14.5,4.5,5.4,5.5,6.4,6.9,5.9,223,100,0,21,114,76,94,62,15,18,1834,262,175,108,234,118,405,155,350,144,171,78,398,144,101,52,1425,267,499,145,539,196,433,162,129,80,300,142,235,118,102,85,553,177,463,166,167,102,442,118,294,104,101,61,1182,223,896,200,293,100,677,136,643,140,284,99,126,62,126,62,85,82,0,21,0,21,0,21,195,71,173,72,80,49,0,21,0,21,0,21,50,43,39,35,17,25,281,162,191,132,24,27,795,234,442,203,37,38,58150,16775,59286,32210,38846,10344,39280,23955,66528,12135,93333,43403,0,19.9,51.1,23,42.2,22,6.7,8.9,9.5,6.2,12.8,6,22.1,7.3,19.1,6.5,9.3,4.1,21.7,7.8,5.5,2.9,77.7,8.1,27.2,8.1,80.3,14.4,23.9,13.1,78.3,21.5,34,24.8,83.7,11.2,30.2,14.5,66.5,18.4,22.9,13.2,75.8,11,24.8,8.2,95,5.1,41.9,11.9,100,31.6,67.5,38.5,68,21.2,8.5,9.8,55.6,16.9,4.7,4.8,14.4,14.9,0,11.6,4.8,5.6,8.8,10.1,308,146,12,21,101,86,106,77,89,76,1923,302,269,160,77,61,572,155,469,191,42,32,322,126,172,85,1577,264,494,137,564,227,493,217,161,74,363,145,270,130,87,61,530,144,379,105,107,58,466,133,435,115,139,73,1285,253,1055,181,354,96,608,89,605,89,292,79,212,183,212,183,74,94,0,21,0,21,0,21,135,54,113,56,22,25,0,21,0,21,0,21,75,89,48,60,16,26,216,125,149,95,28,32,944,215,623,163,98,71,38986,6779,27619,11790,47330,10408,52813,30921,75375,14208,3.9,6.7,32.8,22.5,34.4,20.4,28.9,19.7,14,7.6,4,3.2,29.7,8,24.4,8.4,2.2,1.7,16.7,6.1,8.9,4.5,82,7.8,25.7,6.5,87.4,11.6,28.5,12.7,74.4,20.7,24,16.7,71.5,14.7,20.2,9.9,93.3,7.1,29.8,11.9,82.1,10.7,27.5,7.4,99.5,0.9,48,11.1,100,20.8,34.9,45.7,69,21.2,13,14.1,66,13.7,10.4,6.8,19.7,16.8,7.7,9,6.3,10.3,5.1,5.5
1400000US48113013725,Census Tract 137.25; Dallas County; Texas,365,169,63,91,94,86,159,111,49,47,3071,496,107,88,84,64,788,290,821,255,270,162,691,265,310,148,2880,498,1001,310,1078,323,1073,323,362,135,658,276,644,272,156,83,862,313,736,284,306,233,473,225,427,225,177,137,2215,455,2086,456,744,282,1507,429,1502,429,629,272,534,221,488,218,178,105,6,10,6,10,0,15,81,73,81,73,62,66,0,15,0,15,0,15,61,44,45,38,0,15,174,130,174,130,17,22,909,262,769,250,126,98,50589,4237,46069,14536,45901,13016,58140,9692,41250,31360,17.3,23.7,25.8,18.9,43.6,24.5,13.4,12.6,3.5,2.9,2.7,2.1,25.7,7.7,26.7,6.9,8.8,5.6,22.5,7.6,10.1,4.5,93.8,3.7,32.6,8.4,99.5,0.9,33.6,12,97.9,4.2,23.7,15,85.4,9.1,35.5,19.5,90.3,15.6,37.4,16.3,94.2,4,33.6,11,99.7,0.6,41.7,15.6,91.4,12.9,33.3,20.7,100,24.6,9.8,16,84.6,10,13.9,10.1,0,22.8,7.1,8.3,13.4,8.1,5.5,4.7,252,163,63,91,67,75,93,90,29,28,1411,325,47,51,65,63,329,201,343,134,139,133,317,164,171,110,1299,323,488,204,464,159,464,159,155,78,413,231,413,231,115,76,368,182,256,153,114,98,166,132,166,132,104,124,1068,288,972,287,407,195,766,266,766,266,391,191,176,95,176,95,51,48,0,15,0,15,0,15,36,43,36,43,27,39,0,15,0,15,0,15,16,27,0,15,0,15,115,76,115,76,3,8,411,162,299,162,16,25,54023,6368,63429,35226,61838,52303,51772,4912,54395,23452,49261,25759,25,31,26.6,23.6,36.9,27.9,11.5,12.7,3.3,3.6,4.6,4.5,23.3,12.7,24.3,9.2,9.9,9,22.5,10.5,12.1,6.9,92.1,5.4,34.6,11.4,100,10.2,33.4,15.4,100,11.4,27.8,19.6,69.6,18.3,31,22.3,100,25.6,62.7,36.3,91,6.7,38.1,14.7,100,6.3,51,20.3,100,24.4,29,25.1,100,33.6,2.6,8.9,72.7,19.2,3.9,5.7,0,34.2,10.6,13.3,1.9,3.5,4.1,6.5,113,70,0,15,27,32,66,60,20,26,1660,285,60,75,19,24,459,176,478,207,131,91,374,186,139,76,1581,275,513,195,614,253,609,255,207,94,245,114,231,110,41,33,494,200,480,199,192,175,307,112,261,105,73,44,1147,261,1114,266,337,184,741,249,736,249,238,174,358,171,312,159,127,78,6,10,6,10,0,15,45,57,45,57,35,55,0,15,0,15,0,15,45,38,45,38,0,15,59,61,59,61,14,18,498,156,470,152,110,89,38827,15638,39931,13064,30922,6401,59680,9963,28315,19071,0,34,23.9,27.1,58.4,32.9,17.7,23.2,3.6,4.4,1.1,1.5,27.7,10.2,28.8,10.5,7.9,5.9,22.5,9.6,8.4,4.8,95.2,4.4,30.9,10.1,99.2,1.6,33.7,15.3,94.3,10.8,16.7,15.1,97.2,4.8,38.9,24.3,85,21.8,23.8,16.4,97.1,3.5,29.4,14.2,99.3,1.3,32.1,19,87.2,18.6,35.5,23.1,100,47.9,23.7,40.5,94.4,7.7,22.1,17.7,0,41.4,4.6,7,22.5,13.6,6.8,6.8
1400000US48113014158,Census Tract 141.58; Dallas County; Texas,368,171,44,49,32,34,266,149,26,40,1952,296,90,73,96,87,616,203,486,161,182,74,299,121,183,101,1766,297,482,165,794,273,775,269,216,125,428,162,353,140,161,98,621,109,529,115,95,47,109,52,109,52,10,15,532,189,476,179,91,51,345,112,320,108,91,51,909,256,825,225,253,129,48,48,19,27,0,15,191,102,174,105,84,54,0,15,0,15,0,15,69,84,69,84,0,15,203,227,203,227,54,88,355,225,324,220,0,15,33611,8266,25323,8709,45975,7078,66154,30881,30750,19037,12,12.6,8.7,9,72.3,19.4,7.1,11.1,4.6,3.7,4.9,4.4,31.6,8.1,24.9,7.6,9.3,4.1,15.3,5.8,9.4,4.8,90.5,5.3,24.7,7.3,97.6,3.7,27.2,12.4,82.5,11.2,37.6,21.9,85.2,9,15.3,8.1,100,34.8,9.2,13.6,89.5,9.7,17.1,10.4,92.8,10.7,26.4,14.9,90.8,9,27.8,13.1,100,21.6,26.6,26.5,91.3,10.9,0,13.1,51.6,34.1,31.7,18.3,17.2,12.1,14.9,11.7,183,120,0,15,15,26,168,111,0,15,916,246,25,38,13,21,350,141,213,123,0,15,229,116,86,64,878,246,315,143,392,225,392,225,142,112,195,97,169,90,121,82,284,87,272,94,52,41,45,2,45,2,0,15,317,97,279,87,80,52,235,70,210,66,80,52,337,133,337,133,134,96,19,27,19,27,0,15,61,52,61,52,47,36,0,15,0,15,0,15,21,34,21,34,0,15,161,196,161,196,54,88,160,103,147,99,0,15,41386,3882,13750,9160,33109,9416,41011,1851,68494,11242,65875,49714,0,23.6,8.2,13.5,91.8,13.5,0,23.6,2.7,4.1,1.4,2.3,38.2,14.3,23.3,10.8,0,5.3,25,10.7,9.4,5.9,95.9,4.8,34.4,11.1,100,12,36.2,16.8,86.7,14.3,62.1,25.7,95.8,7.3,18.3,14.6,100,54.8,0,54.8,88,13.1,25.2,17,89.4,15.2,34,21.6,100,13.8,39.8,23.6,100,26.2,33.5,24.2,91.9,13.5,0,26.3,34.2,51.9,22,19.4,27.7,34.4,3.2,5.6,185,97,44,49,17,23,98,70,26,40,1036,196,65,56,83,86,266,112,273,131,182,74,70,51,97,75,888,177,167,93,402,159,383,156,74,61,233,119,184,94,40,46,337,88,257,73,43,34,64,52,64,52,10,15,215,105,197,105,11,16,110,52,110,52,11,16,572,176,488,136,119,80,29,43,0,15,0,15,130,82,113,83,37,37,0,15,0,15,0,15,48,55,48,55,0,15,42,65,42,65,0,15,195,132,177,133,0,15,28167,6142,18650,9676,47161,7117,24028,17194,22644,16421,23.8,24.6,9.2,11.9,53,30.9,14.1,20.6,6.3,5.6,8,7.8,25.7,8.7,26.4,11.2,17.6,8.2,6.8,4.8,9.4,7.1,85.7,7.9,16.1,8.7,95.3,7.3,18.4,14.5,79,16.5,17.2,21.2,76.3,12.4,12.8,9.6,100,46,15.6,25.3,91.6,14.2,5.1,8.3,100,34.6,10,16.1,85.3,13.4,20.8,14,100,56.8,0,56.8,90.8,16.4,0,22.4,56.1,39.4,44.4,23.1,12.3,14.6,37.1,27.4
1400000US48113014310,Census Tract 143.10; Dallas County; Texas,479,193,72,89,219,109,184,155,4,12,2987,330,341,234,42,37,572,185,660,238,137,63,818,216,417,144,2604,288,1235,244,868,267,797,260,367,155,690,167,577,143,255,100,967,234,816,210,487,188,462,108,414,112,126,63,1343,227,1195,228,537,184,974,221,955,219,478,168,770,245,755,243,312,132,0,15,0,15,0,15,443,178,431,177,317,134,0,15,0,15,0,15,164,115,100,73,11,18,267,209,123,74,58,49,755,272,418,158,90,59,58672,5195,49327,27491,54515,12500,67829,14419,64635,18224,15,17.5,45.7,22.6,38.4,24,0.8,2.4,11.4,7.2,1.4,1.3,19.1,6,22.1,7.5,4.6,2.2,27.4,7.2,14,4.7,87.2,7.3,41.3,7.9,91.8,7.1,42.3,12.6,83.6,13.3,37,12.4,84.4,10,50.4,15.3,89.6,10.7,27.3,12.9,89,8.7,40,11.5,98,2.1,49.1,13.5,98.1,3.6,40.5,14.1,46.1,40.1,21.7,24.4,55.4,19.7,11.9,8.6,0.5,0.4,8.2,8.9,6,5.8,0.6,1.2,226,139,70,89,97,84,59,65,0,15,1523,239,200,138,20,22,323,160,295,172,115,59,411,110,159,67,1303,216,570,128,572,217,525,212,202,105,255,96,219,78,42,33,526,141,400,107,255,97,170,80,159,75,71,43,554,156,465,159,245,116,403,153,403,153,208,105,445,181,445,181,107,65,0,15,0,15,0,15,267,114,267,114,207,93,0,15,0,15,0,15,138,98,82,65,11,18,119,108,44,34,0,15,397,159,177,101,37,42,62454,10733,42014,29457,75536,37378,54907,16573,75441,22172,107625,93790,31,33.5,42.9,28.9,26.1,25.8,0,19.7,13.1,8.3,1.3,1.5,21.2,9.5,19.4,10.4,7.6,4.2,27,7.6,10.4,4.4,85.6,8.5,37.4,8.7,91.8,8.9,35.3,15.5,85.9,20.4,16.5,11.6,76,15.4,48.5,17.3,93.5,11,41.8,25.1,83.9,13.7,44.2,16.3,100,11.7,51.6,21.2,100,10.6,24,14.6,37,41.9,0,32.8,44.6,23.3,9.3,11.1,0.9,0.7,5.6,8.4,0,11.5,1.4,2.5,253,136,2,7,122,84,125,137,4,12,1464,173,141,109,22,22,249,90,365,119,22,19,407,131,258,119,1301,157,665,159,296,117,272,113,165,82,435,124,358,108,213,94,441,118,416,118,232,104,292,79,255,85,55,38,789,152,730,151,292,106,571,137,552,134,270,104,325,112,310,114,205,95,0,15,0,15,0,15,176,80,164,79,110,57,0,15,0,15,0,15,26,31,18,20,0,15,148,106,79,53,58,49,358,151,241,104,53,36,55195,18679,46000,18244,42334,33140,59974,15594,60000,20419,0.8,2.7,48.2,37.8,49.4,37.1,1.6,4.7,9.6,7,1.5,1.5,17,6,24.9,8,1.5,1.3,27.8,8.5,17.6,7.9,88.9,7.1,45.4,9.7,91.9,10.2,55.7,19.5,82.3,17.2,49,18.3,94.3,5.5,52.6,17,87.3,12.3,18.8,13,92.5,6.8,37,11.8,96.7,3.6,47.3,14,95.4,8.6,63.1,18.2,53.4,40.4,39.2,36.2,67.3,20.1,14.8,11,0,25.9,11.6,17.9,12.4,11.5,0,7.2
1400000US48113014406,Census Tract 144.06; Dallas County; Texas,500,144,139,88,285,116,76,58,0,21,2992,448,788,249,377,127,606,183,756,393,120,53,288,78,57,41,1827,462,345,91,737,401,515,382,55,51,900,207,433,152,93,60,986,170,645,178,151,68,369,90,234,79,46,32,1087,220,847,185,227,79,695,187,664,187,191,68,53,58,20,25,9,15,31,50,0,21,0,21,84,60,84,60,69,51,0,21,0,21,0,21,1112,285,495,195,0,21,625,390,381,367,40,35,2073,481,972,447,69,47,30381,7262,27173,9696,43338,3010,86563,24759,77404,35473,27.8,16.1,57,14.7,15.2,11.1,0,9.5,26.3,8.6,12.6,4.2,20.3,6.1,25.3,10.4,4,2,9.6,2.7,1.9,1.4,61.1,9.9,11.5,3.2,69.9,24.6,7.5,8,48.1,13.4,10.3,7.2,65.4,10.6,15.3,7,63.4,17.2,12.5,9.1,77.9,11.4,20.9,8.8,95.5,4,27.5,11.4,37.7,52.5,17,32.6,61,30.5,6.4,6.9,46.9,14.3,3.3,2.2,25.9,10.9,14.9,11.9,4.3,5.3,0,13.5,224,86,69,61,155,83,0,21,0,21,1462,192,413,174,267,112,277,106,258,125,50,30,170,53,27,25,782,156,197,55,217,134,86,62,20,23,570,169,243,110,53,37,515,101,361,110,104,49,160,68,92,40,20,23,522,125,404,105,127,47,331,96,318,96,112,46,33,33,20,25,9,15,17,28,0,21,0,21,35,30,35,30,35,30,0,21,0,21,0,21,606,182,264,122,0,21,249,130,59,44,26,27,1041,206,387,131,41,31,40500,11119,27137,1507,35870,15042,52589,9445,88750,22748,116125,81198,30.8,25.4,69.2,25.4,0,19.9,0,19.9,28.2,10.5,18.3,6.8,18.9,7.6,17.6,8.3,3.4,2.1,11.6,4.1,1.8,1.7,53.5,11.1,13.5,4.3,39.6,32.9,9.2,14.4,42.6,17.4,9.3,7.5,70.1,15,20.2,9.8,57.5,23.6,12.5,14.5,77.4,14.2,24.3,10.1,96.1,6.6,33.8,14.3,60.6,48.5,27.3,40.2,23.7,18.5,10.4,12.1,37.2,12.6,3.9,3.1,17.4,13.1,17.3,15.4,0,14.9,0,22.2,276,113,70,68,130,96,76,58,0,21,1530,386,375,132,110,86,329,122,498,370,70,43,118,43,30,30,1045,387,148,53,520,366,429,376,35,31,330,97,190,70,40,31,471,105,284,111,47,33,209,53,142,52,26,23,565,138,443,131,100,46,364,132,346,133,79,38,20,31,0,21,0,21,14,22,0,21,0,21,49,34,49,34,34,28,0,21,0,21,0,21,506,156,231,112,0,21,376,360,322,361,14,17,1032,397,585,387,28,27,26573,2042,19150,13236,32328,10870,65833,42635,76538,22641,25.4,21.9,47.1,26.1,27.5,20.4,0,16.5,24.5,9.9,7.2,5.7,21.5,8.9,32.5,17.1,4.6,3.2,7.7,3,2,2,68.3,11.1,9.7,3.9,82.5,21.8,6.7,7.9,57.6,20.2,12.1,10,60.3,15.1,10,6.9,67.9,20.8,12.4,12.5,78.4,12.8,17.7,10,95.1,5.4,21.7,12.9,0,82.3,0,82.3,85.6,25.3,3.7,6,56.7,18.8,2.7,2.4,37.9,16.5,12.8,11.2,6.7,8.5,0,28
1400000US48113014501,Census Tract 145.01; Dallas County; Texas,392,157,206,178,47,54,129,91,10,16,3112,839,440,183,482,437,854,405,613,289,147,111,393,156,183,82,2190,662,576,204,582,261,456,215,103,65,765,584,604,577,127,65,1202,219,797,210,197,93,563,262,333,121,149,109,1515,371,1351,333,468,196,1029,320,1019,316,463,198,154,137,150,135,15,18,0,15,0,15,0,15,0,15,0,15,0,15,0,15,0,15,0,15,737,641,206,143,49,49,706,609,483,575,44,33,1924,869,1016,652,98,61,39089,7057,38983,23075,37303,25139,67167,29389,80000,53349,52.6,32.2,12,12.6,32.9,28.5,2.6,4,14.1,6.3,15.5,11.8,27.4,10,19.7,6.8,4.7,3.8,12.6,5.7,5.9,2.7,70.4,14.1,18.5,7.3,78.4,20.7,17.7,10.5,79,22.2,16.6,17.5,66.3,12.1,16.4,7.6,59.1,29.9,26.5,19.3,89.2,7.3,30.9,14.6,99,1.4,45,13.8,97.4,6.4,9.7,15.9,68.4,34.6,6.2,8.8,52.8,21.3,5.1,4.1,9.9,7.9,0,5.7,0.8,1.5,11.1,10.4,152,97,80,121,0,15,72,78,0,15,1629,561,234,106,331,381,412,352,295,157,58,54,247,104,52,42,1064,379,299,117,311,170,267,156,32,29,448,344,321,334,52,32,575,142,361,137,149,81,295,248,115,55,66,50,712,164,616,144,253,104,486,137,483,136,251,105,131,115,127,114,10,15,0,15,0,15,0,15,0,15,0,15,0,15,0,15,0,15,0,15,466,458,87,81,24,40,320,344,234,331,12,19,1007,562,449,361,38,44,55476,15589,34513,20927,55548,29656,58793,20348,68182,55231,98355,50375,52.6,52.6,0,27.4,47.4,52.6,0,27.4,14.4,8.7,20.3,19,25.3,18.8,18.1,9.6,3.6,3.5,15.2,8.2,3.2,2.3,65.3,17.9,18.4,8.7,85.9,20.9,10.3,9.9,71.7,30.6,11.6,13.7,62.8,16.9,25.9,13.7,39,40.8,22.4,26.5,86.5,10.1,35.5,16.5,99.4,1.5,51.6,18.2,96.9,7.8,7.6,15.9,73.1,42.3,3.8,9,44.6,25.6,3.8,4.9,6.4,9,0,11.4,0,13.2,11,12,240,175,126,156,47,54,57,53,10,16,1483,330,206,117,151,111,442,150,318,254,89,79,146,85,131,65,1126,323,277,127,271,151,189,112,71,58,317,250,283,247,75,38,627,142,436,155,48,43,268,87,218,93,83,66,803,235,735,239,215,120,543,209,536,206,212,120,23,28,23,28,5,8,0,15,0,15,0,15,0,15,0,15,0,15,0,15,0,15,0,15,271,201,119,90,25,31,386,287,249,251,32,33,917,349,567,317,60,43,34400,1975,33984,4736,34838,6743,66917,27612,68173,43942,52.5,36.2,19.6,21,23.8,26.5,4.2,7.1,13.9,7.5,10.2,7.3,29.8,10.7,21.4,14.1,6,5.4,9.8,5.7,8.8,4.5,75.9,13.1,18.7,8.6,69.7,26.6,26.2,22.3,89.3,15.2,23.7,24.2,69.5,17.3,7.7,7,81.3,20.8,31,19.9,91.5,8.5,26.8,15,98.7,1.7,39,13.9,100,76.7,21.7,40.6,64.5,35.1,8.3,11.3,61.8,20.6,6.5,5.6,15.4,14.6,0,10.7,1.5,2.9,11.2,12.3
1400000US48113016201,Census Tract 162.01; Dallas County; Texas,472,282,109,103,207,125,156,130,0,15,2411,349,294,173,313,120,886,238,415,215,130,67,261,122,112,90,1804,333,373,165,714,262,442,166,143,102,430,181,348,178,62,51,982,279,746,269,117,91,285,124,268,122,51,45,1176,308,947,248,143,99,509,148,497,147,56,46,341,134,298,117,70,40,0,15,0,15,0,15,63,65,63,65,39,52,0,15,0,15,0,15,465,238,197,166,30,42,366,181,299,175,91,85,1441,274,889,210,154,117,45108,12275,39659,10336,39095,19755,46969,9681,56525,9789,23.1,17.6,43.9,17.7,33.1,13.3,0,10,12.2,6.7,13,4.9,36.7,10.2,17.2,7.6,5.4,2.6,10.8,4.9,4.6,3.8,74.8,9.2,15.5,6.7,61.9,20.1,20,14.5,80.9,16.6,14.4,11.3,76,12.3,11.9,8.4,94,9.3,17.9,13.1,80.5,7.6,12.2,7.5,97.6,3.8,11,9.6,87.4,18.5,20.5,12.1,81.7,17.5,24.9,19.6,61.7,13.9,10.7,8.1,8.9,11.9,8.1,6.1,5.3,9.1,0.8,0.8,209,143,0,15,147,114,62,79,0,15,1136,228,149,109,162,100,433,152,175,128,25,24,122,77,70,81,825,205,192,104,256,157,147,85,32,35,270,113,201,106,34,31,498,173,382,167,88,83,112,68,95,62,38,39,493,154,352,128,102,68,215,89,203,85,56,46,152,70,152,70,23,27,0,15,0,15,0,15,0,15,0,15,0,15,0,15,0,15,0,15,260,147,128,102,11,20,231,140,193,139,56,67,744,194,445,170,88,83,46623,6228,45778,17499,46793,5631,50870,28296,32727,14919,56994,21691,0,21.1,70.3,32.1,29.7,32.1,0,21.1,13.1,9.2,14.3,7.9,38.1,13.2,15.4,9.9,2.2,2.1,10.7,6.9,6.2,7,72.6,13,16.9,9.1,57.4,37.4,12.5,16.8,74.4,21.5,12.6,10.6,76.7,14.8,17.7,14.9,84.8,22,33.9,28.8,71.4,14.3,20.7,12.4,94.4,8.7,26,22.4,100,27.4,15.1,15.9,83.5,16.7,24.2,25.9,59.8,18.8,11.8,10.9,2.3,4.8,9.2,7.5,0,21.9,1.6,1.6,263,167,109,103,60,53,94,103,0,15,1275,181,145,83,151,99,453,176,240,121,105,66,139,94,42,42,979,186,181,101,458,148,295,133,111,84,160,81,147,79,28,35,484,142,364,123,29,27,173,82,173,82,13,20,683,200,595,171,41,68,294,110,294,110,0,15,189,98,146,60,47,34,0,15,0,15,0,15,63,65,63,65,39,52,0,15,0,15,0,15,205,97,69,77,19,23,135,64,106,62,35,37,697,129,444,115,66,75,38185,8652,36279,8993,38405,18094,53403,9977,"-2,500",***,41.4,29.6,22.8,19.9,35.7,28.9,0,17.2,11.4,6.1,11.8,7.9,35.5,13.4,18.8,8.8,8.2,4.9,10.9,7.2,3.3,3.3,76.8,8.8,14.2,7.7,64.4,19.3,24.2,18.6,91.9,12.8,17.5,23.3,75.2,15,6,5.4,100,24.7,7.5,10.9,87.1,6.1,6,9.8,100,15.6,0,15.6,77.2,29.2,24.9,18.6,78.5,25.1,25.9,22.7,63.7,14.4,9.5,10.9,15.9,20.9,7.1,7.8,8.4,13.7,0,23.8
1400000US48113016409,Census Tract 164.09; Dallas County; Texas,315,101,33,56,218,93,64,68,0,15,2689,368,150,72,53,47,660,233,624,184,229,131,559,151,414,216,2486,363,973,255,426,181,419,178,157,108,482,149,429,154,103,99,1217,214,1100,205,480,219,564,82,538,86,233,65,1187,308,1147,292,502,208,1019,285,1007,278,487,207,719,202,719,202,273,119,18,27,0,15,0,15,161,107,161,107,105,72,0,15,0,15,0,15,51,40,51,40,0,15,553,260,408,234,93,62,721,242,548,232,74,56,67135,15915,68750,33061,58736,6308,84269,13868,77094,14785,10.5,17.4,69.2,25,20.3,19.1,0,14.6,5.6,2.6,2,1.8,24.5,7.2,23.2,5.9,8.5,5.1,20.8,4.7,15.4,8.2,92.5,3,36.2,8.5,98.4,2.6,36.9,20.6,89,8.9,21.4,18.7,90.4,6,39.4,14.7,95.4,5.3,41.3,12.1,96.6,2.6,42.3,12.3,98.8,1.3,47.8,13.2,100,6.7,38,17.1,73.8,14.8,16.8,9.5,76,11.4,10.3,6.5,0,21.6,11.8,12,7.2,8.1,0,5,281,90,33,56,184,93,64,68,0,15,1173,204,36,41,45,43,389,165,262,115,135,81,228,86,78,44,1092,217,306,91,137,88,130,87,41,43,217,121,197,123,14,23,547,112,501,129,87,51,272,65,264,68,164,51,585,179,553,167,236,77,466,158,454,150,229,76,331,118,331,118,29,33,8,13,0,15,0,15,67,47,67,47,11,19,0,15,0,15,0,15,22,24,22,24,0,15,160,97,119,95,30,31,275,96,214,110,13,21,73041,12218,75650,29160,72802,50882,66809,16937,103182,22106,61458,30856,11.7,19.7,65.5,28.9,22.8,22.2,0,16.2,3.1,3.6,3.8,3.8,33.2,10.3,22.3,9.2,11.5,7.1,19.4,6.6,6.6,3.9,93.1,4.2,26.1,7.2,94.9,8.8,29.9,28.5,90.8,14.3,6.5,10.7,91.6,9,15.9,10.2,97.1,4.9,60.3,15.8,94.5,4.8,40.3,12.4,97.4,2.8,49.1,15.2,100,14,8.8,10.1,74.4,28.6,18.8,19.1,77.8,18.6,4.7,7.4,0,40.9,20.1,19.4,0,11.8,0,15,34,41,0,15,34,41,0,15,0,15,1516,264,114,59,8,14,271,122,362,151,94,75,331,129,336,209,1394,240,667,241,289,169,289,169,116,101,265,108,232,104,89,89,670,206,599,191,393,216,292,52,274,54,69,45,602,208,594,207,266,178,553,202,553,202,258,178,388,103,388,103,244,123,10,15,0,15,0,15,94,72,94,72,94,72,0,15,0,15,0,15,29,29,29,29,0,15,393,226,289,189,63,58,446,217,334,183,61,58,61875,22923,68125,23359,55437,19073,83561,3876,77982,3767,0,63.1,100,63.1,0,63.1,0,63.1,7.5,3.5,0.5,0.9,17.9,7.8,23.9,9.3,6.2,5.3,21.8,7.2,22.2,13.2,92,3.5,44,13,100,15.8,40.1,24.7,87.5,14.4,33.6,28.3,89.4,9.5,58.7,19.8,93.8,6.8,23.6,15.4,98.7,2.3,44.2,18.3,100,8.6,46.7,19.3,100,12.1,62.9,29,73.5,11.9,16,9.3,74.9,10.4,13.7,9.1,0,32.3,0,16.8,13.4,13.7,0,7.2
1400000US48113016516,Census Tract 165.16; Dallas County; Texas,258,89,0,21,85,59,139,88,34,32,3647,527,450,167,562,204,1025,348,763,232,320,155,366,103,161,87,2635,465,527,133,805,404,690,389,119,75,516,155,284,111,55,44,1133,220,874,203,194,77,1193,280,787,207,159,64,1622,439,1367,437,357,116,1130,408,1003,410,265,98,796,230,719,222,41,36,0,21,0,21,0,21,195,128,195,128,103,90,0,21,0,21,0,21,741,290,205,107,14,24,293,208,149,96,12,12,1428,358,620,193,118,64,38851,4365,41804,4374,41523,16413,56359,14195,42411,13196,0,17.5,32.9,22.3,53.9,24.8,13.2,12.4,12.3,4.5,15.4,4.9,28.1,7,20.9,5.7,8.8,4.2,10,3.4,4.4,2.4,72.3,7,14.5,4.4,85.7,11.3,14.8,12,55,17.7,10.7,9.2,77.1,9.4,17.1,7.2,66,13.1,13.3,5.4,84.3,7.4,22,7.9,88.8,7.8,23.5,10.3,90.3,6.9,5.2,4.4,50.9,21.8,4.1,4.7,43.4,10.5,8.3,4.8,13.5,10.4,4.2,4.3,12.3,6.7,10.8,13.9,183,87,0,21,85,59,98,81,0,21,1759,286,166,91,409,172,453,180,356,185,105,68,181,85,89,64,1184,236,270,106,345,181,285,172,43,48,323,125,164,100,40,43,594,151,383,137,77,44,497,154,352,130,110,68,826,235,708,230,176,90,635,219,569,219,152,89,359,155,304,154,30,36,0,21,0,21,0,21,76,65,76,65,64,60,0,21,0,21,0,21,332,134,65,43,0,21,166,142,31,41,0,21,663,195,209,91,24,28,39860,5784,26441,14439,42578,16877,58213,24338,73292,27240,56688,24484,0,23.6,46.4,31.2,53.6,31.2,0,23.6,9.4,5.2,23.3,8.5,25.8,9.1,20.2,9.7,6,3.7,10.3,5.2,5.1,3.7,67.3,9,15.3,6.6,82.6,17.2,12.5,14.1,50.8,25,12.4,15.2,64.5,15.4,13,7.8,70.8,16.6,22.1,14.9,85.7,9.2,21.3,10.1,89.6,9.3,23.9,13.3,84.7,13.9,8.4,9.8,18.7,30.6,0,25.6,31.5,13.7,3.6,4.1,8.5,10.2,0,10.7,6.5,7.6,13.2,16.8,75,43,0,21,0,21,41,36,34,32,1888,346,284,156,153,93,572,302,407,135,215,144,185,71,72,41,1451,310,257,80,460,243,405,231,76,51,193,88,120,55,15,15,539,139,491,139,117,54,696,242,435,166,49,40,796,249,659,240,181,74,495,230,434,228,113,56,437,131,415,135,11,17,0,21,0,21,0,21,119,88,119,88,39,35,0,21,0,21,0,21,409,209,140,89,14,24,127,94,118,88,12,12,765,223,411,128,94,54,35518,9811,40980,5487,30368,27171,48929,9687,26591,10306,0,42.5,0,42.5,54.7,34.4,45.3,34.4,15,7.6,8.1,4.5,30.3,12.5,21.6,7.8,11.4,7.6,9.8,4.3,3.8,2.3,76.9,9.8,13.6,5.1,88,13.2,16.5,15.2,62.2,22.6,7.8,8.2,91.1,8.3,21.7,10.1,62.5,18.7,7,6.2,82.8,9.7,22.7,10.7,87.7,10.6,22.8,14.9,95,8.5,2.5,4.1,92.9,10.7,9.4,11.1,53.7,16,12.3,7.9,20.1,17.5,7.7,6.8,16.2,9.8,8.2,11.9
1400000US48113016618,Census Tract 166.18; Dallas County; Texas,290,161,115,77,41,45,123,113,11,18,3435,463,42,36,230,104,822,277,960,286,195,80,796,309,390,143,3163,467,1186,348,716,291,716,291,207,217,675,197,512,175,262,135,1330,294,1273,294,505,173,714,154,662,157,212,80,837,267,649,236,189,103,601,239,507,205,176,101,2016,382,1946,378,727,211,0,15,0,15,0,15,23,27,17,21,0,15,0,15,0,15,0,15,198,157,190,156,0,15,361,245,361,245,270,238,471,165,369,153,93,97,55686,6198,65066,41536,55357,7417,56719,22658,73690,15046,39.7,24.6,14.1,14.4,42.4,25.4,3.8,6.2,1.2,1,6.7,3.1,23.9,7,27.9,6.9,5.7,2.2,23.2,8.1,11.4,4.6,92.1,3.4,34.5,9.5,100,6.7,28.9,27.1,75.9,11.2,38.8,16.5,95.7,3.6,38,12.8,92.7,5.5,29.7,12.6,77.5,10,22.6,11.1,84.4,10,29.3,14.8,96.5,2.6,36.1,11.5,100,12.9,74.8,22.9,78.3,15.5,19.7,18.9,11.5,10.3,7.7,8.1,1.1,1.9,3.2,4.6,158,84,89,70,20,38,49,42,0,15,1556,352,0,15,131,70,419,157,415,234,54,50,352,186,185,115,1425,352,537,218,325,215,325,215,104,156,341,97,255,91,125,72,624,203,606,212,197,105,266,78,239,77,111,54,451,166,355,153,127,71,336,147,303,139,114,69,892,300,861,304,292,141,0,15,0,15,0,15,5,9,5,9,0,15,0,15,0,15,0,15,52,49,48,48,0,15,156,120,156,120,118,123,193,78,126,75,13,20,57634,4134,42841,5041,69142,3500,55583,8694,58527,6367,101250,93279,56.3,31.6,12.7,22.3,31,25.7,0,26.6,0,3.2,8.4,4.8,26.9,9.1,26.7,11.7,3.5,2.9,22.6,10.7,11.9,8,91.6,4.8,34.5,13.3,100,14.2,32,37.9,74.8,15.2,36.7,18.2,97.1,4.8,31.6,18.1,89.8,10.4,41.7,20,78.7,12.4,28.2,12.5,90.2,8.6,33.9,15.6,96.5,4,32.7,18.1,100,26.9,75.6,29.5,65.3,26,6.7,10.1,19.2,21.4,14.9,14,0,10.1,6.9,10.3,132,119,26,33,21,24,74,102,11,18,1879,243,42,36,99,65,403,183,545,203,141,58,444,171,205,86,1738,252,649,196,391,146,391,146,103,85,334,128,257,125,137,90,706,160,667,155,308,131,448,174,423,171,101,60,386,143,294,125,62,51,265,137,204,113,62,51,1124,236,1085,228,435,180,0,15,0,15,0,15,18,22,12,19,0,15,0,15,0,15,0,15,146,134,142,133,0,15,205,140,205,140,152,135,278,111,243,110,80,92,48487,12138,40735,17315,49868,17139,43203,16148,73095,18369,19.7,27.8,15.9,20.6,56.1,43.9,8.3,14.9,2.2,1.9,5.3,3.5,21.4,9,29,9.6,7.5,3.2,23.6,8.6,10.9,4.6,92.5,4.1,34.5,9.7,100,12,26.3,22.7,76.9,16.4,41,21.5,94.5,4.9,43.6,14.9,94.4,5.3,22.5,13.2,76.2,14.2,16.1,12.6,77,17,23.4,17.8,96.5,3.7,38.7,13,100,21.4,74.1,25.7,87.4,14,28.8,26.9,4.5,8.7,0,12.3,1.9,3,0,7.6
1400000US48113016623,Census Tract 166.23; Dallas County; Texas,1330,531,13,24,748,494,406,410,163,225,4511,561,134,111,190,152,1115,332,1090,307,271,218,991,333,720,441,4187,532,1711,459,1143,492,1007,470,567,427,1341,362,1281,367,612,247,1481,278,1427,274,459,193,546,160,472,160,73,46,1102,430,1001,412,406,240,807,274,792,276,320,174,2651,505,2614,496,1278,429,0,21,0,21,0,21,0,21,0,21,0,21,0,21,0,21,0,21,221,191,98,107,0,21,537,312,474,324,27,38,917,337,667,335,94,146,57187,4853,39893,4054,46250,22556,80507,12325,70666,4738,1,1.8,56.2,37.9,30.5,24.9,12.3,14.2,3,2.4,4.2,3.3,24.7,7.6,24.2,6.6,6,4.5,22,6.6,16,9.4,92.8,5.2,37.9,8.3,88.1,14.5,49.6,22.7,95.5,6.3,45.6,15.7,96.4,5.3,31,11,86.4,13.8,13.4,8.5,90.8,10.6,36.8,11.6,98.1,3.4,39.7,13,98.6,2.3,48.2,11.9,88.3,15.8,5,7.1,72.7,23.4,10.3,13.5,5.2,9.6,15,14.9,12,9,1.8,3.2,526,262,0,21,300,164,63,83,163,225,2103,354,114,107,73,89,631,250,462,181,171,147,299,162,353,238,1916,348,652,266,498,267,442,260,258,242,525,206,465,189,104,81,803,204,769,210,256,161,277,117,240,108,34,35,522,210,463,202,138,100,383,146,368,150,138,100,1190,319,1190,319,514,256,0,21,0,21,0,21,0,21,0,21,0,21,0,21,0,21,0,21,140,125,75,97,0,21,251,145,188,157,0,21,460,167,310,169,0,21,58096,7602,44202,35806,39329,2729,56647,9696,82482,7074,66817,4888,0,9.1,57,36.7,12,14.4,31,33.3,5.4,4.9,3.5,4.1,30,11.8,22,8.5,8.1,6.6,14.2,7.4,16.8,10,91.1,6.7,31,10.1,88.8,16,51.8,32.6,88.6,14.7,19.8,14.9,95.8,5.6,31.9,15.3,86.6,15.3,12.3,12.4,88.7,12.3,26.4,15.5,96.1,7.2,36,18.9,100,4.1,43.2,15.7,74.9,32.6,0,18,67.4,26.4,0,10.3,4.8,8.9,3.3,5.6,14.7,16.2,4.8,8.3,804,346,13,24,448,366,343,367,0,21,2408,325,20,37,117,113,484,183,628,209,100,103,692,273,367,265,2271,316,1059,278,645,264,565,248,309,232,816,264,816,264,508,220,678,173,658,165,203,147,269,102,232,95,39,39,580,250,538,243,268,212,424,172,424,172,182,143,1461,366,1424,345,764,255,0,21,0,21,0,21,0,21,0,21,0,21,0,21,0,21,0,21,81,86,23,33,0,21,286,190,286,190,27,38,457,201,357,202,94,146,56783,7783,43341,13819,33911,15295,69419,24668,71632,12761,1.6,3,55.7,40.4,42.7,40.4,0,6,0.8,1.6,4.9,4.6,20.1,7.8,26.1,7.9,4.2,4.2,28.7,9.9,15.2,11.1,94.3,4.8,44,9.7,87.6,14.7,47.9,23.4,100,5.9,62.3,17.2,97.1,5.3,29.9,18.4,86.2,21.2,14.5,13.7,92.8,9.7,46.2,21,100,11.1,42.9,21.7,97.5,4,52.3,13,100,16,9.4,13.1,78.1,22.5,20.6,26.2,5.8,11.6,30.2,27.7,9.8,9.9,0,4.6
1400000US48113016630,Census Tract 166.30; Dallas County; Texas,437,224,16,26,182,137,225,153,14,24,3941,692,290,254,52,46,931,300,1315,348,310,147,494,206,549,285,3599,582,1043,335,788,359,788,359,256,224,1118,438,1080,435,296,258,1267,252,1180,264,314,154,768,372,551,171,177,133,901,622,686,368,31,37,329,162,329,162,31,37,2679,616,2658,611,950,342,0,21,0,21,0,21,0,21,0,21,0,21,15,25,15,25,0,21,188,114,106,90,45,54,158,126,134,112,17,36,874,512,553,301,62,64,58430,5591,55482,36529,51736,15442,87743,33211,70511,50479,3.7,6.5,41.6,21,51.5,21.2,3.2,6.5,7.4,5.9,1.3,1.2,23.6,6,33.4,7.7,7.9,3.6,12.5,5.3,13.9,6.9,91.3,5.7,26.5,8,100,6.1,32.5,25.8,96.6,3.1,26.5,19.2,93.1,6.7,24.8,12.2,71.7,27.8,23,20.7,76.1,18.9,3.4,5.6,100,14.1,9.4,11.8,99.2,1,35.5,10.6,84.8,18.7,10.8,20,63.3,13.2,7.1,11.9,3.5,8.3,3.5,4.2,5,4.6,0,4.7,246,189,16,26,111,93,119,105,0,21,2102,381,197,183,31,40,565,239,793,274,32,41,289,163,195,164,1874,345,484,213,434,264,434,264,129,155,621,304,596,303,167,182,601,209,535,216,84,67,446,204,309,114,104,77,472,297,316,160,31,37,166,103,166,103,31,37,1458,385,1458,385,431,213,0,21,0,21,0,21,0,21,0,21,0,21,0,21,0,21,0,21,95,60,47,44,13,21,77,73,53,65,9,19,469,256,241,139,22,28,59190,6369,40119,21102,65016,19669,47469,21677,59803,42190,66741,41134,6.5,13.6,45.1,13,48.4,14.1,0,18.3,9.4,8.3,1.5,2,26.9,9.5,37.7,11.8,1.5,2,13.7,7.6,9.3,8,89.2,7.9,23,10.2,100,10.9,29.7,31.8,96,5.2,26.9,25,89,10.8,14,12,69.3,35.6,23.3,20.3,66.9,28.5,6.6,9.7,100,25.6,18.7,22.8,100,3.4,29.6,14.5,68.8,44.7,11.7,21.8,51.4,21.9,4.7,8.8,5.3,12.3,3.5,5.1,1.6,2.8,0,9.8,191,143,0,21,71,106,106,116,14,24,1839,382,93,74,21,28,366,161,522,201,278,142,205,125,354,221,1725,346,559,241,354,179,354,179,127,113,497,235,484,239,129,189,666,159,645,163,230,132,322,188,242,121,73,67,429,351,370,274,0,21,163,115,163,115,0,21,1221,293,1200,291,519,245,0,21,0,21,0,21,0,21,0,21,0,21,15,25,15,25,0,21,93,61,59,51,32,40,81,73,81,73,8,17,405,276,312,215,40,43,56875,25838,22366,15290,56379,16854,100170,36758,89477,53928,0,22.8,37.2,47.2,55.5,47.4,7.3,14.5,5.1,3.7,1.1,1.5,19.9,7.7,28.4,10,15.1,6.9,11.1,6.9,19.2,10.9,93.8,4.1,30.4,11.8,100,13.1,35.9,27.7,97.4,6.2,26,28.9,96.8,5.1,34.5,17.8,75.2,19.3,22.7,23.8,86.2,12.1,0,11,100,25.9,0,25.9,98.3,2.2,42.5,14.9,100,40.9,9.9,19.1,77,10.4,9.9,17.2,0,33.8,3.6,7,8.5,8.7,0,8.6
1400000US48113016803,Census Tract 168.03; Dallas County; Texas,310,202,50,46,208,143,52,68,0,21,3593,440,155,129,269,190,1316,343,683,234,224,133,694,271,252,119,3169,410,946,300,809,305,809,305,423,255,672,237,606,243,81,76,1547,353,1238,338,357,180,565,208,516,202,85,69,1226,371,1034,341,303,135,958,352,891,325,254,128,1912,430,1744,381,521,238,0,21,0,21,0,21,32,38,32,38,32,38,0,21,0,21,0,21,81,75,81,75,0,21,342,199,278,183,90,97,566,223,410,178,139,114,37473,8939,34833,16608,38580,11697,76939,33808,60625,42831,16.1,15.4,67.1,16.3,16.8,16.1,0,14.9,4.3,3.6,7.5,5.1,36.6,8.7,19,6.3,6.2,3.5,19.3,7.2,7,3.3,88.2,5.1,26.3,7.7,100,6,52.3,22.2,90.2,9.9,12.1,11.5,80,11.6,23.1,10,91.3,9.4,15,12.4,84.3,9.3,24.7,10.6,93,6.9,26.5,12.8,91.2,8.2,27.2,11.6,81.3,22,26.3,29.9,72.4,18.3,24.6,18.5,24.8,23,14,11,8.1,8,9.5,11.1,190,164,50,46,88,92,52,68,0,21,1447,288,77,68,182,190,398,155,434,187,104,79,168,129,84,65,1188,280,252,152,195,132,195,132,84,102,189,106,128,73,30,29,853,262,659,231,124,85,210,117,206,115,14,27,510,190,432,173,73,64,362,171,329,155,55,51,692,270,544,245,114,110,0,21,0,21,0,21,11,18,11,18,11,18,0,21,0,21,0,21,19,30,19,30,0,21,215,128,182,128,54,66,295,130,234,127,72,71,42243,18591,27090,22248,46842,15457,40515,16127,88135,61096,128333,56940,26.3,28.8,46.3,20.5,27.4,19.6,0,22.9,5.3,4.8,12.6,12.8,27.5,10.1,30,11.9,7.2,5.5,11.6,7.9,5.8,4.5,82.1,11.4,17.4,9.2,100,22.4,43.1,38.9,67.7,23.7,15.9,14.7,77.3,19.8,14.5,9.5,98.1,3.7,6.7,13.5,84.7,11.2,14.3,11.8,90.9,12.4,15.2,14.7,78.6,23.1,16.5,14.1,84.7,20.4,25.1,34.1,79.3,18,24.4,21.9,17.6,28.9,5.6,8.6,3.8,4.6,4.6,9.1,120,94,0,21,120,94,0,21,0,21,2146,301,78,75,87,62,918,288,249,134,120,108,526,201,168,104,1981,304,694,223,614,233,614,233,339,187,483,245,478,245,51,79,694,199,579,182,233,150,355,170,310,163,71,68,716,226,602,223,230,132,596,226,562,223,199,133,1220,303,1200,301,407,176,0,21,0,21,0,21,21,25,21,25,21,25,0,21,0,21,0,21,62,69,62,69,0,21,127,92,96,76,36,44,271,124,176,87,67,57,35477,9684,24130,7946,36841,20738,76148,47239,32230,23545,0,32.7,100,32.7,0,32.7,0,32.7,3.6,3.5,4.1,2.9,42.8,11.7,11.6,5.9,5.6,4.7,24.5,9.3,7.8,4.9,92.3,3.9,32.3,10.3,100,7.8,55.2,22.5,99,2.4,10.6,16.4,83.4,9.1,33.6,18.3,87.3,14.3,20,18.2,84.1,11.7,32.1,15.1,94.3,9.4,33.4,17.5,98.4,2.2,33.4,14.7,75.6,26.4,28.3,30.7,64.9,22.4,24.7,20.8,36,32.7,17.4,13.9,14.6,17.3,11.2,14.3
1400000US48113017808,Census Tract 178.08; Dallas County; Texas,218,109,14,21,91,113,74,61,39,54,3026,371,119,73,256,128,799,196,626,142,317,116,522,237,387,171,2651,315,909,276,643,190,602,191,164,124,324,137,289,117,62,44,1079,246,933,216,310,161,980,267,827,221,373,155,1888,317,1731,258,489,172,1559,313,1452,261,450,165,280,250,280,250,169,222,9,15,9,15,0,15,256,152,256,152,178,133,0,15,0,15,0,15,260,213,157,123,21,25,333,136,218,104,52,48,828,211,603,172,85,63,40984,4105,28661,25636,39413,4782,62713,15546,76082,17958,6.4,10.4,41.7,37.7,33.9,27.7,17.9,24.1,3.9,2.4,8.5,3.8,26.4,5.6,20.7,5.1,10.5,3.9,17.3,7.3,12.8,5.3,87.6,4.2,30,7.8,93.6,7.1,25.5,17.5,89.2,11.4,19.1,12.8,86.5,9.2,28.7,12.3,84.4,8.4,38.1,13.3,91.7,5.1,25.9,8.2,93.1,4.5,28.9,8.5,100,16.3,60.4,34.8,65.5,14.7,15.6,14.5,72.8,10.9,10.3,7.8,0,12.5,12,12.4,10.6,6.9,5.5,5.4,162,103,4,12,91,113,28,32,39,54,1461,207,38,46,193,102,416,142,239,101,151,90,223,131,201,86,1230,181,424,144,313,145,272,151,96,115,187,117,166,95,28,32,517,144,427,132,81,44,444,148,365,115,219,85,952,202,827,167,221,94,793,196,704,164,221,94,112,135,112,135,53,118,0,15,0,15,0,15,140,76,140,76,108,67,0,15,0,15,0,15,110,110,63,72,12,19,147,75,88,53,30,27,379,154,253,124,31,29,44489,8986,49303,4742,37917,22740,44479,16814,68730,12829,74625,67499,2.5,7.3,56.2,40.6,17.3,22.8,24.1,32.8,2.6,3.1,13.2,6.4,28.5,9,16.4,7,10.3,6,15.3,8.4,13.8,5.9,84.2,7.3,29,9.1,86.9,15.7,30.7,28.7,88.8,17.4,15,17.1,82.6,12.4,15.7,9,82.2,12.9,49.3,19,86.9,9.4,23.2,9.3,88.8,8.5,27.9,9.9,100,34.2,47.3,52.7,59.9,26.4,20.4,19.5,66.8,17.8,8.2,7.9,0,19.3,15.1,20.3,8.7,8.7,7.8,9.3,56,45,10,16,0,15,46,43,0,15,1565,217,81,58,63,51,383,145,387,110,166,68,299,147,186,121,1421,206,485,181,330,107,330,107,68,63,137,78,123,73,34,30,562,163,506,155,229,148,536,151,462,138,154,95,936,161,904,156,268,116,766,162,748,159,229,104,168,134,168,134,116,130,9,15,9,15,0,15,116,90,116,90,70,80,0,15,0,15,0,15,150,118,94,69,9,16,186,81,130,75,22,26,449,115,350,102,54,56,38730,10946,16419,14854,38689,8127,58620,23961,77069,47741,17.9,32.7,0,49.2,82.1,32.7,0,49.2,5.2,3.6,4,3.1,24.5,8.4,24.7,7.2,10.6,4.5,19.1,9,11.9,7.2,90.8,4.5,31,10,100,14,20.6,18.3,89.8,16.5,24.8,21.7,90,8.5,40.7,19.1,86.2,11.4,28.7,15.2,96.6,2.9,28.6,11.5,97.7,2.6,29.9,12.3,100,25.3,69,37,69.9,22.8,11.8,13.6,78,11,12,12.2,0,28.6,8.6,12.4,11.9,10.1,3.5,6.1
1400000US48113017811,Census Tract 178.11; Dallas County; Texas,477,152,178,115,116,84,120,65,63,63,3467,658,219,194,149,80,827,276,693,239,369,176,778,380,432,149,3099,642,1210,402,636,214,587,218,359,178,642,221,600,232,166,134,1034,301,917,294,341,237,1155,308,995,320,344,174,2125,574,1929,521,737,313,1820,491,1772,487,710,315,384,171,334,205,162,134,18,16,18,16,0,21,399,315,320,279,228,217,0,21,0,21,0,21,151,112,143,110,0,21,390,163,355,168,83,74,844,196,653,167,110,70,58958,12436,47048,14566,65655,15574,72685,23194,78889,10873,37.3,17.9,24.3,13.6,25.2,13.8,13.2,14.4,6.3,5.4,4.3,2.5,23.9,7.4,20,4.9,10.6,5,22.4,8.4,12.5,4.7,89.4,5.6,34.9,8.2,92.3,7.4,56.4,22.2,93.5,7.8,25.9,14.3,88.7,7.8,33,17.1,86.1,13.1,29.8,11.7,90.8,6.8,34.7,9.5,97.4,2.4,39,10.7,87,17.5,42.2,17.6,91,13.2,21.3,16.3,77.4,15.5,13,9.8,22.7,23.1,2.1,3.1,1.5,1.8,6.2,7.2,242,84,49,40,90,77,40,39,63,63,1624,337,123,106,30,34,477,176,323,134,219,122,337,198,115,54,1471,319,452,201,242,161,228,159,139,142,375,136,375,136,52,49,405,106,369,106,63,42,602,170,499,160,198,135,899,224,798,200,295,139,764,183,741,182,271,138,169,89,166,89,22,32,5,7,5,7,0,21,256,229,211,214,135,150,0,21,0,21,0,21,98,83,94,83,0,21,197,91,197,91,0,21,430,114,348,99,24,26,65385,14071,34327,23478,46809,23305,77917,13149,59750,57547,82917,33714,20.2,15.8,37.2,24,16.5,15.7,26,27.7,7.6,6.2,1.8,2.1,29.4,9.9,19.9,6.8,13.5,7.6,20.8,9.7,7.1,3.5,90.6,6.1,27.8,9.2,94.2,10.2,57.4,31.5,100,12.5,13.9,13.1,91.1,8.7,15.6,10.6,82.9,14,32.9,18.5,88.8,8.4,32.8,12.2,97,3.8,35.5,13.9,98.2,4,13,18.4,100,22.2,0,22.2,80.9,16,5.6,5.6,0,29.7,1.7,2.6,1.7,2.9,7.8,9.5,235,117,129,109,26,32,80,61,0,21,1843,387,96,90,119,75,350,138,370,184,150,103,441,266,317,131,1628,391,758,296,394,161,359,162,220,141,267,135,225,130,114,122,629,244,548,237,278,220,553,172,496,185,146,69,1226,388,1131,366,442,254,1056,340,1031,338,439,254,215,123,168,146,140,126,13,14,13,14,0,21,143,106,109,90,93,80,0,21,0,21,0,21,53,45,49,43,0,21,193,83,158,81,83,74,414,97,305,84,86,74,52547,13792,51607,30482,38447,24197,73426,21569,78333,12140,54.9,31.5,11.1,15.3,34,24,0,19,5.2,4.9,6.5,4.3,19,7.8,20.1,8.6,8.1,5.1,23.9,11.6,17.2,7.3,88.3,6.3,41.1,11.8,91.1,12.1,55.8,26,84.3,16.7,42.7,30,87.1,10.9,44.2,22.9,89.7,13,26.4,13.1,92.3,6.4,36.1,14.4,97.6,2.5,41.6,16.2,78.1,27.6,65.1,29,81.9,23.8,43,33.1,73.7,17.4,20.8,20.3,38.1,31,2.7,5,1.4,2.3,5.3,6.4
1400000US48113017814,Census Tract 178.14; Dallas County; Texas,396,212,0,15,185,109,170,130,41,30,3321,381,86,98,220,158,859,220,826,223,280,142,633,173,417,121,3015,324,1050,211,540,240,508,230,157,92,675,151,611,122,248,112,1296,174,1180,173,504,160,810,186,716,169,141,65,1758,393,1621,370,503,173,1468,335,1394,336,488,174,717,228,717,228,167,128,102,121,53,63,0,15,491,241,391,181,276,127,0,15,0,15,0,15,47,40,47,40,28,27,206,208,186,193,76,81,611,187,479,149,102,75,48209,3159,39681,4255,47440,2975,63182,20290,71852,7664,0,11.8,46.7,13.3,42.9,16.2,10.4,9,2.6,2.8,6.6,4.5,25.9,5.9,24.9,5.7,8.4,4.2,19.1,5.5,12.6,3.7,90.8,5.6,31.6,6.8,94.1,5.9,29.1,13.4,90.5,8.3,36.7,15.4,91,7.9,38.9,13.2,88.4,11.1,17.4,8.8,92.2,5.2,28.6,9.5,95,3.3,33.2,10.5,100,6.7,23.3,17.7,90.3,18.6,36.9,9.3,78.4,14.7,16.7,9.8,2.6,5,8.7,7,14.2,10.7,0,4.6,230,136,0,15,46,45,150,126,34,32,1633,226,53,70,113,94,437,144,319,124,124,93,338,117,249,91,1467,187,587,152,303,142,271,134,119,85,341,127,326,125,156,82,603,113,558,124,224,97,386,122,312,91,88,46,812,196,720,178,262,107,689,169,635,171,254,109,353,130,353,130,86,69,53,63,53,63,0,15,260,145,196,110,141,76,0,15,0,15,0,15,41,35,41,35,22,25,114,119,104,112,76,81,310,106,262,75,89,77,50000,9341,35938,24942,41090,11320,55344,10708,54286,25674,83036,11111,0,19.4,20,18.8,65.2,25.8,14.8,16,3.2,4,6.9,5.4,26.8,7.8,19.5,7.3,7.6,5.8,20.7,6.8,15.2,5.8,89.8,7,35.9,9.2,89.4,10.8,39.3,20.1,95.6,6.8,45.7,21.5,92.5,7.6,37.1,16.4,80.8,20.9,22.8,13.7,88.7,7.1,32.3,12.3,92.2,4.8,36.9,13.2,100,13.2,24.4,20,91.2,18.9,66.7,12.1,84.5,17.8,28.7,18.7,0,25.6,9.2,9.8,8.1,11.3,0,8.2,166,94,0,15,139,93,20,26,7,14,1688,190,33,37,107,85,422,138,507,150,156,91,295,107,168,72,1548,186,463,110,237,127,237,127,38,33,334,76,285,70,92,63,693,104,622,83,280,92,424,108,404,109,53,37,946,213,901,210,241,82,779,188,759,187,234,82,364,117,364,117,81,67,49,58,0,15,0,15,231,102,195,80,135,64,0,15,0,15,0,15,6,10,6,10,6,10,92,93,82,84,0,15,301,99,217,103,13,16,46711,5588,38777,11067,46355,4768,73750,29581,66151,4130,0,25.6,83.7,20,12,16.2,4.2,8.8,2,2.2,6.3,4.9,25,7.6,30,7.3,9.2,5.5,17.5,6.7,10,4,91.7,5.4,27.4,6.8,100,18.9,16,14.1,85.3,16.3,27.5,17.3,89.8,10.6,40.4,13.6,95.3,5.6,12.5,9.1,95.2,4.4,25.5,8.8,97.4,3,30,10,100,12.8,22.3,17.4,89.1,18.8,0,38.3,72.1,21.3,4.3,5.3,5.7,11.5,8.3,8.1,18.3,13.4,0,10.2
1400000US48113018110,Census Tract 181.10; Dallas County; Texas,347,195,86,103,70,54,176,103,15,24,4219,568,170,154,427,286,694,433,1134,379,293,135,834,201,667,209,3622,524,1501,287,412,195,412,195,170,126,548,203,428,185,141,96,1504,424,1305,443,544,168,1755,369,1477,317,646,181,2929,640,2692,582,989,268,2621,589,2544,583,968,265,363,198,287,120,203,91,0,21,0,21,0,21,351,244,257,188,189,116,0,21,0,21,0,21,146,106,104,81,0,21,430,275,282,181,120,95,676,338,411,150,76,68,49526,7332,55095,30587,48303,3907,57957,11968,69423,14265,24.8,21.1,20.2,14.2,50.7,23.5,4.3,6.4,4,3.5,10.1,6.6,16.4,8.7,26.9,8.8,6.9,3.8,19.8,5,15.8,5.2,85.8,7.4,35.6,7.5,100,11.4,41.3,28.6,78.1,21.8,25.7,16.7,86.8,12.9,36.2,13.8,84.2,9.1,36.8,10,91.9,7.6,33.8,9.7,97.1,2.1,36.9,10.3,79.1,24.4,55.9,33.3,65.6,29.3,27.9,14.2,60.8,26.6,11.2,9.8,14.9,22.2,6.6,6.5,0.7,1.8,4.2,4.6,154,101,0,21,38,40,116,92,0,21,2109,321,13,22,276,244,350,237,455,205,178,119,521,153,316,147,1820,257,837,182,204,122,204,122,95,82,333,167,252,152,40,48,781,259,631,256,274,108,791,165,733,161,428,133,1518,396,1341,292,565,161,1265,302,1248,301,544,161,205,98,205,98,132,78,0,21,0,21,0,21,96,99,83,95,83,95,0,21,0,21,0,21,53,43,53,43,0,21,237,171,138,103,57,68,447,331,231,116,62,71,46722,9482,42911,6823,39316,28354,51205,18808,51293,18184,64519,34729,0,27.1,24.7,27.1,75.3,27.1,0,27.1,0.6,1,13.1,10.7,16.6,9.7,21.6,10.4,8.4,6.1,24.7,8.2,15,6.8,86.3,10.7,39.7,9.8,100,21.5,46.6,40,75.7,31.9,12,15.1,80.8,17.6,35.1,15.6,92.7,8.5,54.1,14.1,88.3,13.9,37.2,13.1,98.7,1.9,43,13.3,100,21.4,64.4,28.3,58.2,29.7,24.1,18.5,51.7,27,13.9,17,15.6,28.1,0,13.3,1.6,4,6.1,7.9,193,143,86,103,32,37,60,62,15,24,2110,425,157,139,151,106,344,218,679,268,115,61,313,115,351,127,1802,386,664,171,208,104,208,104,75,63,215,102,176,96,101,82,723,212,674,225,270,97,964,327,744,273,218,95,1411,395,1351,390,424,151,1356,380,1296,374,424,151,158,128,82,56,71,52,0,21,0,21,0,21,255,169,174,112,106,81,0,21,0,21,0,21,93,77,51,39,0,21,193,126,144,101,63,56,229,110,180,108,14,24,55585,8885,55805,34902,42176,6382,59179,38647,70263,11708,44.6,30.8,16.6,14.6,31.1,36.2,7.8,11.6,7.4,6,7.2,5.1,16.3,8.8,32.2,10.2,5.5,3.1,14.8,5.2,16.6,6.5,85.4,8,31.5,8.4,100,21.2,36.1,26.3,81.9,25.4,47,27.2,93.2,10.5,37.3,15.6,77.2,12.3,22.6,10.6,95.7,3.5,30,10.4,95.6,3.6,31.3,11.1,51.9,47.1,44.9,42.3,74.6,34.7,32.6,25.6,78.6,30.9,6.1,9.6,14.3,21.5,13.4,12.7,0,6.2,1.8,3.7
1400000US48113018121,Census Tract 181.21; Dallas County; Texas,512,207,63,59,173,110,253,143,23,28,2908,378,349,171,112,85,720,188,787,204,234,105,419,144,287,145,2447,321,706,208,558,244,532,248,83,64,489,150,407,147,90,109,1301,244,1066,212,404,150,560,119,442,111,129,74,1424,260,1184,206,274,107,875,192,822,187,173,75,409,145,409,145,183,106,0,21,0,21,0,21,339,124,202,89,131,77,0,21,0,21,0,21,295,156,258,142,54,48,441,259,394,211,64,54,1206,313,935,248,194,124,44413,7736,36386,14494,45542,14929,54423,21072,133935,112763,12.3,11.8,33.8,14.5,49.4,19.4,4.5,5.7,12,5.5,3.9,2.8,24.8,5.6,27.1,7.1,8,3.4,14.4,4.4,9.9,4.9,84.1,5.7,24.3,6.3,95.3,5.4,14.9,10.5,83.2,13.3,18.4,22.2,81.9,8.9,31.1,9,78.9,12.1,23,12,83.1,9.9,19.2,7.3,93.9,4.7,19.8,7.3,100,11.5,44.7,26.4,89.3,8.3,14.5,12.5,77.5,11.3,16.1,8.4,10.4,10.3,10.8,9.9,13.2,7.9,6.9,9,241,142,29,34,86,63,126,88,0,21,1269,215,133,80,13,26,296,112,298,102,175,94,217,98,137,87,1123,199,354,119,292,165,275,163,68,59,247,98,202,94,40,55,498,142,460,133,152,81,232,81,186,74,94,64,602,132,529,114,126,71,384,96,384,96,126,71,209,110,209,110,105,64,0,21,0,21,0,21,173,74,116,52,80,58,0,21,0,21,0,21,105,68,89,59,20,25,180,139,180,139,23,29,489,157,400,149,36,38,55313,12547,42857,37561,55938,18658,46118,25016,67964,16032,165906,124520,12,11.4,35.7,17.5,52.3,22.4,0,18.6,10.5,5.9,1,2,23.3,7.8,23.5,8,13.8,7,17.1,6.7,10.8,6.7,88.5,6,27.9,7.7,94.2,7.4,23.3,18.8,81.8,19.6,16.2,22.5,92.4,9.5,30.5,14,80.2,18.5,40.5,20.3,87.9,10,20.9,10.4,100,12.2,32.8,14.5,100,21.1,50.2,29.9,100,23.9,12.8,15.2,81.8,13,7.4,7.6,0,28.3,8.4,8.6,13.3,15.7,0,13.1,271,153,34,51,87,74,127,124,23,28,1639,222,216,111,99,72,424,150,489,155,59,46,202,105,150,86,1324,188,352,141,266,112,257,119,15,26,242,80,205,81,50,56,803,175,606,144,252,108,328,89,256,78,35,36,822,167,655,143,148,94,491,122,438,118,47,29,200,79,200,79,78,57,0,21,0,21,0,21,166,68,86,58,51,49,0,21,0,21,0,21,190,102,169,98,34,47,261,139,214,100,41,32,717,186,535,142,158,115,36036,8050,28958,15790,45274,14459,35250,25321,132593,130011,12.5,19.9,32.1,24.4,46.9,30.1,8.5,11.4,13.2,6.3,6,4.2,25.9,8.7,29.8,9.4,3.6,2.7,12.3,6.1,9.2,5.1,80.8,6.9,21.5,8.1,96.6,7.1,5.6,9.1,84.7,14.2,20.7,24.1,75.5,10.7,31.4,10.7,78,16.3,10.7,10.7,79.7,11.8,18,11.1,89.2,8.2,9.6,6.4,100,21.9,39,28.7,82,15.7,15.7,13.5,74.6,13.5,22,13,15.2,14.6,12.5,15.4,13.1,9.6,13.9,17.1
1400000US48113018132,Census Tract 181.32; Dallas County; Texas,576,192,20,21,177,102,304,166,75,61,4329,977,790,595,272,162,840,302,1245,348,382,193,447,146,353,205,3267,518,800,285,580,165,532,158,192,115,836,284,629,284,96,53,1780,625,1245,297,242,113,1133,385,861,227,270,193,1953,302,1759,291,407,126,1665,311,1590,316,382,122,561,130,517,129,109,75,14,22,14,22,0,21,360,248,224,153,126,94,0,21,0,21,0,21,385,392,188,204,111,174,1056,851,565,339,47,51,1434,846,761,340,66,58,39325,10683,27865,13615,48182,6280,58516,17350,70481,8647,3.5,3.8,30.7,16.6,52.8,17.2,13,11.1,18.2,10.4,6.3,3.7,19.4,5.1,28.8,9.2,8.8,4.7,10.3,3.6,8.2,4.3,75.5,9.9,18.5,6,91.7,8,33.1,15.1,75.2,13.6,11.5,7.1,69.9,22.8,13.6,7.4,76,13.9,23.8,11.4,90.1,6.6,20.8,6.1,95.5,4.4,22.9,6.9,92.2,6.3,19.4,12.2,53.5,22.6,4.5,6.4,53.1,15.5,4.6,5,1.7,2.2,7.5,5.1,6.9,5.4,0,6.1,259,133,9,13,89,73,140,76,21,23,2035,380,467,332,104,64,377,112,522,173,238,111,192,83,135,73,1464,202,327,107,325,96,317,96,81,72,281,91,183,74,46,40,932,302,593,149,88,49,497,179,371,80,112,63,1023,163,895,149,232,86,848,168,827,163,220,84,254,106,221,106,39,45,0,21,0,21,0,21,119,78,74,57,28,34,0,21,0,21,0,21,186,205,59,57,0,21,453,302,215,111,28,30,680,297,319,117,40,37,47094,10841,29022,23297,37309,5591,53542,14532,39830,29645,74038,13726,3.5,5.2,34.4,16,54.1,14.9,8.1,8.9,22.9,12.8,5.1,3.1,18.5,6.2,25.7,8.7,11.7,5.4,9.4,4.5,6.6,3.6,71.9,12.7,16.1,5.7,97.5,4.2,24.9,18.1,65.1,21.7,16.4,14.7,63.6,20.6,9.4,5.7,74.6,24.7,22.5,11.5,87.5,7.7,22.7,7.7,97.5,3.9,25.9,9.1,87,15.6,15.4,15.4,47.5,34,6.2,8,46.9,22.9,5.9,5.9,1.4,2.5,5.3,5.6,5,5.8,0,14.1,317,160,11,16,88,75,164,150,54,59,2294,636,323,286,168,152,463,265,723,209,144,100,255,105,218,172,1803,400,473,231,255,125,215,115,111,77,555,265,446,266,50,35,848,336,652,170,154,82,636,248,490,202,158,168,930,171,864,169,175,66,817,174,763,175,162,62,307,57,296,61,70,60,14,22,14,22,0,21,241,192,150,104,98,74,0,21,0,21,0,21,199,193,129,177,111,174,603,559,350,284,19,23,754,561,442,288,26,30,34301,16362,18988,3821,36958,19182,60580,10935,68854,11155,3.5,5.4,27.8,24.7,51.7,29.7,17,19.3,14.1,9.6,7.3,6.3,20.2,8.2,31.5,11.7,6.3,4.7,11.1,4.3,9.5,6.9,78.6,9.9,20.6,8.8,84.3,16.6,43.5,23.3,80.4,17.1,9,7.4,76.9,27,18.2,11.2,77,18.7,24.8,21.3,92.9,6.7,18.8,7.2,93.4,7.4,19.8,7.8,96.4,5.5,22.8,18.4,58,16.7,3.2,5.3,58.6,12.3,3.4,5.1,2,3.5,9.3,8.7,8.5,7.1,0,10
1400000US48113018133,Census Tract 181.33; Dallas County; Texas,143,113,0,15,32,29,111,107,0,15,2800,376,172,141,176,122,662,175,635,229,279,159,597,165,279,115,2452,349,876,189,699,268,684,265,180,117,390,152,373,149,229,126,1088,191,1008,186,352,138,623,244,387,161,115,63,2023,357,1758,307,544,147,1626,283,1507,279,491,144,366,202,365,203,195,130,78,80,45,39,12,15,137,109,132,105,79,82,0,15,0,15,0,15,117,85,88,66,32,35,79,55,64,41,14,22,645,241,422,169,99,63,51512,6821,42092,8611,30684,10019,69975,10538,70461,6264,0,28.7,22.4,23.1,77.6,23.1,0,28.7,6.1,4.7,6.3,4.5,23.6,6.5,22.7,7,10,5.1,21.3,6.3,10,3.8,87.6,5.8,31.3,6.8,97.9,3.1,25.8,19.5,95.6,6.2,58.7,19.2,92.6,5.4,32.4,10.9,62.1,21.7,18.5,9,86.9,8,26.9,7.9,92.7,6.5,30.2,9.3,99.7,0.8,53.3,19.7,81,20.8,17.7,27.6,65.4,14.3,15.3,9.9,1.4,2.9,0,7.3,3.6,3.8,2.3,2.7,31,34,0,15,16,22,15,25,0,15,1416,249,81,72,126,77,287,121,276,130,205,137,341,124,100,57,1209,235,441,123,388,193,373,192,99,87,140,68,123,62,73,48,582,125,522,132,202,89,306,127,191,86,67,42,1045,238,884,210,288,93,849,192,771,194,251,85,126,114,125,114,44,41,31,37,17,19,8,13,78,84,78,84,69,81,0,15,0,15,0,15,77,63,61,45,18,28,59,36,44,30,14,22,347,141,219,95,69,54,57658,10641,54063,19655,75859,51129,30377,10282,69900,68915,97292,50007,0,66.1,51.6,51.6,48.4,51.6,0,66.1,5.7,4.7,8.9,5.9,20.3,7.5,19.5,8,14.5,8.5,24.1,9.5,7.1,4.4,85.4,6.3,31.1,10.2,96.1,5.8,25.5,26,87.9,16.3,52.1,23.4,89.7,7.8,34.7,15.1,62.4,23.4,21.9,12.5,84.6,8.3,27.6,10.7,90.8,7.1,29.6,12,99.2,2.4,34.9,43.3,74.6,32.1,23.7,34.4,63.1,11.2,19.9,17.1,0,21.4,0,16.1,0,9.9,4.5,5.4,112,106,0,15,16,19,96,103,0,15,1384,181,91,75,50,56,375,127,359,131,74,53,256,83,179,102,1243,173,435,130,311,117,311,117,81,53,250,117,250,117,156,107,506,127,486,125,150,76,317,132,196,93,48,36,978,163,874,153,256,84,777,136,736,132,240,80,240,100,240,100,151,111,47,49,28,30,4,7,59,52,54,51,10,17,0,15,0,15,0,15,40,34,27,29,14,21,20,25,20,25,0,15,298,139,203,122,30,32,46114,10521,36250,24279,37321,28610,70188,16851,68050,28232,0,34.2,14.3,22,85.7,22,0,34.2,6.6,5.2,3.6,4.1,27.1,9.6,25.9,8,5.3,3.9,18.5,5.8,12.9,6.9,89.8,6.2,31.4,8.2,100,14.8,26,16.4,100,18,62.4,25.5,96,5,29.6,12.3,61.8,21.5,15.1,11.1,89.4,8.3,26.2,8.3,94.7,6.6,30.9,9.5,100,18.7,62.9,27.3,100,82.2,0,82.3,68.1,23.1,10.1,10.5,3.5,6.9,0,12.5,7.6,7.6,0,10.8
1400000US48113018134,Census Tract 181.34; Dallas County; Texas,359,179,25,43,163,116,74,71,97,82,3638,484,98,73,130,86,1038,368,724,167,425,142,923,269,300,132,3410,490,1223,310,684,206,654,196,273,127,535,150,520,152,290,131,1575,212,1514,183,513,183,844,320,722,331,147,151,2348,393,2219,397,803,271,2122,383,2069,386,753,271,678,196,678,196,205,165,34,53,34,53,18,27,118,95,118,95,79,58,0,15,0,15,0,15,209,153,126,106,37,58,251,154,235,148,81,59,552,150,427,147,148,86,63565,10032,50020,6712,57222,13532,84766,19793,87813,27036,7,10.8,45.4,26.4,20.6,15.9,27,17.6,2.7,2,3.6,2.4,28.5,7.6,19.9,4.6,11.7,4.3,25.4,6.4,8.2,3.5,93.7,3.6,33.6,7.2,95.6,4,39.9,14.2,97.2,3.6,54.2,19.9,96.1,3.8,32.6,10.9,85.5,12.6,17.4,16.1,94.5,4.1,34.2,8.9,97.5,2.1,35.5,9.5,100,7.1,30.2,20.9,93.6,7.7,32.3,20.4,77.4,17.4,26.8,15.4,27.2,26.2,4.3,4,5.9,5.6,3,4.7,100,68,0,15,73,59,19,32,8,13,1841,260,40,40,74,59,514,204,325,92,208,118,513,177,167,105,1727,266,680,187,339,154,323,138,125,90,310,126,295,128,232,120,803,118,780,117,276,114,389,162,329,165,47,63,1236,220,1141,217,436,156,1105,218,1058,214,421,156,367,141,367,141,94,110,18,27,18,27,18,27,73,58,73,58,73,58,0,15,0,15,0,15,44,39,35,38,20,31,103,74,93,70,39,37,261,81,194,77,72,49,70083,15704,15000,10980,51434,14474,80987,22854,88714,16417,77159,50241,0,36.7,73,32.4,19,31.3,8,13.3,2.2,2.2,4,3.2,27.9,8.9,17.7,5.3,11.3,6.4,27.9,8.8,9.1,5.5,93.8,3.9,36.9,8.6,95.3,6.8,36.9,18.1,95.2,6.8,74.8,20.2,97.1,3.3,34.4,14.1,84.6,14,12.1,14.9,92.3,5.2,35.3,10.2,95.7,3.8,38.1,10.8,100,12.7,25.6,27.1,90.3,14.7,37.9,32.8,74.3,19.7,27.6,17.7,40.4,30.1,5.4,8,4.5,5.3,2.9,4.6,259,161,25,43,90,85,55,63,89,81,1797,289,58,48,56,63,524,202,399,130,217,84,410,139,133,59,1683,275,543,157,345,143,331,140,148,94,225,73,225,73,58,38,772,129,734,117,237,87,455,176,393,181,100,94,1112,226,1078,223,367,140,1017,222,1011,219,332,141,311,105,311,105,111,68,16,26,16,26,0,15,45,42,45,42,6,12,0,15,0,15,0,15,165,142,91,86,17,27,148,101,142,98,42,42,291,92,233,92,76,56,51955,7544,45227,24718,50625,13256,73676,26078,88281,22295,9.7,14.5,34.7,29.2,21.2,18.7,34.4,20.5,3.2,2.7,3.1,3.3,29.2,8.6,22.2,7,12.1,4.9,22.8,6.8,7.4,3.4,93.7,4.3,30.2,7.8,95.9,5.4,42.9,22.4,100,19.8,25.8,17.5,95.1,7.2,30.7,10.4,86.4,12.1,22,18.7,96.9,3.7,33,9.9,99.4,1.1,32.6,10.8,100,14.8,35.7,18.4,95.9,9.5,28.4,28,80.1,16.8,26.1,18.7,14,23,3.2,4.2,7.1,7,3.1,4.9
1400000US48113018147,Census Tract 181.47; Dallas County; Texas,716,797,103,83,261,379,313,413,39,42,3230,1371,452,470,470,582,419,153,645,155,444,369,371,169,429,136,2308,388,800,203,535,382,535,382,75,70,472,139,472,139,243,110,1517,1059,646,179,192,78,706,213,655,203,290,150,1305,377,1275,377,411,160,928,195,913,197,398,156,392,123,375,134,90,85,28,34,28,34,18,30,332,116,266,118,102,73,0,21,0,21,0,21,237,122,224,118,102,67,936,1037,140,92,77,58,1428,1385,636,373,140,81,44792,20986,42721,36692,37188,8456,30625,19629,89083,42235,14.4,25.7,36.5,18.9,43.7,17,5.4,11.9,14,9.5,14.6,13.1,13,8.2,20,9.9,13.7,6.7,11.5,7.8,13.3,7.8,71.5,22.3,24.8,13.7,100,8.9,14,15.9,100,10,51.5,17.1,42.6,36.2,12.7,11.9,92.8,6.6,41.1,15.8,97.7,2.6,31.5,15,98.4,2.5,42.9,14.8,95.7,10.5,23,22.7,15,28.2,8.2,15.9,44.5,28,9.8,15.2,3.5,7,0,11.2,11.6,9.2,7.9,6.6,76,83,76,83,0,21,0,21,0,21,1527,586,93,77,462,581,169,89,253,110,128,72,224,99,198,104,972,148,422,145,147,87,147,87,47,42,236,78,236,78,140,94,815,587,278,116,105,64,329,107,311,104,130,77,502,119,472,121,201,100,455,118,440,122,201,100,173,73,164,80,82,81,0,21,0,21,0,21,202,85,169,95,65,46,0,21,0,21,0,21,110,64,97,59,41,41,540,579,70,56,33,34,610,573,144,77,44,42,56152,1397,56039,671,59048,38176,40068,21468,39038,15695,125909,14054,100,42.2,0,42.2,0,42.2,0,42.2,6.1,5.5,30.3,29.1,11.1,7.8,16.6,9.7,8.4,6,14.7,9,13,8.5,63.7,26.7,27.6,14.7,100,28.1,32,26.2,100,19,59.3,29.9,34.1,32.4,12.9,14.7,94.5,9.7,39.5,18.8,94,6.7,40,16.2,96.7,5.2,44.2,17.7,94.8,13.1,47.4,44.7,13,24.5,6.1,12.2,23.6,34.5,7.2,12,4.3,8.1,0,25.2,4.5,6.9,10,10.3,640,790,27,32,261,379,313,413,39,42,1703,803,359,465,8,18,250,95,392,109,316,355,147,85,231,75,1336,357,378,105,388,364,388,364,28,34,236,74,236,74,103,53,702,479,368,90,87,53,377,124,344,118,160,94,803,347,803,347,210,89,473,113,473,113,197,83,219,77,211,79,8,18,28,34,28,34,18,30,130,63,97,47,37,40,0,21,0,21,0,21,127,67,127,67,61,35,396,464,70,51,44,40,818,818,492,365,96,56,36345,1402,37788,35424,37098,12418,26579,7847,71198,20563,4.2,11,40.8,14.5,48.9,11.9,6.1,15.6,21.1,19.4,0.5,1.1,14.7,10.1,23,12.3,18.6,13.6,8.6,7.2,13.6,9,78.4,19.2,22.2,14.3,100,12.1,7.2,12.6,100,19,43.6,24,52.4,41.1,12.4,12.2,91.2,8.6,42.4,19.3,100,6,26.2,17.6,100,10,41.6,16,96.3,8.8,3.7,8.7,17.7,35.4,11.1,24.5,60.1,24.7,11.7,19.1,2.2,6.1,0,18,15.4,14.6,5.6,8.4
1400000US48113018402,Census Tract 184.02; Dallas County; Texas,312,126,26,25,141,79,126,100,19,23,2806,430,164,71,349,306,655,233,682,179,173,71,623,164,160,79,2293,349,783,170,644,172,575,182,194,110,383,188,217,124,89,56,1027,226,814,180,324,98,752,109,687,93,176,66,1878,347,1704,338,636,153,1342,231,1321,230,530,129,127,99,117,101,52,79,18,21,13,19,8,16,48,56,48,56,37,55,0,15,0,15,0,15,286,211,214,157,37,38,449,339,197,150,13,19,1276,400,795,248,164,84,51766,7483,36723,2563,51625,32465,62917,9924,154417,58152,8.3,8.6,45.2,20.9,40.4,22.3,6.1,7.3,5.8,2.7,12.4,9.9,23.3,6.9,24.3,6.1,6.2,2.7,22.2,5.8,5.7,3,81.7,9.6,27.9,6.2,89.3,11.4,30.1,13.5,56.7,27.7,23.2,18.4,79.3,14.8,31.5,11.3,91.4,8.5,23.4,8.1,90.7,5.9,33.9,7,98.4,1.5,39.5,7.8,92.1,21.8,40.9,42.8,43.9,37.4,2.9,4.8,62.3,16.8,12.9,7,27.6,17.4,0,7.5,17.1,12.7,12.7,10.4,223,118,13,17,80,69,120,99,10,16,1388,256,117,68,188,165,418,179,260,102,74,47,259,92,72,43,1083,219,331,94,348,131,315,136,76,61,196,125,122,107,14,20,498,169,355,99,144,64,346,102,291,85,97,53,914,225,800,222,304,93,585,121,564,121,255,78,65,61,65,61,0,15,13,19,13,19,8,16,19,28,19,28,19,28,0,15,0,15,0,15,159,129,98,80,0,15,218,175,88,76,0,15,718,246,435,177,57,55,53449,6894,52031,16934,37007,18363,45625,11369,81375,18595,145938,103202,5.8,7.3,35.9,27.5,53.8,28.5,4.5,7.8,8.4,4.9,13.5,11,30.1,9.7,18.7,8.3,5.3,3.5,18.7,6.1,5.2,3.2,78,10.4,23.8,6.4,90.5,16.3,21.8,12.6,62.2,28.9,7.1,12.2,71.3,25,28.9,16.7,84.1,16.5,28,13.6,87.5,8.8,33.3,7.9,96.4,3.6,43.6,11.9,100,45.6,0,45.6,40.4,39.3,0,20.3,60.6,17.4,7.9,6.7,10.8,14.7,0,11.5,13.3,13.7,0,14,89,72,13,18,61,74,6,10,9,17,1418,233,47,45,161,155,237,110,422,180,99,56,364,135,88,49,1210,189,452,135,296,112,260,107,118,101,187,154,95,64,75,54,529,140,459,141,180,60,406,84,396,79,79,47,964,187,904,178,332,108,757,157,757,157,275,82,62,82,52,79,52,79,5,8,0,15,0,15,29,31,29,31,18,27,0,15,0,15,0,15,127,86,116,79,37,38,231,168,109,80,13,19,558,184,360,109,107,70,42500,25412,29083,18261,73363,50869,54397,9451,167841,85491,14.6,24.7,68.5,40.5,6.7,12.6,10.1,21.9,3.3,3.2,11.4,9.9,16.7,7.8,29.8,11.2,7,4.2,25.7,9.4,6.2,3.6,85.3,9.9,31.9,9.7,87.8,14.9,39.9,29.1,50.8,46.8,40.1,41.9,86.8,11.5,34,13.5,97.5,6,19.5,11.8,93.8,5.9,34.4,10.3,100,6.4,36.3,9.3,83.9,46.2,83.9,46.2,47.2,37.7,5.6,9.1,64.5,19.9,19.2,13.8,53.5,42.8,0,18.9,19.3,16.9,22.3,16.6
1400000US48113018600,Census Tract 186; Dallas County; Texas,258,108,79,53,72,53,107,61,0,15,2571,344,258,162,179,123,823,221,452,148,219,158,418,123,222,104,2134,332,640,154,535,175,400,156,101,65,457,142,457,142,151,92,1061,410,804,388,268,123,518,198,473,186,120,48,1611,260,1342,232,499,153,1142,214,1121,213,467,151,313,372,313,372,29,32,74,116,35,55,0,15,86,104,18,21,7,11,0,15,0,15,0,15,212,141,165,109,21,33,275,140,261,137,84,67,996,235,648,182,122,79,41419,8162,31338,2089,44989,5965,49891,20946,67679,13196,30.6,14,27.9,13.5,41.5,23.3,0,17.5,10,6,7,4.7,32,6.9,17.6,6.1,8.5,5.4,16.3,5.1,8.6,4,83,7.3,24.9,6.3,74.8,19.4,18.9,12,100,10.4,33,17.4,75.8,12.9,25.3,13.1,91.3,11.3,23.2,11.3,83.3,9.3,31,8.9,98.2,2,40.9,11.3,100,14.7,9.3,18.5,94.9,7.8,30.5,24,65.1,13.9,12.2,7.9,13.3,19.3,8.9,7.1,2.8,3.6,1.7,2.6,198,107,79,53,72,53,47,43,0,15,1260,219,112,83,65,64,510,191,168,84,66,52,213,74,126,62,1083,212,339,92,234,107,166,91,42,42,211,92,211,92,58,52,503,247,402,239,146,72,312,162,304,161,93,44,768,174,671,164,263,88,561,165,561,165,250,87,144,217,144,217,6,9,35,55,35,55,0,15,43,56,7,11,7,11,0,15,0,15,0,15,133,90,89,63,21,33,137,72,137,72,42,35,498,140,357,113,76,50,36427,6293,35815,2783,31918,4007,43693,13767,77772,32998,118333,95127,39.9,14,36.4,15.4,23.7,22,0,22.1,8.9,6.4,5.2,5,40.5,10.2,13.3,6.8,5.2,4.1,16.9,6.3,10,4.9,86,7.4,26.9,7.7,70.9,27.4,17.9,18.5,100,20.9,27.5,20.9,79.9,13.6,29,17.6,97.4,7.6,29.8,18,87.4,9.5,34.2,11.1,100,8.5,44.6,15.3,100,28.6,4.2,15.1,100,29.7,30.7,26.5,71.7,13.8,15.3,10,10.7,16.7,3.1,3.9,6,7.4,3.2,4.9,60,63,0,15,0,15,60,63,0,15,1311,172,146,97,114,79,313,105,284,102,153,149,205,68,96,52,1051,167,301,84,301,114,234,101,59,41,246,98,246,98,93,47,558,185,402,172,122,67,206,80,169,69,27,24,843,139,671,118,236,85,581,99,560,98,217,84,169,167,169,167,23,33,39,61,0,15,0,15,43,50,11,18,0,15,0,15,0,15,0,15,79,61,76,53,0,15,138,74,124,73,42,37,498,123,291,100,46,42,44329,4491,28426,7015,45786,9821,48682,5754,59856,14746,0,47.5,0,47.5,100,47.5,0,47.5,11.1,7,8.7,6,23.9,8.4,21.7,7.9,11.7,10.2,15.6,5.4,7.3,3.9,80.2,7.9,23,6.6,77.7,17.2,19.6,12.3,100,18.3,37.8,21,72,14.6,21.9,11.7,82,18.9,13.1,12,79.6,10.2,28,9.3,96.4,3.8,37.3,11.8,100,25.2,13.6,23.9,89.9,15.9,30.4,24,58.4,16,9.2,8.1,15,21.2,18.2,18,1.1,2.1,0,15.3
1400000US48113018802,Census Tract 188.02; Dallas County; Texas,232,73,33,33,100,53,89,50,10,16,1082,223,103,62,43,27,240,90,273,111,108,76,191,75,124,88,936,214,315,143,342,126,318,122,118,86,187,64,162,54,69,37,375,116,316,111,87,63,178,72,140,70,41,31,663,191,594,186,219,129,500,175,489,172,215,129,195,109,165,103,56,54,0,15,0,15,0,15,42,48,36,46,9,15,0,15,0,15,0,15,45,24,36,22,0,15,137,79,105,63,31,31,345,125,246,102,35,32,47902,10525,24176,10103,49896,13812,64926,13179,72188,24259,14.2,14,43.1,15.2,38.4,19.5,4.3,7.4,9.5,5.6,4,2.5,22.2,7.3,25.2,8,10,6.8,17.7,6.6,11.5,7.2,86.5,6.2,29.1,11.4,93,6.8,34.5,18,86.6,11.1,36.9,15.3,84.3,10.8,23.2,15.6,78.7,17.2,23,18.1,89.6,5.5,33,16.4,97.8,3.6,43,21.2,84.6,17.1,28.7,18,76.6,23.3,22.6,19.6,71.3,13.9,10.1,8.6,3.4,5.5,18.8,9.1,2.1,2.1,0,14.6,115,51,33,33,45,33,37,30,0,15,498,133,46,32,9,10,90,32,130,84,39,28,105,45,79,84,443,132,184,104,222,90,214,91,76,80,89,45,69,35,31,23,93,45,82,47,59,43,94,68,78,67,18,14,317,117,278,115,139,97,255,113,255,113,139,97,96,73,96,73,17,26,0,15,0,15,0,15,5,8,5,8,5,8,0,15,0,15,0,15,19,13,19,13,0,15,61,42,45,33,23,25,142,54,87,38,23,25,49911,17872,42750,27348,45625,16730,42321,11259,81838,3079,73125,50993,28.7,25.7,39.1,26.8,32.2,24.1,0,33.6,9.2,6.6,1.8,2.1,18.1,7.1,26.1,14.2,7.8,6.1,21.1,7.5,15.9,14.7,89,6.5,36.9,15.5,96.4,4.3,34.2,26.4,77.5,22.3,34.8,20.2,88.2,12.9,63.4,21.6,83,24.4,19.1,19.1,87.7,7.4,43.8,20.7,100,17.7,54.5,24.2,100,37.5,17.7,19.5,73.8,24.6,37.7,35.9,61.3,16.3,16.2,16.2,0,49.6,23.3,12.3,2.4,3.7,0,23.5,117,47,0,15,55,36,52,37,10,16,584,144,57,41,34,23,150,82,143,69,69,69,86,60,45,34,493,132,131,65,120,75,104,70,42,34,98,39,93,39,38,30,282,111,234,106,28,28,84,43,62,35,23,26,346,118,316,111,80,59,245,85,234,81,76,58,99,53,69,41,39,31,0,15,0,15,0,15,37,46,31,45,4,8,0,15,0,15,0,15,26,18,17,15,0,15,76,43,60,37,8,11,203,93,159,84,12,13,38482,18263,23324,2227,50789,12980,58810,16497,70234,26776,0,33.2,47,22.1,44.4,25.8,8.5,14.4,9.8,6.5,5.8,3.8,25.7,12.3,24.5,10.7,11.8,10.6,14.7,10,7.7,6,84.4,8,22.4,10.9,86.7,13.4,35,29.9,94.9,7.6,38.8,23.2,83,13.5,9.9,9.9,73.8,22.2,27.4,22.2,91.3,7.6,23.1,16,95.5,7.2,31,22.3,69.7,26.5,39.4,25.2,78.9,23.3,10.5,14.4,78.3,15.7,5.9,7,5.5,8.9,16,11.6,1.9,3,0,30.7
1400000US48113019027,Census Tract 190.27; Dallas County; Texas,826,337,38,46,183,133,454,287,151,135,4965,748,414,312,271,215,1257,408,1073,334,333,118,1187,368,430,152,4280,580,1617,392,1139,342,1133,345,452,306,926,277,801,206,404,141,1929,573,1478,399,464,198,971,316,868,302,297,141,1454,393,1394,369,534,304,1339,382,1297,355,512,303,1170,401,1070,353,460,211,23,31,23,31,21,31,1539,562,1245,416,441,161,0,21,0,21,0,21,9,14,9,14,9,14,770,355,539,239,152,120,572,337,376,215,89,65,43297,5324,31385,7616,40359,7154,67700,8121,61852,10219,4.6,6.1,22.2,16,55,20.1,18.3,15.5,8.3,6,5.5,4,25.3,6.2,21.6,6.7,6.7,2.4,23.9,7.4,8.7,3.2,86.2,6.1,32.6,8,99.5,2,39.7,20.2,86.5,13.2,43.6,12.3,76.6,10,24.1,10.6,89.4,5.4,30.6,11,95.9,4.2,36.7,17.9,96.9,4.2,38.2,18.9,91.5,9.4,39.3,11.1,70,26.7,19.7,18.2,65.7,34.4,15.6,14.6,8.9,10.6,23.5,16.2,3.1,4.3,5.8,5.4,365,261,38,46,54,45,269,254,4,8,2389,428,281,226,51,50,589,278,467,194,163,80,632,257,206,120,2057,397,838,272,632,202,626,206,215,175,463,171,338,143,153,108,912,322,752,334,293,144,382,127,341,116,177,107,681,254,658,248,321,188,636,252,622,244,310,188,529,186,447,165,228,143,2,4,2,4,2,4,756,318,661,332,187,121,0,21,0,21,0,21,1,2,1,2,1,2,420,244,288,158,99,72,274,196,165,112,51,44,46275,10964,24799,11890,32766,4694,43400,7185,68343,52166,71250,26151,10.4,15.1,14.8,17,73.7,24.7,1.1,2.3,11.8,9,2.1,2,24.7,9.4,19.5,7.9,6.8,3.5,26.5,10.4,8.6,5.1,86.1,9.2,35.1,11.2,99.1,3.6,34,24.3,73,26.7,33,21.7,82.5,16,32.1,14.5,89.3,11.8,46.3,22,96.6,4.1,47.1,18.9,97.8,3.9,48.7,19.5,84.5,20.8,43.1,22.7,68.6,30.8,23.6,24.3,60.2,43.5,18.6,21.8,13.6,19.4,5.9,8.6,0.2,0.5,9.5,9.3,461,198,0,21,129,122,185,116,147,135,2576,393,133,110,220,211,668,269,606,207,170,115,555,210,224,94,2223,327,779,210,507,184,507,184,237,139,463,180,463,180,251,137,1017,300,726,179,171,90,589,218,527,222,120,79,773,263,736,250,213,133,703,259,675,245,202,131,641,243,623,243,232,144,21,31,21,31,19,31,783,268,584,195,254,96,0,21,0,21,0,21,8,14,8,14,8,14,350,147,251,109,53,54,298,151,211,114,38,38,41496,4896,25703,22428,36589,5313,64688,15739,59583,42509,0,10.3,28,22.3,40.1,23,31.9,24.3,5.2,4.1,8.5,7.7,25.9,9.1,23.5,8,6.6,4.3,21.5,8.5,8.7,3.8,86.3,8.3,30.2,8.7,100,9.4,46.7,17.7,100,10.2,54.2,21.1,71.4,17.4,16.8,9.6,89.5,8.2,20.4,12.9,95.2,5.4,27.6,19,96,5.6,28.7,20.8,97.2,4.6,36.2,18,71.7,24.2,15.1,16.2,70.8,27,12.8,13.9,4.5,8.4,39.1,22.9,5.5,7.5,1.8,2.4
1400000US48113019028,Census Tract 190.28; Dallas County; Texas,489,239,170,184,183,150,57,51,79,56,2458,321,354,173,184,96,635,221,414,177,116,76,520,176,235,133,1920,354,755,183,683,264,577,278,235,112,328,108,238,103,78,77,916,204,684,199,245,110,531,133,421,114,197,63,1067,355,814,295,300,110,574,161,562,159,274,105,481,261,481,261,223,144,0,15,0,15,0,15,593,174,364,104,155,92,0,15,0,15,0,15,134,100,78,57,17,21,183,128,183,128,60,59,739,261,442,247,65,56,29180,6904,26038,1951,25521,13103,40798,7496,61349,3524,34.8,29.2,37.4,24.4,11.7,11.8,16.2,14.2,14.4,6.9,7.5,3.9,25.8,7.5,16.8,5.8,4.7,3.3,21.2,7.8,9.6,5.3,78.1,8.8,30.7,7.9,84.5,13.1,34.4,12.8,72.6,32.9,23.8,26.5,74.7,11.6,26.7,11.9,79.3,15.3,37.1,12.4,76.3,14.3,28.1,10.2,97.9,3.1,47.7,11.7,100,9.9,46.4,24.5,100,23.6,32.8,24.8,59.8,21.3,8.8,7.6,5.6,7.5,5.2,4.7,8.3,11.7,0,6.4,146,104,44,70,97,72,5,12,0,15,1272,245,184,133,59,51,325,113,207,131,68,48,274,121,155,118,1029,250,429,130,380,241,328,246,117,100,135,77,88,59,0,15,496,109,388,111,150,75,261,81,225,76,162,60,544,187,398,134,175,67,288,91,276,91,162,65,280,223,280,223,145,98,0,15,0,15,0,15,308,108,224,83,98,73,0,15,0,15,0,15,55,45,42,40,0,15,85,67,85,67,11,18,363,115,216,107,13,20,37292,8879,36596,10849,27780,8675,37861,14001,41186,19864,60675,2303,30.1,39.1,66.4,37.9,3.4,8.5,0,28.3,14.5,10.4,4.6,4,25.6,8.8,16.3,8.1,5.3,4.2,21.5,10.3,12.2,8.1,80.9,10.4,33.7,8,86.3,20.9,30.8,12.9,65.2,38.6,0,30,78.2,11.6,30.2,14.3,86.2,15.5,62.1,19.1,73.2,18,32.2,11,95.8,6.2,56.3,14.8,100,16.3,51.8,22.4,100,39.9,12.9,21.5,59.5,27,3.6,5.4,0,18.5,8.9,10.3,8.4,12.5,0,11,343,149,126,125,86,88,52,50,79,56,1186,208,170,97,125,69,310,180,207,131,48,42,246,108,80,75,891,227,326,135,303,120,249,122,118,69,193,68,150,80,78,77,420,119,296,118,95,51,270,81,196,63,35,27,523,212,416,195,125,73,286,113,286,113,112,71,201,135,201,135,78,84,0,15,0,15,0,15,285,88,140,56,57,47,0,15,0,15,0,15,79,58,36,29,17,21,98,65,98,65,49,50,376,165,226,156,52,44,25645,2184,25661,810,21316,6297,40523,19893,67692,10099,36.7,29.4,25.1,21.9,15.2,15.2,23,18.3,14.3,8.1,10.5,6.3,26.1,12.5,17.5,10.5,4,3.7,20.7,9.2,6.7,6.1,75.1,9.9,27.5,10.9,82.2,13.9,38.9,19.8,77.7,29.8,40.4,37.6,70.5,14.5,22.6,12.5,72.6,18.3,13,10.2,79.5,12.8,23.9,12.7,100,16,39.2,15.4,100,21.8,38.8,35,100,37.1,50,39,60.1,21,13.8,12.4,10.2,12.7,1.3,3.9,8.2,11.9,0,14.2
1400000US48113019202,Census Tract 192.02; Dallas County; Texas,483,226,155,101,156,98,155,91,17,20,3279,575,173,93,130,82,789,378,644,197,244,94,863,185,436,135,2976,586,1299,229,801,182,732,177,322,128,619,143,534,150,269,105,1291,545,1172,541,454,168,568,137,538,136,254,109,2007,301,1934,294,1001,201,1725,301,1707,301,971,197,378,176,353,165,139,101,55,62,55,62,22,36,151,90,88,59,47,35,0,15,0,15,0,15,326,181,184,178,0,15,362,328,362,328,90,76,878,410,681,393,62,54,46688,10809,39048,5864,63594,18535,54063,14806,71346,43927,32.1,13.8,32.3,9.9,32.1,14.3,3.5,4.4,5.3,3.1,4,2.6,24.1,8.1,19.6,5.6,7.4,3.1,26.3,4.8,13.3,4,90.8,3.9,39.6,5.6,91.4,6,40.2,12.9,86.3,9.7,43.5,13.3,90.8,8,35.2,10.9,94.7,7.7,44.7,15.3,96.4,3.4,49.9,7.5,99,1.7,56.3,8.3,93.4,8.9,36.8,22.6,100,12.9,24.9,31.2,77.6,13.4,7.1,7.1,37.3,24.7,6.1,6.3,9.8,7.1,17.2,11.6,241,115,135,86,29,32,72,57,5,8,1704,373,103,79,57,53,429,326,472,180,96,59,404,110,143,72,1544,365,547,120,501,144,455,132,171,87,252,80,221,78,107,53,694,342,611,330,137,56,257,85,257,85,132,64,999,228,944,226,404,95,867,228,849,227,391,90,218,129,193,118,62,77,21,32,21,32,0,15,64,41,64,41,47,35,0,15,0,15,0,15,101,65,21,24,0,15,301,324,301,324,34,37,493,353,376,332,35,38,52599,20318,24861,18042,39012,4094,75000,39652,59091,22760,128958,35253,56,20,12,14.4,29.9,18.5,2.1,3.5,6,4.7,3.3,3.1,25.2,15.1,27.7,9.9,5.6,3.5,23.7,8.8,8.4,4.2,90.6,5.2,32.1,9.8,90.8,6.6,34.1,17.2,87.7,12.9,42.5,17.4,88,10,19.7,14.8,100,17.6,51.4,17.4,94.5,5,40.4,9.2,97.9,3.4,45.1,10.1,88.5,15.3,28.4,30.4,100,15.3,11.3,19.6,76.3,18.4,7.1,9.5,24.4,28.7,4.7,6.8,6.3,8.1,9.5,7,242,143,20,33,127,94,83,68,12,14,1575,256,70,51,73,55,360,207,172,75,148,73,459,173,293,94,1432,265,752,206,300,85,277,84,151,76,367,95,313,95,162,67,597,232,561,238,317,170,311,93,281,87,122,67,1008,194,990,191,597,192,858,193,858,193,580,192,160,84,160,84,77,56,34,41,34,41,22,36,87,73,24,27,0,15,0,15,0,15,0,15,225,169,163,174,0,15,61,47,61,47,56,46,385,188,305,190,27,27,45550,8216,45067,33537,51000,27070,44479,32300,65139,22235,8.3,12.3,52.5,21.3,34.3,21.5,5,6.4,4.4,3.4,4.6,3.5,22.9,11.4,10.9,5.2,9.4,5,29.1,8.8,18.6,5.6,90.9,5.2,47.7,9.5,92.3,11.2,50.3,18.7,85.3,12.9,44.1,16.3,94,6.7,53.1,20.8,90.4,13.6,39.2,18.8,98.2,2.7,59.2,11.9,100,5.7,67.6,12,100,26.3,48.1,30.6,100,47.1,91.8,14.5,79.2,17.6,7,7.8,51.7,30.7,7.8,11.1,15.9,14.5,22.7,18.3
1400000US48121020115,Census Tract 201.15; Denton County; Texas,380,178,17,21,142,105,175,130,46,54,4360,499,197,139,229,143,772,246,1271,448,385,148,1140,247,366,160,3934,490,1506,301,1325,478,1173,470,259,128,848,197,751,186,360,145,1500,240,1411,226,603,199,687,203,599,183,284,119,3367,542,3273,526,1158,282,2883,506,2829,500,1053,256,247,124,213,107,146,92,27,40,27,40,12,18,145,72,101,62,81,53,0,21,0,21,0,21,72,100,69,99,42,59,502,335,251,167,67,66,924,316,630,206,136,119,63899,4805,40833,11748,67680,6456,73125,12794,81346,35024,4.5,6,37.4,20.1,46.1,21.5,12.1,14.5,4.5,3.1,5.3,3.3,17.7,5.7,29.2,8,8.8,3.7,26.1,5.5,8.4,3.6,90.2,4.2,34.5,6.7,88.5,6.9,19.5,11.5,88.6,12.8,42.5,16.1,94.1,7.2,40.2,10.5,87.2,13.2,41.3,14.5,97.2,2.4,34.4,8.6,98.1,1.6,36.5,9.4,86.2,15.3,59.1,22,50,23.8,13.3,13.2,68.2,16.3,14.7,10.7,26.3,33.4,3.1,4.4,5.2,5.6,4.4,3.4,149,105,3,4,132,102,14,18,0,21,2159,306,33,51,98,89,319,155,676,293,210,105,623,167,200,126,2028,314,823,198,577,297,502,291,63,50,415,151,415,151,218,123,825,157,788,152,367,144,342,110,323,109,175,72,1733,322,1670,311,681,188,1489,293,1466,293,596,163,120,68,120,68,63,48,12,18,12,18,12,18,88,59,53,40,49,40,0,21,0,21,0,21,23,42,23,42,0,21,183,120,150,111,18,24,409,138,336,141,87,96,68339,3007,37036,14347,41923,30611,69145,7791,76667,9322,113125,106158,2,3.4,88.6,13.2,9.4,12.4,0,27.8,1.5,2.3,4.5,4.1,14.8,7.3,31.3,10.8,9.7,5,28.9,7.5,9.3,5.9,93.9,4.5,38.1,9.3,87,14.6,10.9,9.1,100,11.3,52.5,22.7,95.5,5.6,44.5,15.8,94.4,8.4,51.2,20.6,96.4,4.1,39.3,11.7,98.5,2,40,12.4,100,32.7,52.5,32,82,25.8,9.8,13.9,82.2,17.6,21.3,20.2,0,30.7,5.6,9.7,9.7,10.3,5.8,4.9,231,132,14,20,10,21,161,128,46,54,2201,257,164,102,131,149,453,148,595,197,175,114,517,173,166,89,1906,236,683,180,748,239,671,228,196,114,433,156,336,126,142,80,675,145,623,139,236,86,345,146,276,111,109,65,1634,269,1603,264,477,152,1394,260,1363,256,457,148,127,80,93,77,83,77,15,23,15,23,0,21,57,35,48,32,32,31,0,21,0,21,0,21,49,60,46,59,42,59,319,236,101,101,49,63,515,233,294,122,49,63,59023,8685,39872,13352,63379,5050,66325,20540,66438,31918,6.1,9.6,4.3,9.1,69.7,27.6,19.9,22.9,7.5,4.3,6,6.5,20.6,6.9,27,7.9,8,5.3,23.5,7.5,7.5,4,86.6,8.2,31,7.6,89.7,8.1,26.2,16.5,77.6,23.2,32.8,18.4,92.3,9.3,35,11.8,80,22.9,31.6,18.2,98.1,2,29.2,8.6,97.8,2.3,32.8,10.3,73.2,31.9,65.4,34.3,31.7,31.1,15.4,18.7,57.1,28.2,9.5,10.7,38,42,1.3,2.3,0,6.3,2.6,3.1
1400000US48121020120,Census Tract 201.20; Denton County; Texas,803,332,19,38,182,119,328,134,274,244,4301,653,186,162,235,113,801,271,1333,486,373,158,1004,350,369,123,3880,605,1373,359,953,423,932,417,440,317,1354,247,1193,202,489,178,1722,292,1513,269,360,144,272,103,242,73,84,70,2654,652,2498,623,913,309,2161,537,2094,521,861,301,678,404,642,398,149,96,0,21,0,21,0,21,143,114,143,114,105,102,0,21,0,21,0,21,466,329,274,174,69,78,360,252,323,210,137,101,1268,370,914,214,212,120,64020,12169,33505,2399,68089,21164,80208,39322,101250,28524,2.4,4.5,22.7,12.8,40.8,19.5,34.1,22.2,4.3,3.6,5.5,2.5,18.6,5.7,31,9.6,8.7,3.6,23.3,7.3,8.6,3.2,90.2,4.8,31.9,7.6,97.8,3.4,46.2,23.3,88.1,8.1,36.1,11.7,87.9,9.5,20.9,9.2,89,14.1,30.9,18.1,94.1,3.6,34.4,10.6,96.9,3.4,39.8,13.1,94.7,9.6,22,16.4,89.7,10.2,38.1,10.1,72.1,11.9,16.7,8,14,17,18.6,22.4,6.3,5.9,0,3.6,269,152,0,21,63,64,206,135,0,21,2398,488,36,65,124,94,511,265,854,307,192,103,568,256,113,80,2238,482,681,253,486,311,486,311,230,221,795,161,759,147,253,113,958,251,834,261,164,89,159,69,159,69,34,53,1588,520,1564,517,487,242,1333,469,1309,467,435,233,321,198,285,187,50,62,0,21,0,21,0,21,43,44,43,44,17,26,0,21,0,21,0,21,203,175,140,129,28,45,243,164,206,125,99,87,650,230,514,187,142,100,78503,6177,63311,19173,40670,6254,78963,7297,114264,27635,134125,43498,0,16.9,23.4,21.4,76.6,21.4,0,16.9,1.5,2.8,5.2,3.8,21.3,8.5,35.6,10.9,8,4.1,23.7,9.7,4.7,3.6,93.3,4.6,28.4,9.9,100,9.8,47.3,30.9,95.5,7.9,31.8,14.3,87.1,10.1,17.1,11.3,100,26.5,21.4,29,98.5,2.4,30.7,14.1,98.2,2.8,32.6,16.8,88.8,18.9,15.6,19.3,84.8,15.6,40.7,22.4,79.1,13.6,21.8,10.7,0,26.3,29.2,31,5.2,6.4,0,7.1,534,278,19,38,119,98,122,98,274,244,1903,288,150,153,111,82,290,155,479,252,181,107,436,166,256,98,1642,260,692,174,467,235,446,235,210,126,559,169,434,131,236,107,764,128,679,79,196,92,113,59,83,43,50,46,1066,191,934,167,426,140,828,136,785,133,426,140,357,227,357,227,99,84,0,21,0,21,0,21,100,95,100,95,88,93,0,21,0,21,0,21,263,166,134,81,41,63,117,98,117,98,38,49,618,185,400,116,70,70,40929,9402,30325,9551,41699,14589,49828,30557,86467,29312,3.6,6.9,22.3,16.9,22.8,22.6,51.3,28,7.9,7.7,5.8,4.2,15.2,8.2,25.2,11.5,9.5,5.8,22.9,8.6,13.5,5.5,86.3,8.6,36.4,9.4,95.5,7.7,45,25.7,77.6,16.6,42.2,16.5,88.9,12.2,25.7,12.1,73.5,32.6,44.2,37.8,87.6,7.3,40,11.5,94.8,5.3,51.4,13.5,100,13,27.7,25.1,100,33.2,32.5,37.1,64.7,21.5,11.3,12.2,22.6,26.1,0,15.8,8.2,12.3,0,7
1400000US48121020128,Census Tract 201.28; Denton County; Texas,422,188,79,76,69,68,274,166,0,23,7426,818,157,138,127,91,784,338,1122,298,353,188,3186,741,1697,453,7142,831,4883,878,1750,611,1671,610,1132,531,2690,430,2615,430,1890,442,2330,396,2250,395,1454,394,656,205,606,215,407,203,3976,530,3878,514,2758,551,3698,519,3600,499,2563,533,916,407,861,398,314,170,0,23,0,23,0,23,1643,709,1642,710,1355,643,0,23,0,23,0,23,302,215,230,167,96,96,589,293,531,271,360,237,775,298,645,237,308,144,78003,13485,42936,23437,60774,19024,84590,16130,111250,34482,18.7,18.4,16.4,13.6,64.9,22.1,0,11.2,2.1,1.9,1.7,1.2,10.6,4.5,15.1,4,4.8,2.5,42.9,7.7,22.9,5.6,96.2,2.3,65.8,7.9,95.5,5,64.7,18.3,97.2,3.4,70.3,8.6,96.6,3.1,62.4,11,92.4,11.9,62,16.7,97.5,1.9,69.4,7.3,97.3,2,69.3,7.7,94,8.2,34.3,14.1,90.2,14.9,61.1,23,83.2,12.9,39.7,17.6,20.4,28.6,0,6.2,1.1,2,2.2,1.8,120,103,21,35,34,47,65,79,0,23,3755,428,99,109,99,83,384,205,469,157,228,127,1558,378,918,346,3557,432,2476,466,813,296,734,286,415,226,1337,226,1336,225,1005,245,1275,230,1207,213,851,233,330,123,280,121,205,122,2072,361,2002,335,1580,347,1899,374,1829,344,1448,340,466,238,411,206,135,117,0,23,0,23,0,23,830,403,829,404,615,321,0,23,0,23,0,23,154,124,82,84,10,16,233,131,233,131,136,114,469,201,397,165,176,97,113199,8300,24388,3970,38256,24902,77763,22041,115082,12517,151250,31258,17.5,29.1,28.3,32.9,54.2,42,0,32.7,2.6,2.9,2.6,2.2,10.2,5.3,12.5,4,6.1,3.3,41.5,9.1,24.4,8.5,94.7,3.4,65.9,9.6,90.3,10.3,51,22.8,99.9,0.5,75.2,11,94.7,5.2,66.7,11.4,84.8,21.7,62.1,24.8,96.6,3.1,76.3,7.8,96.3,3.3,76.3,8.8,88.2,14.1,29,18.8,100,19.2,58.4,31,84.6,15.2,37.5,19.3,0,22.1,0,12.2,2.3,4.2,0.6,1.1,302,171,58,69,35,44,209,159,0,23,3671,503,58,91,28,32,400,174,653,229,125,81,1628,446,779,203,3585,490,2407,483,937,403,937,403,717,341,1353,283,1279,269,885,252,1055,221,1043,221,603,211,326,111,326,111,202,107,1904,278,1876,279,1178,269,1799,272,1771,272,1115,261,450,241,450,241,179,120,0,23,0,23,0,23,813,339,813,339,740,338,0,23,0,23,0,23,148,123,148,123,86,94,356,190,298,160,224,143,306,145,248,104,132,76,51234,13564,44680,32070,33750,30521,60025,22887,61938,30562,19.2,24.8,11.6,13.8,69.2,27.6,0,15.2,1.6,2.4,0.8,0.9,10.9,4.7,17.8,6.2,3.4,2.2,44.3,8.6,21.2,5.4,97.7,2.6,65.6,7.9,100,5.2,76.5,19.4,94.5,6.6,65.4,11.6,98.9,1.9,57.2,15,100,14.2,62,18.2,98.5,1.7,61.9,9.1,98.4,1.8,62,9.2,100,10.5,39.8,22.4,83.7,23.1,62.9,25.9,81,24.7,43.1,24.9,67.4,51.1,0,11.7,0,6.2,3.8,3.5
1400000US48121020203,Census Tract 202.03; Denton County; Texas,652,248,8,14,187,114,414,229,43,47,4267,389,185,116,228,121,1544,334,1024,292,285,125,594,208,407,280,3854,378,1001,313,1258,295,1196,273,304,161,1079,280,1006,282,390,193,1287,194,1116,182,230,113,643,212,536,219,77,58,3770,432,3395,387,953,309,3442,371,3190,355,902,298,130,84,130,84,13,21,98,110,78,80,9,17,31,37,26,32,26,32,0,21,0,21,0,21,55,54,45,42,0,21,183,139,180,136,0,21,601,117,445,139,51,55,50057,6694,46321,9879,52540,10785,57443,15208,56000,14045,1.2,2.2,28.7,16.7,63.5,18.6,6.6,7.5,4.3,2.6,5.3,2.8,36.2,6.5,24,6.7,6.7,2.9,13.9,4.6,9.5,6.6,90.3,4.1,23.5,7.3,95.1,4.4,24.2,13.4,93.2,6.6,36.1,14.9,86.7,7.8,17.9,8.1,83.4,12.3,12,9.6,90.1,4.5,25.3,8.3,92.7,3.9,26.2,8.6,100,30.9,10,15.5,98.4,6.1,0,23.6,74,20.3,8.5,8.8,10.7,12.2,8.7,7.8,6.3,6.1,4.7,5.1,261,129,0,21,91,75,127,94,43,47,2051,236,96,69,121,78,868,217,489,140,79,54,210,102,188,160,1834,209,398,166,658,212,596,183,32,30,550,212,523,210,205,162,640,121,553,108,129,78,203,80,162,88,32,32,1727,299,1540,257,393,166,1538,237,1451,234,393,166,66,58,66,58,0,21,48,75,28,43,0,21,5,10,5,10,5,10,0,21,0,21,0,21,36,46,26,32,0,21,169,132,169,132,0,21,413,95,283,118,0,21,68844,8095,28782,10295,70116,25229,76823,15595,86875,60590,68692,10608,0,17.4,34.9,22.2,48.7,24.9,16.5,17.1,4.7,3.2,5.9,3.6,42.3,8.6,23.8,7.8,3.9,2.6,10.2,4.7,9.2,7.6,89.4,4.9,19.4,7.5,90.6,7.8,4.9,4.5,95.1,7.9,37.3,20.5,86.4,8.1,20.2,10.7,79.8,22.3,15.8,15.6,89.2,5.5,22.8,9,94.3,4.6,25.6,9.6,100,45.3,0,45.3,100,25.2,0,25.2,68.5,23.7,0,11.4,18,21.4,2.2,4,0,8.4,7.3,10.5,391,208,8,14,96,74,287,191,0,21,2216,330,89,83,107,73,676,261,535,195,206,107,384,164,219,137,2020,343,603,199,600,198,600,198,272,157,529,168,483,169,185,112,647,113,563,128,101,55,440,176,374,177,45,48,2043,334,1855,340,560,195,1904,329,1739,328,509,175,64,59,64,59,13,21,50,45,50,45,9,17,26,31,21,28,21,28,0,21,0,21,0,21,19,31,19,31,0,21,14,23,11,17,0,21,188,88,162,96,51,55,40823,3203,31875,16463,41173,4290,45469,14434,53806,1849,2,4,24.6,18.8,73.4,19.7,0,12,4,3.8,4.8,3.4,30.5,9.3,24.1,7.6,9.3,4.7,17.3,7.2,9.9,6.4,91.2,5.2,27.2,9.1,100,8,45.3,23.3,91.3,9.8,35,18.6,87,12.9,15.6,7.9,85,11.6,10.2,11.2,90.8,5.7,27.4,9.9,91.3,5.6,26.7,9.6,100,46,20.3,32.3,78.6,78.6,0,98.3,86.2,21.5,27.1,25.1,2.6,5.7,17,13.7,11.1,10.5,3,4.3
1400000US48121020204,Census Tract 202.04; Denton County; Texas,463,156,17,20,119,92,250,92,77,64,4543,793,173,118,357,218,1141,431,1201,285,395,149,924,292,352,148,4013,655,1276,330,434,166,402,160,165,106,1027,280,843,297,283,129,2111,471,1892,308,634,236,971,268,876,279,194,81,3553,513,3197,499,1052,296,3371,507,3115,496,1022,294,430,574,298,381,21,32,0,21,0,21,0,21,160,183,160,183,109,177,0,21,0,21,0,21,167,109,153,107,31,43,233,97,205,91,63,56,426,165,296,142,68,69,55807,6782,38379,5291,57826,9937,62333,26141,69091,28170,3.7,4.4,25.7,14.8,54,12.7,16.6,14,3.8,2.6,7.9,4,25.1,7,26.4,6,8.7,3.3,20.3,6.1,7.7,3.1,88.3,4.6,28.1,6.6,92.6,7.8,38,16.7,82.1,12.4,27.6,11.9,89.6,8.4,30,10.8,90.2,8,20,9.3,90,4.6,29.6,6.5,92.4,4.5,30.3,6.6,69.3,11.6,4.9,15.7,88,11.9,27,19,69.5,17.6,16,14.7,0.9,1.9,16.7,12.7,0.4,0.7,4.3,4.6,169,110,8,12,97,92,39,50,25,45,2037,319,103,93,173,102,556,220,574,180,182,93,370,180,79,51,1761,327,449,190,228,106,220,104,129,93,440,109,294,111,33,36,1009,250,939,243,214,130,360,103,308,102,73,44,1551,207,1289,201,356,140,1435,194,1249,195,326,133,171,195,171,195,12,19,0,21,0,21,0,21,76,90,76,90,46,77,0,21,0,21,0,21,81,65,67,62,0,21,158,83,158,83,35,53,251,106,161,94,30,48,68080,5714,56689,20642,54730,11774,70602,12792,80724,27334,83813,12974,4.7,7.8,57.4,35,23.1,28.2,14.8,25.1,5.1,4.5,8.5,5.2,27.3,9,28.2,8,8.9,4.7,18.2,8.2,3.9,2.5,86.5,6.3,22,8.5,96.5,5.2,56.6,21.5,66.8,17.2,7.5,8.3,93.1,7.8,21.2,12.5,85.6,13.8,20.3,13,83.1,7.6,23,8.6,87,7.7,22.7,8.9,100,24.9,7,19.6,100,26.6,22.2,29.3,64.1,21.6,12,17.6,1.4,3,28.1,27.2,0,6.4,0,10.5,294,90,9,16,22,23,211,83,52,45,2506,589,70,74,184,200,585,246,627,223,213,123,554,220,273,136,2252,479,827,245,206,98,182,94,36,33,587,254,549,261,250,123,1102,277,953,193,420,192,611,243,568,248,121,56,2002,446,1908,456,696,258,1936,446,1866,456,696,258,259,386,127,193,9,13,0,21,0,21,0,21,84,107,84,107,63,101,0,21,0,21,0,21,86,60,86,60,31,43,75,47,47,30,28,23,175,70,135,64,38,45,38016,9038,34812,6860,48484,12287,32679,11248,59436,24962,3.1,5.5,7.5,8.3,71.8,15.5,17.7,14.8,2.8,3.1,7.3,7,23.3,7.7,25,7.8,8.5,4.9,22.1,7.7,10.9,5.4,89.9,7.2,33,8.1,88.3,16.4,17.5,14.6,93.5,9.8,42.6,19.4,86.5,16,38.1,14.5,93,9.7,19.8,10.8,95.3,4.3,34.8,8.2,96.4,4,36,8.2,49,10.1,3.5,12.7,62.7,24.1,37.3,19.9,77.1,22.3,21.7,24,0.4,1.9,6,6.4,0.8,1.3,6.7,7.1
1400000US48121020322,Census Tract 203.22; Denton County; Texas,380,152,72,90,155,88,93,90,60,95,5339,618,256,221,300,249,932,393,1169,312,164,101,1812,432,706,208,4783,584,2518,442,1011,299,943,287,499,202,1137,384,983,339,625,297,2444,476,2154,443,1120,372,747,218,703,214,274,108,4013,624,3881,588,1938,441,3792,588,3707,558,1886,431,124,116,124,116,55,64,0,21,0,21,0,21,257,165,191,102,173,106,0,21,0,21,0,21,229,135,206,122,96,75,716,503,381,210,256,145,962,497,580,199,237,106,64857,5970,38450,7463,58981,7641,105076,37527,86250,18521,18.9,21.3,40.8,23.8,24.5,21.5,15.8,23,4.8,3.9,5.6,4.4,17.5,6.5,21.9,6.2,3.1,1.8,33.9,7.6,13.2,4.2,89.6,7.8,47.2,8.2,93.3,6.2,49.4,20.1,86.5,18.4,55,19.2,88.1,8.8,45.8,11.3,94.1,6.4,36.7,13.4,96.7,2.5,48.3,8.6,97.8,2.3,49.7,9.4,100,31.9,44.4,47.7,53.2,39.6,35.8,29.9,60.3,31.4,24.6,15.7,11,18.8,6.8,7.3,7.7,8.2,3.8,3.8,264,132,72,90,62,56,70,75,60,95,2678,458,47,55,252,243,492,247,506,190,80,62,1009,394,292,115,2379,457,1301,382,512,166,485,167,292,132,569,219,569,219,335,209,1244,378,992,328,498,302,353,114,333,114,176,77,2045,468,1954,450,1010,382,1886,444,1842,437,981,381,99,104,99,104,30,45,0,21,0,21,0,21,122,84,71,41,71,41,0,21,0,21,0,21,103,67,103,67,60,47,309,264,152,117,130,114,472,265,268,131,134,111,80581,34473,63718,812,55268,30790,98048,33574,166346,74474,148419,45590,27.3,29.8,23.5,23.8,26.5,27.1,22.7,32.4,1.8,2,9.4,8.9,18.4,8.2,18.9,7.7,3,2.3,37.7,11.3,10.9,5.1,88.8,9,48.6,10.6,94.7,8.7,57,26,100,8.4,58.9,21.7,79.7,17.4,40,17.8,94.3,9.3,49.9,19.1,95.6,4.5,49.4,11.8,97.7,4.1,52,13.2,100,36.9,30.3,47,49.2,44.5,42.1,39.6,56.8,32.8,28.4,23.8,14.7,28.6,8.1,8.3,0,8.2,0,3.8,116,78,0,21,93,72,23,32,0,21,2661,298,209,214,48,54,440,182,663,187,84,59,803,190,414,151,2404,267,1217,238,499,163,458,156,207,103,568,249,414,138,290,114,1200,248,1162,242,622,204,394,145,370,142,98,62,1968,286,1927,277,928,225,1906,286,1865,278,905,221,25,28,25,28,25,28,0,21,0,21,0,21,135,83,120,71,102,76,0,21,0,21,0,21,126,73,103,66,36,37,407,263,229,127,126,86,490,262,312,118,103,60,57938,8696,37800,16004,50074,14562,66953,16073,71339,19282,0,33.4,80.2,26.3,19.8,26.3,0,33.4,7.9,7.7,1.8,2,16.5,6.3,24.9,6.7,3.2,2.1,30.2,7.6,15.6,5.6,90.3,7.7,45.7,9.5,91.8,9.6,41.5,19.3,72.9,32.1,51.1,25.6,96.8,3.5,51.8,13.3,93.9,9.4,24.9,16,97.9,2.4,47.2,10.9,97.8,2.5,47.5,11.3,100,73.6,100,73.6,56.3,37.1,31,32,63.7,32.6,21,20.4,6.6,14.3,5.2,7.2,13.7,13.9,7.8,7.3
1400000US48121021202,Census Tract 212.02; Denton County; Texas,775,439,42,43,158,82,373,305,202,152,2766,347,252,151,256,83,643,219,772,182,164,76,434,115,245,100,2258,302,679,159,665,166,538,146,112,66,754,201,623,189,165,71,888,238,705,198,207,82,459,139,392,125,195,113,1393,225,1232,206,417,120,1163,205,1071,195,391,114,850,267,678,208,160,113,55,79,19,26,15,24,76,73,76,73,51,46,3,7,3,7,0,15,211,90,148,89,23,33,178,116,102,80,13,21,654,128,426,115,77,51,37827,6485,35710,16521,37156,11160,40670,10636,69276,53482,5.4,7.3,20.4,15.7,48.1,15.8,26.1,9.5,9.1,5.1,9.3,2.9,23.2,7,27.9,5.4,5.9,2.7,15.7,4.3,8.9,3.6,81.6,5.3,24.5,5.9,80.9,11.1,16.8,8.9,82.6,10.1,21.9,9,79.4,10.3,23.3,9.3,85.4,8.7,42.5,18.9,88.4,4.6,29.9,9.1,92.1,4.7,33.6,10.9,79.8,12.8,18.8,12,57.3,23.6,7.3,11,65.1,11,11.8,6.9,3.4,5.3,11.3,10.6,11.2,7.5,7,6.4,376,170,32,31,114,78,195,172,35,36,1491,200,139,98,162,63,371,151,396,130,49,45,226,90,148,72,1190,207,374,116,426,130,319,126,51,37,378,127,313,108,135,75,511,162,390,136,86,52,176,75,168,77,102,60,713,101,602,107,266,91,606,89,533,96,242,83,452,160,371,133,81,67,4,9,4,9,0,15,41,41,41,41,16,25,0,15,0,15,0,15,174,89,111,86,11,19,107,79,61,61,0,15,372,118,241,112,35,36,46157,14425,40625,32783,36667,25511,50481,10759,67583,48858,68289,62744,8.5,9.3,30.3,20.2,51.9,27.8,9.3,11.7,9.3,6.4,10.9,4.4,24.9,8.9,26.6,7.4,3.3,3,15.2,6.2,9.9,4.9,79.8,7.6,25.1,8,74.9,16,12,8.2,82.8,14.3,35.7,16.7,76.3,15.2,16.8,10.4,95.5,7.8,58,25.1,84.4,9,37.3,12.2,88,8.5,39.9,13.3,82.1,16.2,17.9,14.3,57,29.7,0,35.2,64.8,15.1,9.4,9,0,27.1,21.7,20.7,13.9,14.2,7.9,7.6,399,300,10,16,44,39,178,148,167,161,1275,242,113,74,94,59,272,153,376,138,115,65,208,81,97,68,1068,217,305,102,239,89,219,86,61,40,376,146,310,134,30,32,377,159,315,148,121,62,283,105,224,91,93,72,680,173,630,170,151,62,557,160,538,160,149,64,398,157,307,138,79,78,51,79,15,24,15,24,35,40,35,40,35,40,3,7,3,7,0,15,37,35,37,35,12,17,71,61,41,49,13,21,282,110,185,86,42,34,32240,4507,28750,21331,33750,5766,29966,3427,93942,70696,2.5,5.6,11,14.9,44.6,11.7,41.9,16.1,8.9,5.8,7.4,4.3,21.3,10.2,29.5,9,9,4.9,16.3,6.6,7.6,5.5,83.8,6.2,23.9,8.6,91.6,10.3,25.5,16,82.4,14.7,8,8.8,83.6,12.8,32.1,18.2,79.2,14.2,32.9,19.9,92.6,5.9,22.2,10.9,96.6,4,26.8,14.1,77.1,13.6,19.8,18.4,57.7,43.8,18.3,22.9,65.6,19.7,14.9,10.2,6,9.4,1.2,3.3,9.3,8.7,5.9,7.7
1400000US48121021415,Census Tract 214.15; Denton County; Texas,722,339,54,56,327,203,154,109,187,155,5857,667,203,142,239,153,1018,431,1330,456,425,200,1663,393,979,508,5415,638,2642,532,1533,540,1415,506,762,281,1381,305,1302,294,784,230,2008,423,1867,386,726,331,935,312,831,299,370,200,3384,576,3241,600,1510,382,2943,408,2815,435,1459,384,755,264,755,264,571,334,42,42,42,42,33,39,389,146,389,146,324,125,0,21,0,21,0,21,522,374,397,283,90,94,765,540,591,410,114,93,1571,587,1257,477,141,103,60755,6495,44484,28296,40655,22476,80047,18487,102642,1938,7.5,7.6,45.3,19.5,21.3,14.9,25.9,15,3.5,2.4,4.1,2.5,17.4,6.3,22.7,7.7,7.3,3.3,28.4,7.3,16.7,8.4,92.5,3.6,45.1,9.1,92.3,8.7,49.7,21.1,94.3,5.8,56.8,13.9,93,5.7,36.2,14.1,88.9,14.2,39.6,15.5,95.8,4.4,44.6,10.2,95.7,4.8,49.6,10.8,100,6.4,75.6,25.8,77.3,7.3,14.9,16,80,8,9,7.6,0,10.7,2.4,3.4,1.7,2.6,2,3.2,294,187,14,23,229,178,29,45,22,36,2909,317,203,142,31,58,289,172,794,316,267,175,718,261,607,290,2675,335,1325,365,885,308,885,308,529,252,534,202,503,197,267,152,1054,272,913,252,355,219,436,147,374,144,174,97,1850,337,1764,350,765,275,1603,287,1517,301,731,273,346,160,346,160,243,223,33,39,33,39,33,39,222,102,222,102,186,93,0,21,0,21,0,21,264,209,172,139,59,71,194,145,138,133,39,51,644,268,496,232,93,90,60072,7746,45246,27653,59720,30354,34808,32780,105575,47064,100668,56730,4.8,8.7,77.9,23.1,9.9,16.4,7.5,13.1,7,4.8,1.1,2,9.9,6,27.3,10.2,9.2,6.2,24.7,8.4,20.9,9.5,92,5.2,45.5,10.9,100,5.5,59.8,21.4,94.2,10.8,50,23.8,86.6,11.1,33.7,17.3,85.8,16.5,39.9,18.5,95.4,4.6,41.4,12.1,94.6,5.2,45.6,14.1,100,13.4,70.2,42.3,71.1,45.3,20.1,25.3,77,18.8,14.4,13.8,0,19.1,8.3,13.9,0,4.6,2.1,3.4,428,237,40,55,98,97,125,96,165,149,2948,471,0,21,208,157,729,409,536,210,158,106,945,262,372,260,2740,423,1317,271,648,323,530,288,233,112,847,262,799,256,517,199,954,200,954,200,371,171,499,199,457,191,196,132,1534,322,1477,328,745,217,1340,231,1298,238,728,213,409,199,409,199,328,156,9,16,9,16,0,21,167,59,167,59,138,64,0,21,0,21,0,21,258,189,225,167,31,59,571,419,453,295,75,73,927,416,761,319,48,65,63605,11618,43076,26818,42024,27441,67407,11918,103483,21579,9.3,11.2,22.9,21.8,29.2,19.8,38.6,23.9,0,1.7,7.1,5,24.7,11.2,18.2,7.5,5.4,3.6,32.1,11.1,12.6,8.6,92.9,5,44.7,11.2,81.8,20.4,36,24.2,94.3,7.5,61,15.4,100,5.1,38.9,16.6,91.6,13.2,39.3,18.4,96.3,4.7,48.6,13.5,96.9,5,54.3,12,100,11.5,80.2,27.2,79.3,13.4,13.1,16.2,82.1,11.4,5.2,8.4,0,21.2,0,6.6,4.3,6.5,1.9,3.1
1400000US48121021533,Census Tract 215.33; Denton County; Texas,298,166,8,13,143,94,30,30,117,150,4124,404,80,63,200,105,589,140,627,117,493,211,1361,322,774,175,3844,379,2135,357,921,262,921,262,494,209,1174,170,1069,153,626,151,1565,196,1441,181,862,164,464,77,413,83,153,66,2421,167,2370,175,1155,167,2131,167,2098,167,1076,160,424,260,364,259,245,258,56,56,56,56,12,14,589,169,578,170,484,158,24,44,24,44,0,21,103,72,42,39,2,3,507,227,410,169,237,159,773,192,600,150,291,154,66165,10616,55167,13982,42143,19642,69148,13185,120972,36102,2.7,4.7,48,32.6,10.1,12.1,39.3,34.9,1.9,1.5,4.8,2.4,14.3,3.5,15.2,2.9,12,4.7,33,6.6,18.8,3.9,93.2,2.4,51.8,6.5,100,5.3,53.6,13,91.1,6,53.3,11.9,92.1,4.4,55.1,8,89,9.5,33,14,97.9,1.8,47.7,6.4,98.5,1.7,50.5,6.7,85.8,16.1,57.8,33.1,80.9,10.1,46.7,16,77.6,8.4,37.6,13.8,5.7,9.6,6.3,7.1,4,3.2,0.3,0.5,102,77,0,21,79,76,9,16,14,17,1889,208,25,32,138,96,205,92,289,90,230,113,589,138,413,129,1726,203,1002,178,296,95,296,95,148,65,630,129,525,108,291,95,807,135,765,138,502,124,156,53,140,47,61,42,1138,143,1105,138,552,101,1049,146,1016,139,500,94,125,91,65,63,57,62,56,56,56,56,12,14,297,108,297,108,271,103,24,44,24,44,0,21,38,37,38,37,2,3,211,105,141,88,108,85,323,102,253,92,145,89,98125,11651,81335,49228,34450,22500,58080,16887,119917,35631,168083,35147,0,36.2,77.5,27.2,8.8,17.8,13.7,18,1.3,1.7,7.3,5,10.9,4.8,15.3,4.4,12.2,5.6,31.2,7,21.9,6.5,91.4,4.9,53,8.6,100,15.5,50,20.3,83.3,10.7,46.2,15.4,94.8,7.1,62.2,11.6,89.7,15.1,39.1,26.2,97.1,3.1,48.5,8.5,96.9,3.3,47.7,8.7,52,35.4,45.6,34.9,66.8,29.9,51.2,31.7,78.3,20,44.9,25,9.8,17.7,3.4,5.5,1.7,2.9,0.7,1.1,196,160,8,13,64,60,21,26,103,150,2235,314,55,47,62,43,384,111,338,102,263,131,772,293,361,106,2118,321,1133,312,625,236,625,236,346,194,544,111,544,111,335,101,758,120,676,134,360,128,308,58,273,69,92,44,1283,107,1265,113,603,122,1082,110,1082,110,576,119,299,259,299,259,188,243,0,21,0,21,0,21,292,77,281,74,213,63,0,21,0,21,0,21,65,48,4,8,0,21,296,159,269,152,129,132,450,121,347,126,146,131,55616,7439,58333,13615,38199,3987,60448,24060,59741,25164,4.1,8,32.7,36.6,10.7,15.6,52.6,44.8,2.5,2.1,2.8,2,17.2,5.5,15.1,4.6,11.8,5.6,34.5,9.9,16.2,4.4,94.8,2.5,50.7,9,100,7.7,55.4,19.5,100,8.8,61.6,11.8,89.2,7.3,47.5,12.2,88.6,11.3,29.9,14.9,98.6,2,47,8.7,100,4.5,53.2,9.5,100,15.4,62.9,43,90.9,11.7,43.6,29.4,77.1,11.9,32.4,22.7,0,33.2,7.8,9.6,6,5.7,0,4.3
1400000US48121021611,Census Tract 216.11; Denton County; Texas,249,105,5,11,130,70,76,64,38,27,3106,319,114,96,82,55,634,212,596,186,296,121,929,163,455,158,2910,295,1384,200,609,170,609,170,301,119,743,198,711,195,348,137,1309,249,1168,225,560,137,445,118,422,116,175,67,1620,229,1576,224,706,131,1419,207,1389,208,642,131,399,163,399,163,164,82,0,15,0,15,0,15,667,192,587,153,457,161,0,15,0,15,0,15,129,106,117,101,20,32,291,154,231,139,37,26,571,176,485,158,105,62,63667,6225,40521,7342,60125,24209,83947,14992,120875,25563,2,4.8,52.2,19.2,30.5,18.9,15.3,11.1,3.7,3,2.6,1.7,20.4,6.4,19.2,5.8,9.5,3.5,29.9,5.5,14.6,4.8,93.7,4,44.6,6.1,100,7.9,49.4,16.8,95.7,5.1,46.8,11.6,89.2,6.7,42.8,9.5,94.8,6.9,39.3,11.3,97.3,2.3,43.6,7,97.9,2.2,45.2,7.4,100,11.8,41.1,19.1,79.4,19,12.7,10.4,84.9,9.8,18.4,10.5,14.8,22.6,15.1,14.1,5.6,5.3,0.8,1.3,139,74,5,11,61,46,66,57,7,11,1508,184,78,70,51,42,332,116,283,105,118,72,368,105,278,114,1379,174,646,146,204,84,204,84,42,37,387,135,355,128,242,113,751,159,658,145,303,100,166,56,162,58,59,36,775,145,739,141,351,105,672,139,650,137,297,101,182,81,182,81,52,40,0,15,0,15,0,15,317,95,283,88,206,105,0,15,0,15,0,15,61,50,49,47,0,15,173,86,126,66,37,26,315,110,242,91,75,51,77656,21660,45969,12191,39737,10430,62375,20688,101285,7605,165278,67585,3.6,8.7,43.9,26.3,47.5,26.7,5,7.6,5.2,4.5,3.4,2.8,22,7.2,18.8,7.2,7.8,4.4,24.4,6.4,18.4,7.1,91.4,4.7,42.8,8.2,100,21.5,20.6,18.4,91.7,9.4,62.5,15.6,87.6,7.1,40.3,10.2,97.6,6.1,35.5,17.8,95.4,4.3,45.3,11.2,96.7,4.1,44.2,12.1,100,23.7,28.6,18.8,72.8,21.7,21.4,16,76.8,13.8,23.8,13.7,20.2,28,17.8,13.8,5,6.7,1.7,2.8,110,71,0,15,69,63,10,15,31,23,1598,190,36,37,31,39,302,120,313,115,178,82,561,114,177,81,1531,175,738,114,405,136,405,136,259,105,356,112,356,112,106,44,558,120,510,115,257,77,279,89,260,83,116,55,845,138,837,137,355,79,747,114,739,113,345,81,217,112,217,112,112,71,0,15,0,15,0,15,350,120,304,89,251,78,0,15,0,15,0,15,68,64,68,64,20,32,118,89,105,87,0,15,256,92,243,92,30,35,59362,8831,42841,15318,44716,41362,63383,5787,90250,59644,0,34.6,62.7,27.9,9.1,13.7,28.2,24.3,2.3,2.2,1.9,2.4,18.9,7,19.6,6.8,11.1,4.7,35.1,7.5,11.1,4.9,95.8,4.2,46.2,7.1,100,11.6,64,20.9,100,13.1,29.8,11.7,91.4,7.8,46.1,15.2,93.2,9.4,41.6,14.8,99.1,1.5,42,7.8,98.9,1.7,46.2,8.4,100,20.4,51.6,28.4,89,16.7,0,33,94.9,6.9,11.7,14,4.5,10.1,12.3,17.4,6.1,7.2,0,6.5
1400000US48121021613,Census Tract 216.13; Denton County; Texas,541,229,23,30,264,140,169,165,85,72,3872,501,369,211,314,112,932,373,878,245,356,179,769,240,254,140,3189,420,1023,256,932,301,887,299,210,134,1081,407,692,269,200,104,1412,246,1234,269,517,217,447,182,376,161,96,69,1685,424,1422,360,410,156,942,214,929,209,394,152,558,294,528,309,109,85,30,42,30,42,0,21,506,150,438,165,341,153,85,85,85,85,0,21,536,319,325,194,35,42,472,259,361,208,128,121,1744,464,1172,380,174,141,46499,2447,41063,17697,41034,12120,64178,16208,59102,15295,4.3,5.6,48.8,22,31.2,24.2,15.7,14.2,9.5,4.9,8.1,2.8,24.1,9,22.7,6.5,9.2,4.3,19.9,5.7,6.6,3.7,82.4,5.6,26.4,6.1,95.2,5.2,22.5,12.6,64,14.4,18.5,10.4,87.4,7.9,36.6,12.4,84.1,18.3,21.5,15.5,84.4,9.5,24.3,9.4,98.6,1.6,41.8,15.6,94.6,8.5,19.5,10.5,76.5,26.4,27.1,25.8,67.2,12,10,8.3,26.1,23.1,1.4,2.1,8.1,8.8,1.9,2.7,291,147,23,30,143,107,92,91,33,31,1962,313,283,186,100,71,418,244,507,188,158,97,428,166,68,79,1579,273,496,173,491,159,461,163,126,91,637,281,387,192,124,69,600,157,502,193,201,148,234,147,229,147,45,37,824,237,740,223,192,97,513,144,501,139,192,97,263,123,233,128,0,21,26,41,26,41,0,21,236,94,221,96,197,98,0,21,0,21,0,21,308,219,165,139,18,28,305,198,194,134,89,110,922,305,596,277,107,111,47356,4098,46376,15730,45941,6592,48889,11927,63882,29542,54500,24412,7.9,10.4,49.1,26.7,31.6,25.5,11.3,12.8,14.4,8.7,5.1,3.6,21.3,11.7,25.8,8.9,8.1,4.9,21.8,8.4,3.5,3.9,80.5,8.7,25.3,8.6,93.9,8.1,25.7,18,60.8,20.1,19.5,10.3,83.7,15.8,33.5,20.6,97.9,2.5,19.2,19.7,89.8,10.2,23.3,11.8,97.7,2.9,37.4,18.3,88.6,15.7,0,17.2,63.6,36.2,29.2,33.8,64.6,18.5,11.6,12.3,21.4,23.8,3.1,5,2.7,4.2,3.8,5.6,250,130,0,21,121,91,77,81,52,53,1910,295,86,93,214,88,514,216,371,140,198,132,341,174,186,107,1610,273,527,194,441,212,426,208,84,69,444,190,305,166,76,64,812,185,732,175,316,170,213,112,147,88,51,42,861,244,682,192,218,100,429,122,428,121,202,98,295,221,295,221,109,85,4,8,4,8,0,21,270,106,217,116,144,107,85,85,85,85,0,21,228,136,160,116,17,31,167,165,167,165,39,54,822,241,576,205,67,65,34757,22555,28861,9762,31396,9577,68036,28554,59258,24178,0,18,48.4,28.2,30.8,28.6,20.8,20.3,4.5,4.7,11.2,4.6,26.9,10.4,19.4,7.7,10.4,6.7,17.9,8,9.7,5.9,84.3,6.2,27.6,9,96.6,5.7,19,14.9,68.7,17.9,17.1,16.6,90.1,6.7,38.9,15.8,69,35.4,23.9,20.2,79.2,11,25.3,12.1,99.8,0.9,47.1,20.5,100,15.5,36.9,16.7,100,25.4,23.4,41.8,70.1,13,8.2,8.1,32,26,0,9.3,14.4,14.9,0,9
1400000US48121021632,Census Tract 216.32; Denton County; Texas,285,115,57,36,110,74,64,45,54,49,2582,264,0,15,94,69,353,105,522,161,99,62,1095,212,419,119,2488,277,1514,220,448,149,448,149,267,126,282,98,274,98,166,70,1333,188,1264,184,778,145,519,63,502,66,303,79,1853,242,1836,238,1159,163,1748,246,1739,244,1109,158,346,149,286,158,202,137,61,87,61,87,0,15,144,78,144,78,101,60,0,15,0,15,0,15,54,48,54,48,18,19,124,58,107,57,34,27,261,122,244,122,83,49,68087,6046,26667,15724,57762,4241,70516,7846,118315,23331,20,11.9,38.6,19.3,22.5,14.5,18.9,13.2,0,1.9,3.6,2.7,13.7,4.1,20.2,5.2,3.8,2.4,42.4,7.1,16.2,4.3,96.4,2.7,58.6,6.4,100,10.6,59.6,20.5,97.2,5.2,58.9,19.4,94.8,4.8,58.4,8.8,96.7,3.5,58.4,12.8,99.1,1.1,62.5,7.2,99.5,0.8,63.4,7.2,82.7,20.9,58.4,27.8,86.3,14.6,27.4,18.5,93.5,8.2,31.8,20.6,0,37.9,13.3,11.1,3.2,4.8,0.3,0.6,141,82,24,20,77,66,24,24,16,28,1312,161,0,15,76,69,172,77,286,127,24,26,526,109,228,76,1236,156,754,100,203,85,203,85,109,63,146,66,138,67,94,51,720,124,660,115,402,82,243,48,235,49,149,50,982,165,974,162,607,102,928,164,928,164,575,94,183,99,123,69,89,58,0,15,0,15,0,15,68,46,68,46,48,34,0,15,0,15,0,15,14,22,14,22,0,15,65,48,57,47,10,15,74,50,66,51,38,42,81875,30242,41250,571,21944,15123,58866,28055,103347,25287,147788,34354,17,15.7,54.6,26.6,17,16.8,11.3,18.3,0,3.7,5.8,5.1,13.1,5.5,21.8,8.2,1.8,2,40.1,8.9,17.4,5.9,94.2,5.1,57.5,8.7,100,21.6,53.7,23.4,94.5,10.2,64.4,24.6,91.7,9.2,55.8,11,96.7,5.1,61.3,15.6,99.2,1.4,61.8,10.7,100,5.2,62,10.5,67.2,30.3,48.6,32,87.7,20,15.4,24.3,89.2,22,51.4,40.5,0,42.2,21.5,20.2,0,14.9,0,6.4,144,66,33,32,33,39,40,37,38,39,1270,197,0,15,18,19,181,70,236,107,75,54,569,153,191,74,1252,199,760,175,245,140,245,140,158,116,136,50,136,50,72,36,613,102,604,101,376,87,276,47,267,50,154,58,871,132,862,135,552,109,820,128,811,131,534,108,163,131,163,131,113,117,61,87,61,87,0,15,76,50,76,50,53,46,0,15,0,15,0,15,40,37,40,37,18,19,59,32,50,30,24,22,187,104,178,103,45,32,50662,8199,40729,24463,55341,14867,47361,29853,79643,32218,22.9,21.7,22.9,24,27.8,23.9,26.4,22.2,0,3.9,1.4,1.5,14.3,5.7,18.6,7.8,5.9,4,44.8,9,15,5.4,98.6,1.5,59.8,9.3,100,18.4,64.5,31.9,100,29.8,52.9,23.8,98.5,2.2,61.3,11.3,96.7,5.3,55.8,17.9,99,1.7,63.4,8.8,98.9,1.8,65.1,9.2,100,25.9,69.3,33.5,84.7,22,40.7,29.5,95.2,7.1,24.1,19.9,0,86.7,5.5,8.6,6.4,9.6,0.7,1.3
1400000US48121021633,Census Tract 216.33; Denton County; Texas,207,98,0,15,90,70,92,64,25,36,3903,624,231,195,123,82,722,361,825,236,358,118,1119,223,525,133,3549,497,1644,238,725,250,579,211,332,136,935,369,848,348,428,159,1600,280,1508,254,591,159,643,99,614,101,293,76,2712,395,2614,397,1145,211,2533,395,2487,397,1103,204,121,106,121,106,99,108,8,14,8,14,6,11,372,191,239,107,154,73,0,15,0,15,0,15,99,93,99,93,60,81,591,463,468,309,180,90,737,527,577,343,163,117,59002,12578,37215,23523,59831,12157,79932,4507,74583,36588,0,21.3,43.5,25.7,44.4,25.6,12.1,16.3,5.9,4.4,3.2,2.1,18.5,7.5,21.1,5.2,9.2,3.2,28.7,6.4,13.5,3.9,90.9,5.2,42.1,7.9,79.9,20.9,45.8,16.3,90.7,7.9,45.8,20,94.3,6.5,36.9,9.5,95.5,3.7,45.6,9.7,96.4,2.5,42.2,6.8,98.2,1.6,43.5,6.8,100,32.5,81.8,29.8,79.2,16.1,30.5,32.7,78.3,15.8,22.1,23.7,10.7,13.7,4.2,5.7,6.5,4.4,1.9,1.5,120,72,0,15,57,52,38,32,25,36,2081,415,163,169,55,48,446,218,373,146,172,74,586,147,286,86,1863,320,872,155,520,220,374,158,222,96,406,198,381,196,222,99,792,135,764,130,246,89,363,66,344,69,182,55,1467,253,1437,255,630,135,1385,259,1355,259,601,133,57,57,57,57,46,53,6,11,6,11,6,11,137,70,72,42,47,30,0,15,0,15,0,15,79,85,79,85,60,81,335,326,212,167,83,46,421,368,313,219,112,92,70292,20656,31887,15473,53785,24453,68438,25611,84148,18416,100273,40792,0,32.7,47.5,28.5,31.7,24.9,20.8,26.8,7.8,7.2,2.6,2.4,21.4,7.9,17.9,6.3,8.3,3.5,28.2,7.6,13.7,5.1,89.5,7.3,41.9,9.7,71.9,26.9,42.7,18.4,93.8,7.1,54.7,28,96.5,5.4,31.1,11.3,94.8,6.2,50.1,13.5,98,2.5,42.9,7.9,97.8,2.6,43.4,8,100,48.7,80.7,35.2,63.3,21.6,24.8,34,74.3,24.5,26.6,33.2,10,18.7,0,10.9,10.1,8.2,1.2,1.8,87,71,0,15,33,49,54,54,0,15,1822,255,68,71,68,55,276,169,452,147,186,100,533,140,239,90,1686,220,772,153,205,91,205,91,110,67,529,200,467,179,206,99,808,164,744,146,345,95,280,75,270,73,111,53,1245,183,1177,176,515,127,1148,171,1132,170,502,123,64,54,64,54,53,56,2,3,2,3,0,15,235,135,167,86,107,54,0,15,0,15,0,15,20,23,20,23,0,15,256,154,256,154,97,79,316,169,264,143,51,47,50991,14766,28508,2042,58317,17094,70156,21389,64375,28508,0,39.4,37.9,46.5,62.1,46.5,0,39.4,3.7,3.6,3.7,3,15.1,8.5,24.8,7.2,10.2,5.5,29.3,7.8,13.1,5,92.5,4.4,42.4,8.8,100,21.4,53.7,23.4,88.3,10.4,38.9,18.4,92.1,8,42.7,11.3,96.4,2.7,39.6,13.6,94.5,4.7,41.4,9.4,98.6,1.6,43.7,9.9,100,46,82.8,34.4,100,17.7,37.9,34.3,83.5,15.5,16.1,18.2,11.8,18.4,10.9,14,3.3,4.2,2.7,2.7
1400000US48121021730,Census Tract 217.30; Denton County; Texas,199,110,21,22,25,29,99,73,54,56,2153,234,133,160,13,18,294,103,426,141,202,90,734,114,351,84,2007,232,1085,132,334,113,293,109,174,76,454,107,408,97,284,81,968,101,910,120,489,95,397,80,396,80,138,44,1601,201,1578,204,917,130,1546,209,1523,212,898,134,114,78,114,78,4,9,21,33,21,33,0,15,221,160,107,70,75,49,0,15,0,15,0,15,48,46,48,46,0,15,148,80,139,78,89,44,207,98,198,92,73,49,67841,9935,55625,39063,58924,4660,82422,9957,85917,32910,10.6,13.4,12.6,15,49.7,21.6,27.1,20,6.2,7.2,0.6,0.8,13.7,4.6,19.8,5.7,9.4,4.2,34.1,5.3,16.3,4,93.2,7.3,50.4,6.2,87.7,16.1,52.1,15.6,89.9,11.3,62.6,14.8,94,5.6,50.5,8.2,99.7,0.9,34.8,9.2,98.6,1.2,57.3,6.2,98.5,1.3,58.1,6.3,100,33.8,3.5,7.9,93.9,9.2,60.1,20.2,95.7,6.1,35.3,14.4,2.8,7.9,12,10.5,0,7.6,0.4,0.6,155,104,4,9,25,29,72,53,54,56,1107,150,91,111,0,15,128,63,220,99,81,44,403,90,184,75,1016,152,587,98,175,73,134,67,75,43,259,77,213,64,141,54,457,72,453,72,292,66,216,60,216,60,79,41,784,121,780,122,500,96,748,123,744,125,500,96,100,70,100,70,0,15,0,15,0,15,0,15,113,108,35,30,13,16,0,15,0,15,0,15,16,24,16,24,0,15,94,54,85,51,74,42,107,53,98,48,46,32,78375,8236,52534,9881,78417,48276,82813,50443,81836,6785,70536,32392,2.6,5.8,16.1,19.4,46.5,20.6,34.8,22,8.2,9.7,0,4.4,11.6,5.3,19.9,7.6,7.3,3.8,36.4,9,16.6,7.1,91.8,9.7,53,10.4,76.6,29.6,42.9,21.9,82.2,18.8,54.4,23.4,99.1,1.8,63.9,12.4,100,20.5,36.6,18.7,99.5,1.1,63.8,9.9,99.5,1.1,66.8,9.3,100,36.7,0,36.7,90.4,14.3,78.7,22.7,91.6,12,43,27.1,4.4,13,9.4,12.2,0,15.3,0,8.2,44,33,17,21,0,15,27,28,0,15,1046,115,42,50,13,18,166,62,206,77,121,76,331,80,167,62,991,115,498,81,159,69,159,69,99,46,195,63,195,63,143,47,511,72,457,72,197,65,181,44,180,46,59,33,817,108,798,111,417,81,798,112,779,114,398,84,14,17,14,17,4,9,21,33,21,33,0,15,108,60,72,45,62,40,0,15,0,15,0,15,32,38,32,38,0,15,54,45,54,45,15,17,100,75,100,75,27,32,58725,3138,33542,29352,42458,30660,84844,25606,92063,14000,38.6,43.7,0,55.5,61.4,43.7,0,55.5,4,4.7,1.2,1.7,15.9,5.6,19.7,6.6,11.6,7.3,31.6,6.9,16,6.1,94.7,5.1,47.6,7.2,100,26.5,62.3,15.2,100,22.4,73.3,16.2,89.4,10.2,38.6,11.3,99.4,2,32.6,16.7,97.7,2.4,51,9.7,97.6,2.4,49.9,9.9,100,98.3,28.6,52.9,100,50.1,27.8,32.6,100,36.7,27,22.8,0,50.1,14,12.5,0,14.1,0.8,1.3
1400000US48121021733,Census Tract 217.33; Denton County; Texas,153,77,30,32,29,30,41,32,53,50,1984,333,52,52,116,110,454,196,434,141,162,81,512,167,254,92,1816,317,766,189,441,151,408,135,147,72,485,155,445,157,313,148,760,185,672,173,238,104,298,163,291,164,68,29,1013,293,992,291,364,107,835,284,835,284,305,90,432,176,407,168,206,139,9,16,0,15,0,15,162,79,155,75,93,69,5,9,5,9,5,9,226,166,130,74,36,31,137,61,127,59,62,34,419,124,351,109,138,73,49167,7717,45990,6112,50096,13650,60000,25223,63438,46840,19.6,19.2,19,17.8,26.8,18.2,34.6,23,2.6,2.6,5.8,5.4,22.9,7.3,21.9,5.9,8.2,4.2,25.8,8,12.8,5.2,91.5,5.7,38.6,9.8,92.5,8.8,33.3,16.5,91.8,9.1,64.5,15.2,88.4,7.6,31.3,14.1,97.7,3.5,22.8,16.6,97.9,2.6,35.9,12.4,100,5.8,36.5,14.1,94.2,8,47.7,22.9,92.7,6.6,45.3,20.1,83.8,13.1,32.9,15.4,0,25.3,5.5,7.4,6.4,4.6,3.3,3,71,57,23,30,4,9,10,15,34,39,879,181,28,29,61,55,146,66,191,113,48,35,270,135,135,53,790,177,405,147,228,102,201,78,74,42,260,137,251,137,191,131,309,113,262,109,89,37,82,23,76,22,51,23,421,126,413,125,144,49,335,118,335,118,117,38,213,138,188,132,158,129,9,16,0,15,0,15,92,50,86,47,59,36,5,9,5,9,5,9,92,90,51,48,0,15,47,30,47,30,39,25,159,69,128,59,47,35,50769,15911,29911,18026,46823,3662,59632,38218,42244,37952,125563,53911,32.4,35,5.6,13.8,14.1,21.7,47.9,35.8,3.2,3.3,6.9,6.2,16.6,7.4,21.7,11.2,5.5,4.1,30.7,12.5,15.4,6.5,89.9,6.6,46.1,13.1,88.2,14.8,32.5,22.3,96.5,6.8,73.5,18.6,84.8,12.2,28.8,15.4,92.7,10.3,62.2,24.2,98.1,3.1,34.2,13,100,13.8,34.9,13.5,88.3,17.8,74.2,27.9,100,53.7,83,16.6,80.5,17.6,29.6,18.8,0,39,0,28.3,6.7,7.6,3.7,5,82,52,7,11,25,26,31,27,19,31,1105,211,24,25,55,62,308,185,243,84,114,68,242,101,119,50,1026,200,361,107,213,88,207,88,73,41,225,58,194,46,122,44,451,128,410,120,149,90,216,163,215,164,17,17,592,195,579,194,220,88,500,187,500,187,188,83,219,88,219,88,48,40,0,15,0,15,0,15,70,34,69,34,34,36,0,15,0,15,0,15,134,85,79,50,36,31,90,53,80,52,23,23,260,83,223,80,91,51,46563,9780,43889,19286,45859,12035,64219,13676,37396,16546,8.5,14.8,30.5,25.4,37.8,29.1,23.2,31.5,2.2,2.3,5,5.5,27.9,13.2,22,8.4,10.3,6.2,21.9,8.9,10.8,5.1,92.9,5.9,32.7,10.1,97.2,4.2,34.3,18.6,86.2,14,54.2,17.2,90.9,7.8,33,18.1,99.5,1,7.9,10.1,97.8,2.9,37.2,15.6,100,9.5,37.6,17.8,100,20.2,21.9,16.2,88.9,12,25.6,22.6,85.8,11.7,35,17.8,0,41.4,8.1,11.4,6.2,7.7,2.8,3.1
1400000US48121021742,Census Tract 217.42; Denton County; Texas,715,181,164,113,320,145,162,126,69,81,4850,821,315,206,356,205,1201,271,747,223,450,170,1134,522,647,353,4179,768,1781,781,931,387,732,295,170,130,1491,762,1319,709,732,687,1468,231,1313,234,406,143,960,338,815,328,473,314,2676,750,2416,715,1231,696,2263,686,2191,684,1231,696,397,226,340,205,96,123,0,21,0,21,0,21,611,235,371,192,116,65,0,21,0,21,0,21,589,292,475,250,0,21,577,321,577,321,338,296,1434,458,1184,397,285,291,47135,20268,33345,10024,57188,23249,68071,21314,112891,48292,22.9,15.3,44.8,16.8,22.7,15.8,9.7,11.4,6.5,4.1,7.3,4.2,24.8,6.5,15.4,5.4,9.3,3.8,23.4,7.9,13.3,5.9,86.2,5.8,36.7,11.2,78.6,14.9,18.3,12,88.5,11.8,49.1,25.4,89.4,6,27.7,8.9,84.9,12.3,49.3,19.7,90.3,8.5,46,16.5,96.8,2.4,54.4,16.1,85.6,19.7,24.2,21.7,100,8.3,58.6,32.2,82.6,14.9,19.9,18.2,3.3,5.8,11.6,12.2,2,2.6,1.3,2.2,454,156,164,113,190,122,56,69,44,49,2257,466,179,156,211,140,676,190,294,146,271,132,254,114,372,324,1867,370,626,342,545,263,419,197,20,34,804,444,670,375,340,328,673,147,604,149,205,90,235,94,174,65,61,41,1193,383,1083,366,507,336,990,335,956,337,507,336,232,137,232,137,23,36,0,21,0,21,0,21,316,128,150,111,77,50,0,21,0,21,0,21,405,211,291,161,0,21,111,99,111,99,19,30,637,248,499,208,0,21,59924,13288,41538,12195,39664,8423,58728,55278,135288,39402,113963,939,36.1,19.6,41.9,22.6,12.3,15,9.7,11.1,7.9,6.4,9.3,5.7,30,9.5,13,6.6,12,5.9,11.3,5.4,16.5,12.3,82.7,7.2,27.7,11.9,76.9,12.4,3.7,6.1,83.3,16.1,42.3,26.1,89.7,10.7,30.5,13.5,74,20.7,26,16.6,90.8,8.9,42.5,19.5,96.6,4.1,51.2,20.1,100,19.3,9.9,14.9,100,34.4,17.1,27,78.3,15.1,0,7.5,0.3,0.7,16.4,18.9,0.4,1.1,0,7.7,261,142,0,21,130,90,106,116,25,37,2593,511,136,100,145,112,525,217,453,154,179,96,880,510,275,131,2312,526,1155,539,386,158,313,139,150,110,687,382,649,387,392,371,795,126,709,147,201,100,725,311,641,309,412,313,1483,419,1333,410,724,388,1273,400,1235,398,724,388,165,140,108,109,73,116,0,21,0,21,0,21,295,120,221,97,39,37,0,21,0,21,0,21,184,110,184,110,0,21,466,310,466,310,319,294,797,354,685,328,285,291,34673,12592,25929,5167,41393,34484,53813,47920,69665,18324,0,17.4,49.8,30.7,40.6,33.2,9.6,15.9,5.2,4,5.6,4.5,20.2,9,17.5,6.9,6.9,4,33.9,14.3,10.6,5.2,89.2,6.7,44.5,13.7,81.1,19.5,38.9,23,94.5,10,57.1,28.7,89.2,9,25.3,10.6,88.4,13.1,56.8,23.9,89.9,9.2,48.8,15.5,97,3.7,56.9,15,65.5,43.5,44.2,48.5,100,10.2,68.5,34.3,85.9,16.9,35.8,28.2,7.5,14.2,5.5,7.9,3.5,4.8,2,3.3
1400000US48139060206,Census Tract 602.06; Ellis County; Texas,392,238,52,58,85,101,131,117,124,128,4812,496,86,93,316,143,1618,490,1255,367,635,232,659,254,243,176,4410,461,902,301,918,332,918,332,118,110,1103,304,1103,304,251,130,1851,356,1544,358,467,239,940,275,845,268,66,57,2805,552,2540,488,419,220,2369,464,2177,433,386,209,1392,342,1313,319,385,169,61,65,41,39,25,33,35,31,23,23,13,27,0,21,0,21,0,21,213,214,213,214,54,70,306,204,280,210,6,14,952,428,833,389,54,53,45365,13099,28333,1932,52579,13159,63750,26990,80529,31420,13.3,14.5,21.7,21.5,33.4,23.1,31.6,25.2,1.8,1.9,6.6,2.8,33.6,9,26.1,7.2,13.2,4.5,13.7,5.4,5,3.7,91.6,3.2,18.7,6.6,100,5.3,12.9,12.5,100,4.4,22.8,9.9,83.4,8.3,25.2,12.3,89.9,5.8,7,6.2,90.6,4.8,14.9,7.9,91.9,4.8,16.3,8.8,94.3,4.7,27.7,12.2,91.5,16.9,2,5.6,87.5,9.9,5.7,5.4,13.5,18.8,15.4,9.3,3.1,3.5,0,5.5,166,145,0,21,85,101,69,80,12,28,2576,379,46,54,230,123,844,313,582,224,376,174,413,203,85,92,2300,337,498,206,454,186,454,186,61,90,702,252,702,252,167,125,918,217,682,230,228,142,502,187,462,185,42,45,1478,363,1300,316,206,147,1207,328,1075,290,193,145,751,215,693,194,217,121,45,45,25,33,25,33,10,16,10,16,0,21,0,21,0,21,0,21,119,118,119,118,44,54,173,126,153,122,6,14,554,298,468,274,34,39,49743,10390,47411,17273,30429,3094,54781,16912,53873,44221,56424,19130,0,25.6,51.2,33.6,41.6,33,7.2,20.2,1.8,2.1,8.9,4.3,32.8,11.2,22.6,7.8,14.6,6.1,16,8.1,3.3,3.7,89.3,4.5,19.3,8.5,100,10.4,13.4,19.8,100,6.9,23.8,15.1,74.3,14.1,24.8,14.3,92,7.6,8.4,9.2,88,7.1,13.9,10.8,89.1,7.6,16,12.9,92.3,7.7,28.9,17.3,88.4,22.4,3.5,9.4,84.5,11.9,6.1,7.4,17.1,23,15.4,11.4,0,5.2,0,9.7,226,157,52,58,0,21,62,60,112,124,2236,295,40,45,86,63,774,287,673,207,259,114,246,121,158,109,2110,292,404,175,464,213,464,213,57,66,401,144,401,144,84,94,933,195,862,202,239,124,438,183,383,172,24,39,1327,275,1240,256,213,121,1162,223,1102,220,193,114,641,195,620,194,168,130,16,26,16,26,0,21,25,24,13,27,13,27,0,21,0,21,0,21,94,99,94,99,10,19,133,159,127,164,0,21,398,222,365,210,20,26,36547,15689,26967,11052,42721,19294,71122,14537,82308,43520,23,26,0,19.7,27.4,25,49.6,31.5,1.8,2,3.8,2.8,34.6,10.4,30.1,9.6,11.6,4.7,11,5.6,7.1,4.8,94.4,3.4,18.1,7.9,100,10.2,12.3,14.6,100,11.7,20.9,21,92.4,6.9,25.6,13.4,87.4,8.9,5.5,9.1,93.4,5.5,16.1,9,94.8,5.6,16.6,9.9,96.7,4.5,26.2,16.2,95.5,19.8,0,30.3,91.7,10.6,5,6.8,0,43.7,15.4,14.5,6.2,6.7,0,12.1
1400000US48139060211,Census Tract 602.11; Ellis County; Texas,458,245,32,50,229,189,170,126,27,35,2974,468,289,248,98,74,670,164,664,188,118,94,609,170,526,224,2587,273,1135,235,661,272,510,162,118,81,560,224,538,220,378,205,1264,301,1092,231,504,163,489,106,447,99,135,75,2337,496,2002,303,701,179,2213,497,1912,310,675,167,417,215,417,215,329,208,5,9,5,9,0,15,0,15,0,15,0,15,0,15,0,15,0,15,122,73,70,44,49,59,93,70,93,70,56,48,296,110,210,75,88,78,48873,7486,49555,12126,41250,12763,90670,26195,66589,11316,7,11.1,50,24.9,37.1,24.2,5.9,7.6,9.7,7.2,3.3,2.5,22.5,6.4,22.3,5.1,4,3.2,20.5,5.1,17.7,7.9,87,7.1,38.2,7.6,77.2,14.7,17.9,13.5,96.1,6.5,67.5,18,86.4,9.9,39.9,10.3,91.4,8,27.6,13.7,85.7,8.7,30,6.2,86.4,9.2,30.5,6.2,100,11.3,78.9,23.3,100,38.1,60.2,33.2,70.9,21.4,29.7,27.6,20.7,28.8,0.7,1.4,1.3,1.7,6,5.2,226,128,32,50,57,51,110,88,27,35,1525,353,130,127,89,71,312,98,387,161,67,74,376,132,164,80,1306,227,540,136,472,252,321,130,54,47,179,63,157,73,90,48,625,153,594,151,289,131,249,66,234,61,107,63,1264,353,1097,240,412,136,1222,354,1071,241,386,128,135,99,135,99,93,83,5,9,5,9,0,15,0,15,0,15,0,15,0,15,0,15,0,15,52,64,0,15,0,15,69,54,69,54,35,33,136,89,68,60,34,40,53021,14041,11414,1170,49301,13761,44851,11576,108438,74890,89444,56976,14.2,22.2,25.2,19.1,48.7,23.5,11.9,13.8,8.5,7,5.8,4.5,20.5,8.3,25.4,7,4.4,4.9,24.7,6.6,10.8,6.1,85.6,7.7,35.4,7.6,68,16.8,11.4,12.8,87.7,20.4,50.3,23.6,95,5.4,46.2,16.4,94,8.8,43,20.3,86.8,8.9,32.6,7.9,87.6,9.3,31.6,7.3,100,30,68.9,33.2,100,44.3,50.7,38.5,50,35.8,25,25.1,0,20.2,1.6,3.2,1.3,2.2,3.3,4.9,232,201,0,15,172,193,60,65,0,15,1449,222,159,150,9,16,358,114,277,91,51,38,233,79,362,200,1281,170,595,188,189,71,189,71,64,46,381,195,381,195,288,187,639,180,498,110,215,71,240,69,213,60,28,28,1073,192,905,118,289,77,991,197,841,124,289,77,282,158,282,158,236,164,0,15,0,15,0,15,0,15,0,15,0,15,0,15,0,15,0,15,70,44,70,44,49,59,24,29,24,29,21,25,160,49,142,40,54,68,45451,9528,55188,14475,31538,9164,43542,34058,66051,16478,0,19.3,74.1,33.7,25.9,33.7,0,19.3,11,9.4,0.6,1.2,24.7,8.9,19.1,6.7,3.5,2.6,16.1,6.1,25,12.1,88.4,9,41.1,10.6,100,23,33.9,19.4,100,12.3,75.6,17.9,77.9,19.1,33.6,12.9,88.8,13.1,11.7,11.8,84.3,11.5,26.9,7.4,84.9,12.4,29.2,8.5,100,16.2,83.7,22.2,100,75.1,87.5,21.4,88.8,17.1,33.8,40.9,47.6,47.1,0,13,1.2,2.6,8.4,10.5
1400000US48139060219,Census Tract 602.19; Ellis County; Texas,221,109,75,74,123,82,23,37,0,15,3236,457,86,74,162,107,763,224,784,234,382,151,708,382,351,149,2988,483,1059,388,661,158,588,171,171,82,391,177,349,178,104,66,1173,162,1057,159,312,107,1011,370,994,370,472,374,2506,445,2373,449,980,386,2297,446,2253,450,906,383,196,64,196,64,48,50,24,29,15,25,0,15,9,13,1,2,0,15,0,15,0,15,0,15,216,145,139,116,0,15,285,155,264,146,31,32,707,198,511,175,99,69,55833,6337,46930,9218,57656,7778,56667,18097,89681,31168,33.9,26.3,55.7,28,10.4,16.7,0,20.1,2.7,2.3,5,3.4,23.6,6.5,24.2,7.1,11.8,4.6,21.9,9.6,10.8,5,92.3,4.9,32.7,9.1,89,13.2,25.9,11.2,89.3,14.2,26.6,14.9,90.1,6.7,26.6,8.5,98.3,2.1,46.7,23.7,94.7,3.9,39.1,10.4,98.1,1.7,39.4,11.2,100,22.3,24.5,20.1,92.6,9,10.9,12,72.3,19.2,14,9.8,0,18.2,10.7,7.8,0.3,0.5,0.8,1.3,69,73,23,27,46,67,0,15,0,15,1660,258,77,70,27,30,471,169,373,142,147,89,354,212,211,108,1556,265,565,223,348,97,333,94,37,43,183,110,179,109,52,49,582,116,505,99,192,88,547,202,539,202,284,205,1260,252,1208,254,493,218,1197,253,1162,258,447,210,86,58,86,58,48,50,7,13,0,15,0,15,0,15,0,15,0,15,0,15,0,15,0,15,104,74,63,58,0,15,203,126,199,126,24,24,350,135,281,133,64,65,64293,8478,39512,7058,65750,21240,61803,15530,62500,56565,120602,54879,33.3,46.7,66.7,46.7,0,44.3,0,44.3,4.6,4.2,1.6,1.9,28.4,9.6,22.5,8,8.9,5.3,21.3,10.6,12.7,7.3,93.7,4.6,34,11,95.7,6.7,10.6,12.4,97.8,4.4,28.4,26.8,86.8,10.9,33,15.2,98.5,2.5,51.9,22.9,95.9,3.5,39.1,12.1,97.1,2.9,37.3,12.1,100,39.7,55.8,36.8,98,4.4,11.8,13.6,80.3,19.7,18.3,19.1,0,35.8,9.1,8.2,0,9.2,1.4,2.5,152,105,52,72,77,74,23,37,0,15,1576,240,9,16,135,107,292,133,411,145,235,123,354,199,140,75,1432,260,494,201,313,109,255,115,134,74,208,99,170,91,52,44,591,86,552,91,120,54,464,178,455,178,188,175,1246,240,1165,244,487,200,1100,244,1091,243,459,201,110,31,110,31,0,15,17,25,15,25,0,15,9,13,1,2,0,15,0,15,0,15,0,15,112,79,76,67,0,15,82,51,65,45,7,13,357,113,230,78,35,33,47604,6196,45000,4706,54318,15077,55417,22778,71042,39717,34.2,38.7,50.7,40.4,15.1,23.5,0,27.4,0.6,1,8.6,6.9,18.5,8,26.1,9.4,14.9,7.4,22.5,10.5,8.9,5,90.9,7,31.3,10.2,81.5,26,42.8,23.9,81.7,24.4,25,18.7,93.4,5.7,20.3,8.2,98.1,3.5,40.5,26.8,93.5,7,39.1,12.3,99.2,1.4,41.7,13.1,100,34.6,0,34.6,79.3,29.2,8.5,15.5,64.4,23,9.8,9.7,0,28.6,13.4,14.6,0.5,0.9,0,9.6
1400000US48139060300,Census Tract 603; Ellis County; Texas,513,208,97,52,253,149,148,116,15,19,2652,322,67,63,233,111,919,248,597,164,289,124,412,164,135,69,2352,334,547,202,800,251,726,243,264,133,449,175,425,165,92,68,941,169,773,190,160,83,462,92,428,92,31,26,2032,314,1842,295,436,159,1480,235,1400,220,392,155,250,159,235,154,72,82,35,51,35,51,18,27,15,23,15,23,0,15,44,70,24,40,0,15,114,92,62,67,8,15,162,126,139,139,13,20,831,274,626,257,52,55,45353,5560,29615,14420,55580,16975,50943,6830,62500,26294,18.9,12,49.3,18.2,28.8,17.8,2.9,3.8,2.5,2.4,8.8,4.1,34.7,7.1,22.5,6.1,10.9,4.6,15.5,6,5.1,2.4,88.7,5.3,20.6,7.1,90.8,8.3,33,14,94.7,7.9,20.5,14.6,82.1,12.1,17,8.8,92.6,7.3,6.7,5.5,90.6,5.2,21.5,7.8,94.6,3.6,26.5,9.2,94,9.8,28.8,24.5,85.8,29.4,8,14.4,75.3,14.3,6.3,6.6,13.3,17.1,12.8,8.3,1.8,2.9,1.1,1.7,302,106,75,41,176,89,45,52,6,11,1292,179,1,7,153,81,431,145,356,133,64,52,189,101,98,52,1138,184,287,130,395,128,351,128,98,78,194,83,193,81,56,45,545,130,436,132,122,59,158,59,158,59,11,15,954,167,890,155,208,92,687,128,675,130,208,92,157,104,142,101,53,71,18,27,18,27,18,27,0,15,0,15,0,15,20,31,0,15,0,15,64,50,32,31,8,15,79,73,56,83,0,15,426,168,299,145,8,15,52756,5915,46948,5744,41400,10007,81528,35643,51179,2061,72222,32103,24.8,14.3,58.3,17.2,14.9,16.4,2,3.6,0.1,0.6,11.8,6.2,33.4,9.5,27.6,9.6,5,3.9,14.6,7.8,7.6,3.7,88.1,6.2,22.2,9.8,88.9,11.3,24.8,18.5,99.5,3.6,28.9,23.2,80,13.3,22.4,11.4,100,26.6,7,8.9,93.3,5.4,21.8,9.7,98.3,2.9,30.3,11,90.4,16.8,33.8,45.2,70.9,59.6,0,41.4,70.2,16.1,1.9,3.6,8.4,15.1,4.4,5.9,3.8,6,2.1,3.2,211,138,22,32,77,91,103,97,9,17,1360,219,66,62,80,57,488,155,241,87,225,111,223,101,37,41,1214,215,260,111,405,153,375,147,166,93,255,128,232,124,36,33,396,85,337,96,38,42,304,77,270,74,20,20,1078,203,952,192,228,103,793,158,725,146,184,95,93,80,93,80,19,36,17,25,17,25,0,15,15,23,15,23,0,15,24,40,24,40,0,15,50,59,30,50,0,15,83,71,83,71,13,20,405,150,327,152,44,52,34803,7029,22604,9766,44259,12576,47917,29994,55833,32915,10.4,16.1,36.5,34.3,48.8,32.2,4.3,8.2,4.9,4.6,5.9,4,35.9,9.2,17.7,6,16.5,7.6,16.4,7.2,2.7,2.8,89.3,5.8,19.1,7.6,92.6,8.9,41,19,91,13.6,14.1,13.3,85.1,13.4,9.6,10.5,88.8,10.7,6.6,6.6,88.3,6.7,21.2,9.4,91.4,6.1,23.2,11.1,100,38.1,20.4,33.7,100,40.4,15.7,26.6,80.7,15.3,10.9,12.7,18.5,21.5,20.3,12.7,0,10.2,0,17.4
1400000US48139060704,Census Tract 607.04; Ellis County; Texas,628,242,75,64,126,76,195,121,232,202,3316,456,303,187,187,104,929,207,801,267,235,102,571,153,290,110,2826,399,861,195,896,299,775,270,248,155,884,228,730,206,285,97,1051,247,910,244,245,87,485,107,411,101,83,48,2042,284,1901,248,533,166,1534,199,1480,200,390,105,532,259,532,259,192,81,0,21,0,21,0,21,54,43,38,35,27,28,0,21,0,21,0,21,372,247,80,63,21,24,316,189,275,183,88,62,1144,346,732,256,226,154,47225,8522,44564,10234,43378,12628,60972,3432,69129,741,11.9,10.7,20.1,14.3,31.1,17.1,36.9,22.8,9.1,5.2,5.6,2.9,28,5.6,24.2,6.7,7.1,3,17.2,4.3,8.7,3.6,85.2,7,26,6,86.5,14.3,27.7,14.5,82.6,12.1,32.2,10.7,86.6,8,23.3,8.8,84.7,11.4,17.1,9.7,93.1,3.8,26.1,7.3,96.5,3.1,25.4,6.7,100,9,36.1,21.6,87,12.9,27.8,22.5,64,16.9,19.8,12.2,8,12.2,2.3,2,5.6,7.7,1.6,2.4,238,116,54,56,61,52,86,70,37,55,1811,363,191,173,113,83,446,141,474,236,163,77,308,141,116,67,1507,294,424,144,656,272,542,239,175,141,464,152,388,124,109,45,477,132,380,132,107,55,214,83,197,82,33,23,1016,197,961,181,292,140,716,118,699,119,186,65,372,195,372,195,89,54,0,21,0,21,0,21,21,21,21,21,21,21,0,21,0,21,0,21,270,233,37,30,12,18,132,106,116,105,10,17,676,287,397,193,128,135,44407,11225,24619,9941,38750,10209,49000,13884,61806,17633,68449,563,22.7,21,25.6,21,36.1,23.8,15.5,20.2,10.5,8.7,6.2,4.1,24.6,7.7,26.2,11.5,9,4.6,17,7,6.4,4.1,83.2,11.8,23.4,7.6,82.6,19,26.7,17.5,83.6,20.3,23.5,9.8,79.7,11.6,22.4,11.5,92.1,10.1,15.4,12.2,94.6,3.8,28.7,10.6,97.6,3.2,26,8.4,100,12.6,23.9,22.2,87.9,19.7,7.6,13.1,58.7,26,18.9,17,6.6,11.8,3.1,3.3,4.7,7.3,3.3,5,390,205,21,28,65,53,109,95,195,181,1505,225,112,67,74,45,483,174,327,117,72,43,263,79,174,101,1319,206,437,127,240,92,233,90,73,49,420,132,342,115,176,86,574,164,530,160,138,71,271,94,214,84,50,33,1026,200,940,191,241,78,818,152,781,151,204,70,160,95,160,95,103,75,0,21,0,21,0,21,33,27,17,20,6,13,0,21,0,21,0,21,102,75,43,45,9,16,184,99,159,93,78,59,468,139,335,118,98,54,50833,12088,55457,21258,31902,10172,53370,7353,70278,3784,5.4,7.7,16.7,17.1,27.9,21.1,50,29.6,7.4,4.2,4.9,2.9,32.1,9.2,21.7,7.4,4.8,2.6,17.5,5.4,11.6,7,87.6,5,29,9.1,97.1,4.7,30.4,16.3,81.4,11.6,41.9,18.2,92.3,6.8,24,12.5,79,17.6,18.5,13.3,91.6,5.4,23.5,8,95.5,4,24.9,8.5,100,26.3,64.4,26.9,86.4,14.6,42.4,31.3,71.6,13.3,20.9,14.6,10.2,15.1,1.4,2.4,7,9.2,0,10.8
1400000US48139060802,Census Tract 608.02; Ellis County; Texas,1199,251,89,67,384,140,681,260,45,48,5063,522,127,94,170,78,1254,290,1360,399,521,195,1158,290,473,160,4766,525,1631,355,1002,330,949,313,311,137,1219,257,1118,270,671,256,1890,310,1804,318,423,143,952,227,895,223,226,136,4382,525,4199,516,1487,345,4090,524,4000,518,1398,333,116,75,116,75,51,44,61,94,27,42,0,21,92,72,66,54,35,30,0,21,0,21,0,21,89,98,89,98,14,25,323,143,269,114,44,36,578,147,451,144,101,80,67550,10764,60559,14082,69005,20468,67176,13204,93456,25680,7.4,5.5,32,12.6,56.8,14.6,3.8,4.1,2.5,1.8,3.4,1.6,24.8,5.4,26.9,6.3,10.3,4,22.9,5.1,9.3,3.3,94.1,2.5,32.2,6.5,94.7,6.4,31,12.3,91.7,7.7,55,14.9,95.4,4.4,22.4,8.2,94,5,23.7,12.2,95.8,2.4,33.9,7.1,97.8,1.5,34.2,7.4,100,33.4,44,36,83.3,16.6,13.6,10.1,78,17.9,17.5,12.9,24.6,26.3,0,3.9,2.6,3.7,1.2,1.8,384,194,68,66,119,83,175,147,22,31,2337,260,49,52,82,69,547,151,596,226,299,162,511,151,253,112,2206,275,764,185,449,168,449,168,158,74,464,110,383,130,254,113,1028,207,989,213,191,97,396,136,385,136,161,104,2053,267,1980,264,725,183,1884,266,1860,264,636,170,22,27,22,27,8,16,34,52,0,21,0,21,42,37,42,37,11,19,0,21,0,21,0,21,14,25,14,25,14,25,172,96,148,88,6,10,319,85,236,96,89,77,89345,11479,45288,25086,96583,36491,98125,25550,89375,15917,84833,19517,17.7,16.2,31,21.2,45.6,25.8,5.7,7.3,2.1,2.2,3.5,3,23.4,6.2,25.5,8,12.8,6.9,21.9,6,10.8,5.1,94.4,3.6,32.7,7.8,100,10.5,35.2,15.7,82.5,16.1,54.7,18.6,96.2,4.4,18.6,10.3,97.2,4.5,40.7,18.8,96.4,2.5,35.3,8.1,98.7,1.5,33.8,8.3,100,78.4,36.4,63.5,86,19,3.5,6.8,74,22.6,27.9,22.4,17.6,27.6,0,8.7,0,5.4,0,6.3,815,233,21,32,265,125,506,241,23,36,2726,334,78,61,88,63,707,211,764,246,222,114,647,218,220,97,2560,323,867,241,553,193,500,178,153,74,755,207,735,210,417,185,862,146,815,147,232,91,556,153,510,145,65,54,2329,316,2219,312,762,243,2206,320,2140,318,762,243,94,59,94,59,43,35,27,42,27,42,0,21,50,41,24,28,24,28,0,21,0,21,0,21,75,95,75,95,0,21,151,103,121,79,38,34,259,127,215,124,12,20,53906,5374,55172,11374,39034,26078,59561,11489,108203,55246,2.6,4,32.5,17.6,62.1,17.6,2.8,4.7,2.9,2.2,3.2,2.2,25.9,6.9,28,8,8.1,4.2,23.7,7.3,8.1,3.7,93.9,3.3,31.8,8.2,90.4,11.4,27.7,12.6,97.4,4.3,55.2,17.8,94.5,5.2,26.9,10.5,91.7,7.6,11.7,10.4,95.3,3,32.7,9.5,97,2.5,34.5,10.1,100,37.9,45.7,40,80.1,27.8,25.2,20,83,18.3,4.6,7.4,30.1,31.5,0,6.8,4.9,6.8,2.2,3.4
1400000US48139060900,Census Tract 609; Ellis County; Texas,660,198,0,21,157,106,363,188,140,125,5678,704,542,296,212,129,1380,306,1524,420,389,160,1089,336,542,259,4924,704,1631,368,762,297,702,284,226,121,1131,356,1038,343,550,247,2676,390,2160,371,549,187,1109,275,1024,261,306,171,4502,761,4215,745,1319,362,4210,736,3937,716,1255,321,318,249,303,243,246,236,18,27,18,27,0,21,0,21,0,21,0,21,0,21,0,21,0,21,117,137,65,90,0,21,723,307,323,181,66,58,899,329,481,240,80,92,51755,8003,55592,9769,55882,18773,51154,25889,91903,42350,0,7.3,23.8,15.2,55,21.7,21.2,18.5,9.5,5.1,3.7,2.4,24.3,4.5,26.8,5.9,6.9,3,19.2,5.6,9.5,4.3,86.7,5.5,28.7,5.5,92.1,7.3,29.7,11.2,91.8,7.5,48.6,14.9,80.7,10.3,20.5,6.8,92.3,8.2,27.6,12.2,93.6,3.6,29.3,6,93.5,3.8,29.8,5.6,95.3,9.7,77.4,28.4,44.7,23.2,9.1,7.8,53.5,25.6,8.9,9.8,6.8,9.7,5.9,6.2,0.4,0.5,0,3,218,124,0,21,133,97,85,84,0,21,2856,455,303,159,131,98,786,222,710,264,128,78,546,245,252,125,2422,466,798,239,387,166,327,155,44,44,642,263,549,253,307,187,1319,243,1071,250,260,135,508,142,475,135,187,119,2232,486,2048,478,647,204,2013,475,1838,460,583,184,190,149,175,140,135,136,7,11,7,11,0,21,0,21,0,21,0,21,0,21,0,21,0,21,81,98,55,81,0,21,346,159,137,119,16,29,557,194,361,185,80,92,63935,8926,40337,12553,69034,33221,69013,10341,55625,39549,"250,000+",***,0,20.3,61,30.4,39,30.4,0,20.3,10.6,5.4,4.6,3.6,27.5,7.5,24.9,6.9,4.5,2.9,19.1,7.1,8.8,4.6,84.8,6.5,27.9,6.4,84.5,14.3,11.4,10.5,85.5,13.5,47.8,19.2,81.2,11.5,19.7,9.8,93.5,8.2,36.8,16.8,91.8,6,29,6.5,91.3,6.6,29,6.2,92.1,15.2,71.1,34.6,39.6,28.7,4.6,7.7,64.8,25.3,14.4,14.9,0.5,0.5,7.5,10,0.2,0.6,0,6.1,442,157,0,21,24,30,278,153,140,125,2822,367,239,169,81,87,594,191,814,295,261,136,543,181,290,185,2502,395,833,257,375,165,375,165,182,108,489,154,489,154,243,137,1357,237,1089,264,289,125,601,159,549,153,119,85,2270,390,2167,407,672,274,2197,384,2099,394,672,274,128,125,128,125,111,120,11,17,11,17,0,21,0,21,0,21,0,21,0,21,0,21,0,21,36,53,10,17,0,21,377,180,186,108,50,49,342,180,120,95,0,21,38690,5163,33625,31803,38370,7346,50769,27721,91139,11260,0,10.7,5.4,6.5,62.9,27.1,31.7,27,8.5,5.9,2.9,3.2,21,5.8,28.8,8.9,9.2,5,19.2,6.9,10.3,6.1,88.7,6.8,29.5,8.8,100,12.5,48.5,19.7,100,9.7,49.7,20.8,80.3,13.3,21.3,9.6,91.3,8.8,19.8,14.2,95.5,4.4,29.6,10.5,95.5,4.5,30.6,10.9,100,31.2,86.7,21.3,49.3,25,13.3,13.8,35.1,28,0,13.6,15.3,22.2,3.7,4.2,0.5,0.6,0,5.8
1400000US48139061000,Census Tract 610; Ellis County; Texas,390,93,86,48,179,65,115,47,10,10,3193,303,160,58,288,100,1125,207,901,117,258,94,275,121,186,72,2745,294,461,154,380,115,320,108,58,28,597,151,517,146,150,111,1249,222,1023,223,125,58,967,177,885,171,128,58,2356,312,2094,291,372,134,2065,281,1883,274,361,131,496,119,423,107,78,56,18,19,18,19,0,21,0,21,0,21,0,21,0,21,0,21,0,21,219,98,146,92,2,3,104,45,64,29,9,9,584,155,396,141,16,15,43571,5131,36531,11487,46429,5298,57045,10590,50313,15316,22.1,10.6,45.9,12.6,29.5,10.6,2.6,2.6,5,1.8,9,3.1,35.2,4.7,28.2,4.1,8.1,2.7,8.6,3.6,5.8,2.1,86,3.6,14.4,4.4,84.2,9.3,15.3,8.1,86.6,7.6,25.1,15.2,81.9,7,10,4.5,91.5,4.2,13.2,5.9,88.9,4.1,15.8,5.1,91.2,3.6,17.5,5.8,85.3,12.3,15.7,9.8,61.5,22.1,8.7,8.3,67.8,10,2.7,2.6,20.3,12.2,11.8,10,9.3,4.6,4.1,4.1,202,61,30,27,97,46,75,35,0,21,1626,202,98,46,117,47,609,167,469,95,126,53,112,66,95,59,1411,192,207,95,218,95,190,93,25,17,344,105,283,98,92,72,642,157,534,151,44,40,422,98,404,91,46,27,1194,201,1060,190,135,66,1090,186,996,180,135,66,277,86,271,85,67,57,0,21,0,21,0,21,0,21,0,21,0,21,0,21,0,21,0,21,112,38,57,30,0,21,43,24,23,15,5,7,241,83,131,66,0,21,51103,9353,35313,16365,46970,15011,54286,9798,89583,26912,43313,25328,14.9,11.5,48,16.6,37.1,15.6,0,21.7,6,2.7,7.2,2.9,37.5,7.6,28.8,6,7.7,3.3,6.9,3.8,5.8,3.4,86.8,3.8,12.7,5.4,87.2,10.4,11.5,9,82.3,9.5,26.7,16.7,83.2,7.3,6.9,6.1,95.7,4.1,10.9,6.3,88.8,4.9,11.3,5.1,91.4,4.1,12.4,5.6,97.8,3.2,24.2,17.1,53.5,25.3,11.6,15.4,54.4,14.9,0,18.6,17.7,12.5,16.7,16.8,7.4,6.5,1.4,2.6,188,66,56,42,82,45,40,26,10,10,1567,187,62,31,171,79,516,130,432,94,132,75,163,66,91,39,1334,184,254,79,162,54,130,44,33,18,253,72,234,70,58,47,607,131,489,125,81,37,545,123,481,124,82,41,1162,174,1034,168,237,78,975,158,887,158,226,76,219,77,152,46,11,13,18,19,18,19,0,21,0,21,0,21,0,21,0,21,0,21,0,21,107,84,89,83,2,3,61,31,41,27,4,5,343,124,265,118,16,15,33643,4140,24399,6800,33438,1746,51250,11213,81250,60635,29.8,19.1,43.6,19.2,21.3,12.6,5.3,5.4,4,2,10.9,4.8,32.9,6.5,27.6,6.3,8.4,4.4,10.4,4.1,5.8,2.4,85.1,5.3,16.2,4.8,80.2,17.9,20.4,11.9,92.5,8,22.9,16.9,80.6,10.5,13.3,6.4,88.3,6.4,15,7.3,89,4.9,20.4,6.1,91,4.8,23.2,7.2,69.4,22.4,5,5.3,67.2,27.1,6.6,7.9,77.3,11.1,4.7,4.6,22.7,19.9,5.9,4.5,11.3,6.5,6.3,6.7
1400000US48139061100,Census Tract 611; Ellis County; Texas,589,183,230,154,120,74,228,172,11,20,3415,344,180,82,236,115,955,225,951,235,302,111,587,204,204,91,2999,334,791,241,546,212,517,204,104,76,741,177,686,168,252,119,1290,212,1080,196,277,127,838,169,716,169,158,82,2644,343,2464,339,663,198,2140,327,1967,308,624,194,114,93,114,93,5,8,0,21,0,21,0,21,50,59,50,59,39,45,0,21,0,21,0,21,309,126,147,75,18,32,298,149,224,107,66,54,963,248,777,241,123,85,47400,6993,46081,5993,45000,14026,60268,18184,80109,41965,39,20.8,20.4,11.2,38.7,29.1,1.9,3.5,5.3,2.4,6.9,3.3,28,6.5,27.8,6.3,8.8,3.1,17.2,5.4,6,2.6,87.8,4,23.2,6.3,94.7,6,19,12.6,92.6,7.6,34,13.1,83.7,9.7,21.5,9.5,85.4,8.2,18.9,9.4,93.2,3,25.1,6.8,91.9,3.5,29.2,8.1,100,33.8,4.4,8.6,75.2,24.8,22.1,15,80.7,9.6,12.8,8.4,18.6,20.9,5.2,4.6,10.7,6.4,0,6.1,483,148,230,154,24,31,218,170,11,20,1565,208,148,70,91,58,395,138,383,127,148,87,277,114,123,61,1326,212,400,132,264,118,235,112,79,61,290,88,244,86,80,53,657,139,550,155,146,78,354,105,297,87,95,53,1286,203,1195,201,341,113,1051,179,960,171,341,113,14,26,14,26,0,21,0,21,0,21,0,21,16,21,16,21,16,21,0,21,0,21,0,21,178,75,44,47,0,21,71,61,57,49,43,42,470,134,322,139,43,42,58825,11194,51433,7817,47487,26998,58895,13850,70114,21770,82283,17070,47.6,30.4,5,7.4,45.1,30.8,2.3,4.3,9.5,4.7,5.8,3.6,25.2,8.1,24.5,7.2,9.5,5.2,17.7,6.8,7.9,3.9,84.7,5.5,25.6,7.7,89,12.6,29.9,20.9,84.1,16.6,27.6,17.7,83.7,11.9,22.2,11.5,83.9,10.5,26.8,15.2,92.9,4.2,26.5,8.6,91.3,4.9,32.4,10.4,100,98.3,0,98.3,80.3,25.9,60.6,29.5,68.5,16.5,9.1,8.7,5.1,8.1,0.3,0.6,5.5,5.4,0,11.7,106,78,0,21,96,76,10,18,0,21,1850,212,32,33,145,108,560,130,568,188,154,76,310,115,81,46,1673,203,391,133,282,128,282,128,25,26,451,126,442,122,172,79,633,128,530,95,131,69,484,121,419,122,63,47,1358,189,1269,190,322,109,1089,193,1007,185,283,105,100,93,100,93,5,8,0,21,0,21,0,21,34,42,34,42,23,27,0,21,0,21,0,21,131,59,103,44,18,32,227,120,167,80,23,25,493,143,455,133,80,59,41789,4354,43247,8752,41364,9968,51250,18485,54821,11143,0,35.4,90.6,17.3,9.4,17.3,0,35.4,1.7,1.8,7.8,5.6,30.3,7.4,30.7,8.8,8.3,4.1,16.8,5.9,4.4,2.5,90.4,5.8,21.1,6.8,100,16.2,8.9,9.5,98,3.2,38.1,16,83.7,14.2,20.7,11.8,86.6,9.4,13,9.5,93.4,4.7,23.7,7.5,92.5,5.7,26,8.7,100,36.7,5,10.9,73.6,31,10.1,11.3,92.3,6.9,16.2,11.2,36.1,39.7,8.9,8.2,14.4,10.3,0,12
1400000US48139061402,Census Tract 614.02; Ellis County; Texas,539,233,59,46,285,187,95,71,100,67,3374,428,142,94,262,125,694,194,796,312,463,183,760,226,257,125,2970,414,1017,276,599,218,591,218,182,96,704,203,588,165,180,96,1377,428,1215,409,433,219,694,197,576,186,222,126,2739,432,2470,432,871,239,2230,403,2136,395,836,242,158,112,158,112,34,52,2,5,0,21,0,21,0,21,0,21,0,21,0,21,0,21,0,21,270,172,182,143,0,21,205,120,160,94,112,86,958,193,648,160,119,79,57044,14031,42197,13617,48864,23485,68852,1836,86455,3427,10.9,8.4,52.9,18.3,17.6,12.2,18.6,13.5,4.2,2.7,7.8,3.7,20.6,5.7,23.6,8,13.7,5.4,22.5,5.6,7.6,3.9,88,4.3,30.1,7.3,98.7,2.3,30.4,12,83.5,13.6,25.6,13.3,88.2,5.5,31.4,11.5,83,13.7,32,14.9,90.2,4.8,31.8,6.9,95.8,2.9,37.5,7.9,100,26.6,21.5,31.1,78,19.2,54.6,25.2,67.6,10.8,12.4,8.5,7.2,6,10.4,8.9,4.5,6.3,0,4.8,210,126,31,33,109,95,70,53,0,21,1420,268,100,72,162,115,351,132,392,227,102,85,110,71,203,107,1158,248,313,124,218,103,218,103,76,69,292,145,183,94,62,49,598,256,541,237,132,85,312,106,216,90,43,40,1081,258,909,247,214,101,854,239,803,235,214,101,51,54,51,54,16,26,2,5,0,21,0,21,0,21,0,21,0,21,0,21,0,21,0,21,145,121,92,104,0,21,141,91,106,81,83,79,487,161,276,147,55,73,64750,15361,31641,17540,46316,15305,83878,56945,77634,57395,87341,9568,14.8,15.5,51.9,25.2,33.3,20.5,0,21,7,5,11.4,7.7,24.7,8.9,27.6,13,7.2,6,7.7,5.4,14.3,7.8,81.5,8.4,22,9.5,100,20.3,34.9,29.9,62.7,27.5,21.2,17.5,90.5,6.1,22.1,16.9,69.2,21.8,13.8,13.1,84.1,10.6,19.8,9.8,94,4.9,25.1,12.8,100,51.5,31.4,48.5,75.2,32.8,58.9,35.5,56.7,21.9,11.3,14.7,4.2,6.5,3.1,5,0.2,0.6,0,14.7,329,144,28,31,176,120,25,42,100,67,1954,279,42,38,100,61,343,131,404,186,361,161,650,222,54,50,1812,277,704,223,381,157,373,157,106,89,412,135,405,135,118,67,779,206,674,211,301,178,382,142,360,140,179,110,1658,261,1561,258,657,220,1376,233,1333,230,622,225,107,94,107,94,18,27,0,21,0,21,0,21,0,21,0,21,0,21,0,21,0,21,0,21,125,97,90,82,0,21,64,50,54,50,29,44,471,138,372,138,64,54,54405,14593,29250,27162,35583,13015,68830,1696,83929,3945,8.5,10.4,53.5,23.4,7.6,11.9,30.4,19.4,2.1,1.9,5.1,3.2,17.6,6.8,20.7,8.9,18.5,7.6,33.3,10,2.8,2.6,92.7,3.8,36,9.9,97.9,3.6,27.8,21.4,98.3,2.3,28.6,17.5,86.5,8.5,38.6,17.1,94.2,8.4,46.9,19.7,94.1,3.5,39.6,10.9,96.9,3,45.2,12,100,35.2,16.8,29.6,84.4,18.4,45.3,47.2,79,12.1,13.6,11.7,12.7,12.4,17.8,15.1,7.3,10.4,0,6.9
1400000US48251130100,Census Tract 1301; Johnson County; Texas,614,194,123,88,228,135,236,112,27,21,4731,691,187,86,106,63,1863,608,1107,245,437,197,780,181,251,142,4438,696,1031,217,817,229,817,229,280,118,1459,342,1278,342,331,141,1268,248,1178,237,284,159,1187,461,1165,460,136,88,3957,601,3795,617,959,218,3764,612,3624,620,915,218,318,412,318,412,0,21,10,17,10,17,0,21,49,68,49,68,49,68,0,21,0,21,0,21,101,92,92,90,17,27,296,153,174,75,6,9,625,189,472,184,116,75,57031,7242,51985,21196,59250,24739,78804,11158,62000,17984,20,12.6,37.1,17.2,38.4,16.2,4.4,3.5,4,1.9,2.2,1.4,39.4,8.5,23.4,5,9.2,4.4,16.5,3.9,5.3,3.1,93.8,2.2,21.8,4.7,100,5.9,34.3,12.7,87.6,6.7,22.7,7.8,92.9,4.5,22.4,10.7,98.1,2.4,11.5,8.7,95.9,2.2,24.2,5.3,96.3,2.1,24.3,5.8,100,14.5,0,14.5,58.8,15.1,2,3.8,75.5,12.2,18.6,8.7,16.7,20.5,8.2,5.3,7.5,4.9,0,4.7,344,148,98,85,170,114,66,43,10,12,2223,360,187,86,66,47,841,328,445,142,210,104,309,128,165,91,1970,361,474,140,341,128,341,128,105,77,809,234,661,228,141,96,566,167,483,156,156,95,507,235,485,232,72,51,1799,289,1673,293,474,140,1689,290,1585,291,434,137,164,216,164,216,0,21,0,21,0,21,0,21,0,21,0,21,0,21,0,21,0,21,0,21,74,90,69,89,0,21,186,97,64,45,0,21,348,110,199,111,40,38,66360,6292,53934,605,56831,6170,86979,17533,102515,52329,62432,22141,28.5,22,49.4,22.7,19.2,12.1,2.9,3.7,8.4,4.1,3,2.1,37.8,10.3,20,5.7,9.4,4.8,13.9,6.2,7.4,4.2,88.6,4.5,21.3,7.1,100,13.6,30.8,18.7,81.7,11.2,17.4,11.3,85.3,9.9,27.6,13.2,95.7,5.5,14.2,11.8,93,3.9,26.3,7.8,93.8,3.8,25.7,8.2,100,25.8,0,25.8,34.4,27.1,0,23.3,57.2,21.4,11.5,12.2,19.4,24.3,8.3,7.1,6,4.7,0,10,270,109,25,26,58,46,170,106,17,17,2508,378,0,21,40,38,1022,328,662,183,227,137,471,169,86,68,2468,389,557,171,476,154,476,154,175,97,650,136,617,150,190,114,702,148,695,146,128,79,680,255,680,255,64,52,2158,359,2122,367,485,158,2075,361,2039,370,481,158,154,200,154,200,0,21,10,17,10,17,0,21,49,68,49,68,49,68,0,21,0,21,0,21,27,29,23,28,17,27,110,63,110,63,6,9,277,94,273,95,76,68,37023,9970,25328,10683,35683,7712,74918,13097,58750,38235,9.3,10.5,21.5,17.6,63,23.1,6.3,6.4,0,2,1.6,1.6,40.7,8.6,26.4,7.3,9.1,5.7,18.8,6.7,3.4,2.7,98.4,1.6,22.2,6.7,100,10,36.8,19.1,94.9,6.6,29.2,15.8,99,1.5,18.2,10.4,100,7.1,9.4,8.2,98.3,1.8,22.5,7.3,98.3,1.9,23.2,7.8,100,27.1,0,27.1,100,34.6,5.5,10.3,98.6,3.1,27.4,18.2,0,58.2,8,6.3,8.7,7.5,0,8.6
1400000US48251130219,Census Tract 1302.19; Johnson County; Texas,140,74,23,29,29,38,40,30,48,62,2150,427,19,24,41,44,688,190,652,176,287,288,397,146,66,29,2090,434,463,150,152,108,152,108,31,33,761,350,761,350,131,78,686,168,685,168,173,137,551,93,492,97,128,43,1937,450,1914,449,361,144,1822,432,1799,430,307,87,91,70,91,70,91,70,0,15,0,15,0,15,0,15,0,15,0,15,0,15,0,15,0,15,4,12,4,12,0,15,118,84,81,47,11,14,214,131,177,111,54,90,55393,6132,41354,19642,55313,6018,75548,20499,81389,16533,16.4,19.6,20.7,24.1,28.6,25.6,34.3,34.8,0.9,1.1,1.9,2.2,32,8.8,30.3,6.5,13.3,11.8,18.5,6.6,3.1,1.5,97.2,2.5,21.5,7,100,27.4,20.4,10.9,100,6.4,17.2,12.5,99.9,0.4,25.2,16,89.3,9,23.2,8.4,98.8,1.4,18.6,7.1,98.7,1.4,16.8,5.3,100,38.6,100,38.6,68.6,22.2,9.3,14.9,82.7,18.1,25.2,33.5,0,47.5,7,8.9,0.2,0.4,3.5,4.3,39,33,23,29,7,9,9,12,0,15,998,259,19,24,37,45,229,99,336,136,192,174,147,66,38,23,942,264,185,73,56,69,56,69,5,6,348,213,348,213,12,10,290,93,290,93,70,52,304,68,248,60,98,44,954,266,935,264,183,73,919,263,900,261,183,73,2,4,2,4,2,4,0,15,0,15,0,15,0,15,0,15,0,15,0,15,0,15,0,15,3,7,3,7,0,15,39,45,2,4,0,15,75,59,38,41,0,15,57181,24577,28643,266,73519,8934,56556,11418,145250,114166,109167,19255,59,40.1,17.9,22.5,23.1,34.1,0,58.9,1.9,2.4,3.7,4.6,22.9,9.7,33.7,10.6,19.2,14.4,14.7,6.7,3.8,2.6,94.4,5.3,18.5,7.7,100,49.2,8.9,15.3,100,13.4,3.4,3.8,100,15.8,24.1,14.8,81.6,14.9,32.2,13.8,98,2.6,19.2,8.3,97.9,2.7,19.9,8.6,100,100,100,100,5.1,12.8,0,58.9,50.7,44.2,0,42.5,0,49.2,0.4,1.2,0,9,0,23.4,101,68,0,15,22,39,31,28,48,62,1152,205,0,15,4,5,459,136,316,93,95,121,250,110,28,18,1148,205,278,113,96,50,96,50,26,32,413,169,413,169,119,78,396,113,395,113,103,99,247,75,244,76,30,13,983,214,979,214,178,99,903,193,899,193,124,53,89,71,89,71,89,71,0,15,0,15,0,15,0,15,0,15,0,15,0,15,0,15,0,15,1,6,1,6,0,15,79,47,79,47,11,14,139,100,139,100,54,90,45561,22045,24850,2515,36250,22555,65714,34900,80000,27872,0,36.5,21.8,34,30.7,32.8,47.5,44.4,0,4.2,0.3,0.4,39.8,11.1,27.4,8.1,8.2,9.9,21.7,8.6,2.4,1.6,99.7,0.4,24.1,8.9,100,37.5,27.1,24.9,100,11.4,28.8,17.9,99.7,0.6,26,19.4,98.8,1.7,12.1,6.2,99.6,0.5,18.1,8.9,99.6,0.5,13.7,5.9,100,39,100,39,100,41.4,13.9,18,100,29.4,38.8,43,0,100,10.2,12.7,0.5,0.9,5.8,7
1400000US48251130418,Census Tract 1304.18; Johnson County; Texas,95,96,8,18,36,65,51,57,0,15,1996,277,62,75,91,63,352,200,281,177,169,130,532,190,509,151,1843,312,1041,239,570,193,532,179,331,161,497,166,459,165,271,136,764,157,687,161,424,109,165,89,165,89,15,24,935,317,857,272,362,149,734,243,714,245,324,148,473,167,462,161,327,145,10,15,10,15,10,15,113,109,113,109,113,109,0,15,0,15,0,15,194,139,142,115,44,48,271,173,259,171,185,158,547,149,437,174,226,141,56865,16908,37070,14801,51546,15172,72188,31622,78992,32667,8.4,20.1,37.9,55.6,53.7,48.8,0,37.7,3.1,3.8,4.6,3.2,17.6,9,14.1,8.7,8.5,6.3,26.7,8.8,25.5,7,92.3,5.2,52.2,10.2,93.3,12.4,58.1,21.6,92.4,9.2,54.5,20.8,89.9,10.3,55.5,12.4,100,25.7,9.1,16.4,91.7,11.4,38.7,13.4,97.3,4.4,44.1,15.1,97.7,4.7,69.1,23.2,95.6,7.4,68.3,30.6,79.9,19.4,41.3,22.7,0,27.3,0.9,3.9,2.2,4.3,0,4.7,28,47,0,15,0,15,28,47,0,15,853,154,37,60,38,73,109,91,96,77,128,104,296,129,149,76,778,173,445,146,256,104,218,94,154,73,154,80,154,80,111,78,372,119,335,118,180,103,71,56,71,56,0,15,372,151,328,116,162,88,293,106,293,106,127,72,143,80,143,80,130,80,0,15,0,15,0,15,63,68,63,68,63,68,0,15,0,15,0,15,137,99,106,89,23,37,138,106,138,106,67,75,281,88,206,100,118,85,71799,21225,82533,77426,36838,21969,66538,34980,105435,31083,122958,95508,0,69.5,0,69.5,100,69.5,0,69.5,4.3,7.3,4.5,8.5,12.8,10,11.3,8.9,15,11.5,34.7,13.8,17.5,8.7,91.2,8,52.2,14.7,85.2,27,60.2,25.9,100,27.1,72.1,25.4,90.1,15.6,48.4,22.9,100,43.7,0,43.7,88.2,18.3,43.5,21.3,100,15.6,43.3,20.1,100,28.7,90.9,23.5,100,29.5,48.6,43.1,73.3,24,42,26.4,0,42.5,0,34.8,2.2,5,0,10.6,67,83,8,18,36,65,23,32,0,15,1143,165,25,45,53,52,243,130,185,122,41,44,236,134,360,121,1065,184,596,156,314,109,314,109,177,97,343,125,305,119,160,87,392,67,352,83,244,81,94,56,94,56,15,24,563,194,529,184,200,110,441,164,421,165,197,113,330,130,319,126,197,128,10,15,10,15,10,15,50,47,50,47,50,47,0,15,0,15,0,15,57,59,36,47,21,34,133,97,121,94,118,93,266,88,231,98,108,80,51396,5205,37333,14378,33854,22921,51052,7929,78569,23514,11.9,35.8,53.7,53.7,34.3,52.3,0,44.9,2.2,3.9,4.6,4.7,21.3,10.4,16.2,10.3,3.6,3.8,20.6,11.8,31.5,9.4,93.2,6.6,52.1,12.3,100,14.7,56.4,22.4,88.9,12.9,46.6,23,89.8,13.1,62.2,20.4,100,37.9,16,27.9,94,12.4,35.5,15.5,95.5,7.2,44.7,17,96.7,7.1,59.7,30.3,91,15.3,88.7,17.3,86.8,24.3,40.6,25.8,0,41.6,1.2,5.5,2.2,5.2,0,8
1400000US48251130602,Census Tract 1306.02; Johnson County; Texas,81,42,4,6,42,30,35,27,0,15,2165,325,183,158,99,44,770,264,347,128,221,91,336,111,209,145,1883,312,545,180,427,145,369,141,70,46,354,161,340,159,160,145,842,195,676,145,210,85,542,120,498,121,105,53,1730,293,1633,292,476,166,1685,286,1588,285,469,166,103,128,103,128,0,15,38,37,38,37,20,26,4,7,0,15,0,15,0,15,0,15,0,15,65,55,35,47,35,47,225,200,74,58,14,15,293,180,112,62,42,48,51556,13493,39595,9565,44936,17542,60078,22870,113325,4146,4.9,8,51.9,22.6,43.2,25.5,0,40.9,8.5,7.1,4.6,2,35.6,9.6,16,5.6,10.2,4.8,15.5,5.1,9.7,6.5,87,6.9,25.2,7.8,86.4,10.9,16.4,10.1,96,5.6,45.2,25.4,80.3,16.4,24.9,10.6,91.9,5.1,19.4,9.9,94.4,2.4,27.5,8.9,94.2,2.4,27.8,9.1,100,36,0,36,32.9,19.8,6.2,7.3,38.2,22.3,14.3,19.4,8.9,13.9,5.1,4.6,4.9,5.6,0,8.8,62,40,4,6,36,30,22,22,0,15,943,175,85,83,32,25,324,130,131,59,69,40,190,77,112,82,826,168,302,102,133,64,113,59,24,27,180,88,180,88,89,80,430,136,343,124,135,61,200,50,190,54,54,32,765,153,745,152,259,96,751,150,731,150,259,96,10,16,10,16,0,15,18,25,18,25,0,15,0,15,0,15,0,15,0,15,0,15,0,15,55,49,35,47,35,47,95,96,18,26,8,12,146,84,49,48,35,47,73452,6278,65000,28944,72996,31859,63125,28021,81042,39062,113365,3471,6.5,11.6,58.1,25.7,35.5,27.3,0,46.7,9,8.6,3.4,2.6,34.4,10.8,13.9,6,7.3,4.6,20.1,7.7,11.9,8.4,87.6,8.5,32,9.6,85,16.8,18,18.9,100,23.9,49.4,27.4,79.8,18,31.4,12.9,95,6.1,27,14.6,97.4,2,33.9,11.2,97.3,2,34.5,11.4,100,100,0,100,18.9,24.7,8.4,11,33.6,33.5,24,32.2,12.8,20.3,5.6,6.3,10,10.4,0,15.2,19,16,0,15,6,9,13,17,0,15,1222,209,98,80,67,31,446,184,216,96,152,70,146,62,97,69,1057,205,243,93,294,119,256,119,46,34,174,82,160,79,71,70,412,110,333,85,75,36,342,102,308,100,51,32,965,175,888,174,217,88,934,171,857,171,210,87,93,124,93,124,0,15,20,26,20,26,20,26,4,7,0,15,0,15,0,15,0,15,0,15,10,16,0,15,0,15,130,114,56,51,6,9,147,110,63,50,7,11,39026,6084,38408,3732,43077,17037,43125,24855,113278,42674,0,84.4,31.6,49.3,68.4,49.3,0,84.4,8,6.5,5.5,2.5,36.5,11,17.7,7.6,12.4,6,11.9,5.4,7.9,5.6,86.5,6.6,19.9,7.9,87.1,12.3,15.6,12.3,92,10.9,40.8,28.8,80.8,16.6,18.2,10.4,90.1,6.9,14.9,9.7,92,4,22.5,9.5,91.8,4.1,22.5,9.7,100,38.1,0,38.1,43.1,25.5,4.6,7.9,42.9,22.9,4.8,8.7,6.1,10.7,4.7,5,2.2,3.5,0,18.5
1400000US48251131000,Census Tract 1310; Johnson County; Texas,272,153,47,59,56,47,169,146,0,15,3612,475,70,41,106,70,1217,259,868,277,442,200,596,152,313,112,3436,460,909,208,765,230,765,230,202,88,543,264,491,266,88,57,1409,266,1306,246,323,107,895,213,874,215,296,104,3189,469,3054,458,811,206,2981,411,2878,404,811,206,97,94,75,82,28,46,6,12,6,12,0,15,15,23,8,13,8,13,0,15,0,15,0,15,79,67,79,67,13,22,226,149,214,145,49,40,392,176,348,172,29,35,49464,6511,40565,14871,44961,14041,53203,1563,72813,23088,17.3,21.5,20.6,18.4,62.1,28.5,0,16.7,1.9,1.1,2.9,1.9,33.7,6.6,24,6.5,12.2,5.1,16.5,3.8,8.7,2.8,95.1,2.2,25.2,4.7,100,6.3,26.4,11.2,90.4,9.8,16.2,11.9,92.7,4.4,22.9,7.4,97.7,3,33.1,11,95.8,2.1,25.4,5,96.5,2.1,27.2,5.3,77.3,33.1,28.9,32.9,94.7,7.7,21.7,16.4,88.8,7.6,7.4,7.9,10.2,14.1,8.6,7.6,6.3,9,1.5,2.3,150,83,47,59,21,23,82,72,0,15,1695,241,23,29,73,68,497,150,415,147,260,152,305,98,122,66,1599,235,427,123,324,122,324,122,49,39,274,155,243,155,42,32,708,143,657,126,189,82,389,115,375,116,147,66,1494,228,1420,227,350,117,1318,184,1244,189,350,117,59,55,37,36,14,23,0,15,0,15,0,15,8,13,8,13,8,13,0,15,0,15,0,15,31,51,31,51,13,22,103,71,103,71,42,39,277,165,277,165,29,35,62936,13964,50714,26394,58750,9138,80962,51947,74808,32216,91078,44269,31.3,34.6,14,14.8,54.7,36,0,27.7,1.4,1.7,4.3,3.9,29.3,8.6,24.5,8.2,15.3,8,18,5.4,7.2,3.8,94.3,4.1,25.2,6.6,100,14.3,15.1,12.1,88.7,15.8,15.3,13.8,92.8,7.6,26.7,11,96.4,4.4,37.8,15.9,95,4,23.4,7,94.4,4.6,26.6,7.9,62.7,41.1,23.7,35,100,36,40.8,34,100,16.4,10.5,12.2,16.7,26.8,3,3.5,12.1,16.6,1.6,2.5,122,123,0,15,35,34,87,121,0,15,1917,273,47,29,33,25,720,174,453,195,182,130,291,103,191,81,1837,277,482,132,441,155,441,155,153,77,269,134,248,132,46,34,701,146,649,147,134,64,506,132,499,131,149,54,1695,279,1634,280,461,130,1663,278,1634,280,461,130,38,49,38,49,14,24,6,12,6,12,0,15,7,11,0,15,0,15,0,15,0,15,0,15,48,45,48,45,0,15,123,91,111,89,7,11,115,51,71,56,0,15,35119,7908,22569,3854,34375,11632,50639,5799,67292,13944,0,32.3,28.7,44.5,71.3,44.5,0,32.3,2.5,1.5,1.7,1.4,37.6,8.8,23.6,8.3,9.5,6.8,15.2,5,10,4,95.8,1.9,25.1,5.9,100,10.7,34.7,17.1,92.2,10,17.1,13.8,92.6,4.3,19.1,9.3,98.6,2.3,29.4,10.3,96.4,2,27.2,6.5,98.3,1.4,27.7,6.6,100,59.7,36.8,32.5,90.2,14.6,5.7,9,61.7,27.7,0,33.6,2.5,2.7,12.5,11.8,0,7.6,1.5,2.2
1400000US48257050204,Census Tract 502.04; Kaufman County; Texas,1052,318,131,131,463,215,346,213,112,113,6141,642,115,123,568,250,1255,358,1417,353,1006,290,1152,321,628,295,5458,644,1780,409,1864,541,1738,558,556,256,1641,391,1420,415,623,217,1933,321,1710,311,385,189,703,225,590,261,216,193,3131,492,2655,416,713,253,2655,427,2310,414,562,220,1787,537,1670,522,588,246,0,23,0,23,0,23,247,165,247,165,134,114,0,23,0,23,0,23,88,104,82,104,57,70,888,396,804,337,288,134,1407,347,1186,287,487,171,52201,5995,33750,15513,53663,11947,64500,14123,52250,22132,12.5,11.9,44,17.6,32.9,15.8,10.6,10.1,1.9,2,9.2,4.1,20.4,5.3,23.1,5.7,16.4,4.5,18.8,4.7,10.2,4.5,88.9,4.4,29,5.3,93.2,6.7,29.8,11.3,86.5,10.9,38,9.7,88.5,8.5,19.9,9.1,83.9,15.4,30.7,21.7,84.8,7.4,22.8,7.1,87,7.6,21.2,7.3,93.5,6.7,32.9,10.9,90.5,7.2,32.4,10.7,84.3,9.9,34.6,10.2,17.1,18.4,8.2,11.1,5.2,4,3.9,4.5,497,241,123,133,178,146,146,98,50,59,3016,382,115,123,195,178,570,223,1001,310,474,203,434,156,227,155,2706,374,661,213,950,329,824,329,100,70,723,223,679,216,265,119,924,197,853,192,147,110,419,221,350,251,149,149,1703,369,1417,320,324,152,1415,312,1242,306,237,132,732,251,732,251,224,140,0,23,0,23,0,23,80,79,80,79,0,23,0,23,0,23,0,23,57,70,57,70,57,70,444,216,420,216,56,49,755,194,618,174,191,117,56360,12267,71971,45424,33795,19946,56305,16197,75542,6366,112629,88250,24.7,22.9,35.8,21.6,29.4,15.4,10.1,10.3,3.8,4,6.5,5.8,18.9,7.2,33.2,9.8,15.7,6.2,14.4,5.1,7.5,4.9,89.7,7,21.9,6.6,86.7,12.5,10.5,7.5,93.9,7,36.7,15.5,92.3,11.3,15.9,12.2,83.5,24.3,35.6,25.2,83.2,11.3,19,8.8,87.8,10.2,16.7,8.9,100,6.6,30.6,16.5,94.6,9.4,12.6,11.7,81.9,18,25.3,15.7,0,14.9,0,8.4,1.6,2,0,7.3,555,263,8,16,285,168,200,187,62,94,3125,432,0,23,373,212,685,264,416,154,532,227,718,258,401,227,2752,429,1119,304,914,335,914,335,456,251,918,242,741,273,358,148,1009,255,857,216,238,126,284,63,240,60,67,58,1428,271,1238,254,389,188,1240,260,1068,256,325,177,1055,351,938,340,364,171,0,23,0,23,0,23,167,116,167,116,134,114,0,23,0,23,0,23,31,42,25,39,0,23,444,204,384,159,232,122,652,199,568,159,296,121,46654,6926,29938,27052,42813,17130,56341,10016,50278,21786,1.4,2.7,51.4,24.9,36,25.7,11.2,16.4,0,1.6,11.9,6.6,21.9,7.7,13.3,5,17,7.3,23,7.7,12.8,6.8,88.1,6.6,35.8,7.6,100,5.3,49.9,20.2,80.7,18.2,39,14.5,84.9,12.3,23.6,12.1,84.5,16.2,23.6,19,86.7,10.3,27.2,10.4,86.1,11.7,26.2,11.4,88.9,11.3,34.5,14.4,86.5,14.2,52.3,20.6,87.1,10.5,45.4,14.8,31.4,29.1,15,19,10.9,8.4,6.2,7.1
1400000US48257050701,Census Tract 507.01; Kaufman County; Texas,340,180,19,20,170,97,115,77,36,48,3324,352,283,112,251,106,1080,166,709,142,460,219,417,121,124,56,2790,325,541,136,491,152,477,151,91,64,707,152,624,153,144,88,1390,190,1133,172,218,88,736,123,556,96,88,35,2681,350,2369,321,473,127,2424,305,2215,298,464,125,96,79,94,78,22,27,21,22,16,20,3,5,12,20,12,20,0,21,0,21,0,21,0,21,120,103,42,30,2,4,394,190,257,182,41,39,752,220,438,192,51,44,54171,2891,52728,7289,54831,16061,71344,4359,74722,45264,5.6,6.9,50,9.8,33.8,10.6,10.6,12.9,8.5,3.2,7.6,3,32.5,5.1,21.3,4,13.8,5.7,12.5,3.5,3.7,1.7,83.9,4.8,16.3,4,97.1,3.9,18.5,11.7,88.3,8.6,20.4,12.4,81.5,7.6,15.7,5.9,75.5,11.9,12,5.1,88.4,5.1,17.6,4.9,91.4,4,19.1,5.1,97.9,4,22.9,27.2,65.2,21.8,10.4,8.6,58.2,13.4,6.8,5.3,12.9,11.4,5.5,4.8,4.7,5.1,0,8.8,223,151,3,4,125,84,95,72,0,21,1767,193,171,85,137,68,685,133,304,68,200,112,217,96,53,37,1459,173,270,102,275,107,261,108,33,41,342,74,307,79,74,45,806,134,671,129,127,72,344,87,220,56,36,26,1432,192,1254,170,249,98,1258,170,1159,159,240,95,52,49,50,49,4,4,19,21,16,20,3,5,0,21,0,21,0,21,0,21,0,21,0,21,71,72,21,22,0,21,193,110,118,110,14,22,434,141,227,124,22,28,63092,16118,34693,24747,54032,3883,92045,36207,72288,8017,106250,5930,1.3,2.3,56.1,10.4,42.6,10.5,0,19.9,9.7,4.6,7.8,3.6,38.8,7.2,17.2,3.9,11.3,5.8,12.3,5.2,3,2.1,82.6,5.3,15.3,5.5,94.9,7.2,12,14.2,89.8,8.9,21.6,12.9,83.3,7.9,15.8,8.4,64,17.3,10.5,8,87.6,5.6,17.4,6.7,92.1,4.2,19.1,7.1,96.2,9.2,7.7,11.1,61.1,29.8,7.3,10.2,52.3,17.5,5.1,6,12.3,11.1,6.1,5.8,5,5.7,0,16.8,117,87,16,19,45,43,20,29,36,48,1557,210,112,49,114,72,395,92,405,109,260,126,200,65,71,46,1331,206,271,72,216,95,216,95,58,44,365,137,317,135,70,46,584,106,462,95,91,48,392,71,336,71,52,24,1249,201,1115,193,224,64,1166,188,1056,182,224,64,44,41,44,41,18,27,2,4,0,21,0,21,12,20,12,20,0,21,0,21,0,21,0,21,49,37,21,19,2,4,201,94,139,85,27,31,318,99,211,86,29,32,43779,8141,26546,2236,45264,10248,61389,21641,69115,5894,13.7,17.6,38.5,20.6,17.1,16.4,30.8,33.6,7.2,3.2,7.3,4.6,25.4,5.6,26,6.1,16.7,6.9,12.8,4.1,4.6,2.8,85.5,5.4,17.4,4.4,100,20.5,26.9,18,86.8,11,19.2,14.1,79.1,10.5,15.6,8,85.7,10.8,13.3,5.7,89.3,5.9,17.9,5.2,90.6,6.1,19.2,5.4,100,55.5,40.9,40.3,69.2,17.5,13.4,13.3,66.4,12.9,9.1,8.8,13.7,14.3,4.3,5.2,4.5,5.1,0,16.8
1400000US48257050802,Census Tract 508.02; Kaufman County; Texas,629,187,93,70,150,128,327,121,59,51,5570,617,213,104,376,198,1657,298,1385,301,599,173,952,182,388,140,4981,513,1340,253,805,217,743,209,174,90,1043,184,988,175,336,103,2477,404,2098,306,459,127,1245,218,1152,216,371,125,4803,635,4378,528,1235,239,4559,623,4240,517,1201,240,114,84,114,84,15,15,40,44,16,18,2,5,22,26,19,25,15,19,0,21,0,21,0,21,286,296,187,200,0,21,305,141,267,111,73,58,674,247,410,196,38,35,60089,3194,37153,22852,58927,2489,71019,9021,73269,2261,14.8,9.4,23.8,17,52,17.2,9.4,8.2,3.8,2,6.8,3.1,29.7,4.8,24.9,4.1,10.8,2.9,17.1,3.3,7,2.5,89.4,3,24.1,4.4,92.3,6.6,21.6,10.9,94.7,5.4,32.2,7.6,84.7,6.4,18.5,5.4,92.5,4.8,29.8,9.4,91.2,3.6,25.7,5.2,93,3.4,26.3,5.4,100,33.8,13.2,12.2,87.5,11.7,23.9,17.7,60.8,12.1,5.6,6,18,10.9,9,5.6,1,0.8,1.2,1.4,356,163,32,28,102,119,168,91,54,49,2768,340,157,73,255,183,858,167,621,165,334,123,465,161,78,43,2356,284,543,159,422,144,362,129,62,39,529,106,488,97,65,39,1216,223,963,198,194,102,601,122,543,123,222,114,2282,312,1929,240,509,158,2150,307,1872,235,509,158,73,57,73,57,3,7,17,22,4,7,2,5,4,8,4,8,0,21,0,21,0,21,0,21,198,202,187,200,0,21,194,96,159,70,29,31,440,185,306,195,0,21,65426,8929,135370,124583,60528,3491,59768,5273,78889,3628,84414,5622,9,8.1,28.7,26,47.2,22.2,15.2,13.6,5.7,2.9,9.2,6.1,31,4.7,22.4,5.3,12.1,4.7,16.8,5.5,2.8,1.6,85.1,6.2,19.6,5.4,85.8,11.7,14.7,9.2,92.2,8.8,12.3,7,79.2,12.8,16,8.4,90.3,7.3,36.9,15,84.5,7.2,22.3,6.7,87.1,7.3,23.7,6.9,100,43.1,4.1,8.6,82,18.3,14.9,16,69.5,21.6,0,10.7,21.6,15.9,3.8,2.1,0.5,0.8,0,8.8,273,124,61,69,48,44,159,92,5,8,2802,361,56,48,121,89,799,250,764,271,265,108,487,128,310,124,2625,367,797,171,383,124,381,125,112,69,514,113,500,110,271,98,1261,222,1135,203,265,86,644,158,609,151,149,73,2521,386,2449,380,726,166,2409,377,2368,372,692,161,41,35,41,35,12,11,23,25,12,17,0,21,18,21,15,19,15,19,0,21,0,21,0,21,88,96,0,21,0,21,111,69,108,69,44,49,234,74,104,60,38,35,50500,9724,25900,10222,55756,8096,44359,13215,71806,5058,22.3,20.4,17.6,16.3,58.2,22,1.8,2.8,2,1.7,4.3,3.2,28.5,8.1,27.3,7.9,9.5,3.4,17.4,5.2,11.1,4.4,93.7,3,28.4,6.9,99.5,0.9,29.2,17.7,97.3,3.7,52.7,13.8,90,6.8,21,7.5,94.6,5.7,23.1,11.5,97.1,2.3,28.8,7.6,98.3,1.6,28.7,7.8,100,57.4,29.3,25.9,97.3,4.7,39.6,32.2,44.4,27.1,16.2,16.1,9.6,12.6,14.5,11.5,1.5,1.5,2,2.4
1400000US48367140603,Census Tract 1406.03; Parker County; Texas,376,206,116,94,169,168,47,77,44,70,6520,734,513,278,466,241,1931,559,930,269,648,369,1491,346,541,224,5541,781,2032,447,1674,424,1398,395,587,249,1058,277,976,256,218,115,2415,343,1974,418,718,338,1373,331,1193,311,509,209,5602,782,5133,783,1773,437,5131,751,4766,750,1573,416,89,85,89,85,65,74,0,21,0,21,0,21,35,58,0,21,0,21,0,21,0,21,0,21,109,117,38,40,0,21,685,458,281,146,194,128,1147,454,573,212,333,170,58639,15229,36550,12735,54661,42781,67500,4298,90550,32582,30.9,24.8,44.9,33.5,12.5,20.8,11.7,19.4,7.9,4.3,7.1,3.7,29.6,7.8,14.3,4.3,9.9,5.2,22.9,4.3,8.3,3.4,85,5.9,31.2,5.7,83.5,8,35.1,11.1,92.2,10.1,20.6,12,81.7,10.5,29.7,11.6,86.9,11.4,37.1,11.7,91.6,4.5,31.6,6.6,92.9,4.7,30.7,6.7,100,39,73,41.9,41,15.9,28.3,10.4,50,16.3,29,11.6,9.5,11,5.4,7,8.7,5.7,1.8,2.4,217,181,16,34,154,171,47,77,0,21,3552,440,394,203,371,239,880,368,562,198,428,246,656,240,261,138,2787,510,917,287,876,270,614,258,143,104,555,158,514,153,81,72,1379,208,1036,278,344,193,742,247,623,214,349,177,3061,492,2678,492,892,280,2801,484,2511,489,814,284,11,20,11,20,0,21,0,21,0,21,0,21,0,21,0,21,0,21,0,21,0,21,0,21,64,68,23,29,0,21,416,259,75,62,25,40,697,289,227,130,103,94,66611,11757,20938,7113,59228,28795,115019,52750,70607,6260,111175,72100,7.4,17.7,71,44.4,21.7,37.9,0,20.4,11.1,5.8,10.4,6.7,24.8,9.6,15.8,5.9,12,6.8,18.5,5.7,7.3,3.9,78.5,9.6,25.8,6.8,70.1,16.1,16.3,11,92.6,10.8,14.6,14.7,75.1,15.7,24.9,12.6,84,20.2,47,19.9,87.5,7.9,29.1,7.2,89.6,8.2,29.1,8.1,100,100,0,100,18,20.3,6,13,32.6,19.3,14.8,13.6,12.2,14.3,2.4,4,7.7,7.5,2.8,4.8,159,117,100,94,15,32,0,21,44,70,2968,373,119,104,95,78,1051,302,368,168,220,189,835,258,280,169,2754,355,1115,286,798,255,784,257,444,208,503,153,462,143,137,99,1036,176,938,186,374,201,631,153,570,144,160,87,2541,376,2455,367,881,270,2330,370,2255,360,759,229,78,77,78,77,65,74,0,21,0,21,0,21,35,58,0,21,0,21,0,21,0,21,0,21,45,57,15,29,0,21,269,218,206,140,169,133,450,221,346,174,230,166,50144,19609,34495,11685,26007,9052,67130,3708,76286,14377,62.9,42.6,9.4,21.4,0,26.5,27.7,38.8,4,3.4,3.2,2.7,35.4,9.5,12.4,5.6,7.4,5.9,28.1,8.3,9.4,5.6,92.8,3.5,37.6,9.1,98.2,3.1,55.6,20.8,91.8,10.3,27.2,19.3,90.5,7.2,36.1,16.7,90.3,7.7,25.4,13.2,96.6,2.3,34.7,10.1,96.8,2.4,32.6,9.4,100,41.6,83.3,31.1,76.6,15.9,62.8,13.9,76.9,18.1,51.1,22.1,0,20.7,7.9,11.7,10.4,10.8,1,1.9
1400000US48397040503,Census Tract 405.03; Rockwall County; Texas,552,264,20,43,146,137,344,248,42,69,3875,445,325,217,167,130,975,321,622,235,575,232,681,239,530,267,3383,461,1211,366,774,298,638,223,243,126,1073,304,987,307,398,220,1432,281,1177,291,363,162,596,287,581,288,207,193,2796,493,2502,444,1003,352,1994,429,1891,378,780,271,242,98,242,98,119,67,0,21,0,21,0,21,59,89,46,60,18,24,0,21,0,21,0,21,252,245,210,216,0,21,526,260,383,203,71,63,1519,259,1143,264,260,217,50118,10287,46953,22659,44091,12086,61065,18605,76066,14097,3.6,7.2,26.4,22.3,62.3,27.1,7.6,14.4,8.4,5.6,4.3,3.2,25.2,8.2,16.1,5.7,14.8,5.5,17.6,5.5,13.7,6.9,87.3,6,31.3,8.6,82.4,11.5,31.4,11.5,92,11.1,37.1,23,82.2,11.1,25.3,10.1,97.5,7.6,34.7,21.6,89.5,6.6,35.9,11.2,94.8,5.2,39.1,13.1,100,18.6,49.2,20.6,72.8,18.8,13.5,12.1,75.2,12.5,17.1,15.1,21.3,21.7,2.8,4.5,5.3,6,0,4,236,188,20,43,74,94,142,169,0,21,1840,267,190,168,88,78,441,217,350,206,162,120,201,150,408,249,1562,327,609,266,267,154,210,146,32,46,595,184,509,195,163,145,693,159,566,175,222,115,285,182,277,184,192,190,1386,306,1254,326,513,268,985,255,961,252,406,222,113,72,113,72,75,44,0,21,0,21,0,21,9,30,3,10,0,21,0,21,0,21,0,21,95,97,67,76,0,21,237,169,125,99,21,34,695,169,447,201,107,118,57636,9083,24643,13898,53149,3299,58867,5714,107808,29203,76961,25195,8.5,16.4,31.4,35,60.2,45.1,0,19,10.3,9.3,4.8,4.2,24,10.8,19,10.7,8.8,6.3,10.9,8.1,22.2,12.6,84.9,9.3,33.1,13.1,78.7,24.9,12,17.5,85.5,19.7,27.4,24.2,81.7,14.1,32,14.5,97.2,8,67.4,33.8,90.5,8.6,37,16.3,97.6,3.6,41.2,19.3,100,34,66.4,44.8,52.7,33,8.9,14.2,64.3,22.3,15.4,17.9,9.4,14.3,6.1,9.7,7.8,10.7,0,7.9,316,196,0,21,72,74,202,190,42,69,2035,291,135,94,79,110,534,211,272,119,413,204,480,201,122,126,1821,269,602,218,507,215,428,149,211,118,478,178,478,178,235,139,739,168,611,162,141,88,311,144,304,143,15,25,1410,311,1248,262,490,196,1009,272,930,236,374,183,129,52,129,52,44,57,0,21,0,21,0,21,50,68,43,56,18,24,0,21,0,21,0,21,157,166,143,159,0,21,289,177,258,167,50,52,824,184,696,182,153,110,41387,10698,28824,16084,41128,8837,54375,13609,61250,756,0,14.6,22.8,24.3,63.9,30.6,13.3,23.8,6.6,4.5,3.9,5.2,26.2,10.9,13.4,5.8,20.3,9.4,23.6,9,6,6.1,89.5,6.9,29.6,9.5,84.4,18.1,41.6,16.8,100,9.9,49.2,29,82.7,11.6,19.1,11.4,97.7,7.8,4.8,8.4,88.5,8.5,34.8,11.9,92.2,10.3,37.1,15.1,100,31,34.1,36.8,89.3,18.8,17.3,20.1,84.5,10.6,18.6,14.4,36.9,39.7,0,8.9,3.4,4.3,0,8
1400000US48439101401,Census Tract 1014.01; Tarrant County; Texas,532,223,84,76,225,172,223,159,0,21,4161,438,402,212,428,177,1136,283,859,191,431,170,651,199,254,116,3331,373,905,233,943,246,839,220,311,137,855,271,636,237,150,117,1561,272,1169,235,260,119,802,153,687,140,184,76,1996,365,1691,289,466,171,1486,234,1451,221,459,168,878,279,808,268,168,107,97,81,97,81,0,21,16,21,16,21,16,21,0,21,0,21,0,21,458,210,266,145,106,94,716,297,453,232,149,145,1697,391,972,321,216,151,41468,6260,36492,6154,36550,15670,55023,16781,73214,30678,15.8,14.9,42.3,25.5,41.9,24.5,0,9,9.7,4.7,10.3,4.2,27.3,5.9,20.6,4.7,10.4,3.7,15.6,5,6.1,2.7,80.1,5.3,21.7,5.7,89,10.2,33,12.7,74.4,13.7,17.5,12.3,74.9,12.1,16.7,7.3,85.7,10,22.9,10.3,84.7,6.2,23.3,10.2,97.6,3.3,30.9,12,92,7.7,19.1,11.7,63.3,22.6,20.8,18,57.3,12.1,12.7,8.3,15.8,13.3,20.1,11.9,14.7,8.9,5.4,5.3,230,147,12,25,163,138,55,55,0,21,1912,242,270,136,202,110,420,139,297,116,213,111,332,117,178,97,1440,198,510,136,366,122,293,103,108,68,340,133,225,118,86,69,739,153,529,128,165,85,467,108,393,99,151,65,949,178,763,146,258,94,712,154,710,154,251,93,350,153,308,153,93,67,52,50,52,50,0,21,12,19,12,19,12,19,0,21,0,21,0,21,200,117,95,69,66,59,349,152,210,96,81,73,784,186,356,138,117,78,48312,5890,49513,7471,36452,12439,46250,24403,55068,19467,85145,53850,5.2,12,70.9,28.1,23.9,26.2,0,19.4,14.1,6.6,10.6,5.5,22,7.3,15.5,5.6,11.1,5.6,17.4,6.5,9.3,4.8,75.3,7.1,26.7,7,80.1,16.1,29.5,17,66.2,22.4,25.3,18.6,71.6,15.5,22.3,10.9,84.2,15.4,32.3,14.5,80.4,11.2,27.2,11.5,99.7,0.5,35.3,13.4,88,18.6,26.6,15,60.2,22.2,23.2,20.5,45.4,13.4,14.9,9.6,6.6,10,16,14.1,13.9,12.8,7.8,8.8,302,152,72,74,62,62,168,135,0,21,2249,302,132,116,226,108,716,215,562,174,218,120,319,126,76,50,1891,305,395,131,577,217,546,208,203,113,515,191,411,176,64,55,822,180,640,141,95,70,335,99,294,96,33,31,1047,259,928,240,208,108,774,176,741,155,208,108,528,164,500,166,75,57,45,33,45,33,0,21,4,6,4,6,4,6,0,21,0,21,0,21,258,113,171,100,40,44,367,185,243,169,68,75,913,256,616,249,99,77,35588,10639,37526,12209,30625,18000,54722,25546,59886,20133,23.8,23.9,20.5,21.3,55.6,27.3,0,15.2,5.9,5,10,4.8,31.8,8.1,25,7.4,9.7,4.9,14.2,5.4,3.4,2.3,84.1,6.9,17.6,5.7,94.6,8.2,35.2,16.2,79.8,15.9,12.4,10.1,77.9,11.7,11.6,8.1,87.8,11.1,9.9,8.7,88.6,8.5,19.9,11,95.7,6,26.9,13.9,94.7,6.4,14.2,11.1,66.2,26.1,18.5,17.3,67.5,16,10.8,7.8,27.9,20.3,22.5,15.1,15.3,11.4,2.3,3.8
1400000US48439102602,Census Tract 1026.02; Tarrant County; Texas,171,98,16,23,44,50,86,53,25,30,2474,246,300,111,164,103,397,130,447,158,58,49,646,160,462,137,2010,243,1108,196,893,250,886,250,616,169,425,97,303,74,174,71,672,129,412,130,165,65,484,134,409,127,153,58,1644,267,1494,260,983,201,1206,198,1163,202,871,178,132,141,111,135,0,15,38,53,38,53,6,10,64,95,64,95,38,56,0,15,0,15,0,15,464,276,204,168,66,61,132,88,99,59,15,17,1039,262,639,209,178,70,47000,4833,45710,4102,42348,11980,69917,9726,91094,15529,9.4,12.3,25.7,23.7,50.3,20.5,14.6,16.4,12.1,4.2,6.6,4.2,16,4.8,18.1,5.7,2.3,2,26.1,6.3,18.7,5.3,81.2,5.2,44.8,7.4,99.2,1.5,69,14.9,71.3,13,40.9,16.2,61.3,14.7,24.6,10.1,84.5,9.4,31.6,11.3,90.9,5.5,59.8,8.8,96.4,3.7,72.2,7.6,84.1,32.3,0,30.5,75,15.5,11.4,16.5,61.5,9.6,17.1,5.9,14.9,11.5,10.3,8,0,9.4,6.1,4.7,89,76,0,15,44,50,35,42,10,15,1199,193,145,82,78,61,185,90,196,118,31,29,344,125,220,75,976,190,564,137,471,155,464,155,328,116,234,60,171,53,87,46,301,55,164,53,61,39,193,67,177,67,88,37,853,176,774,177,522,133,583,129,570,128,457,112,27,32,27,32,0,15,23,37,23,37,0,15,19,28,19,28,19,28,0,15,0,15,0,15,232,128,94,71,18,28,45,40,39,35,5,8,553,172,343,155,83,65,52118,10471,30741,3713,46193,10943,53224,3996,70795,19365,99766,22429,0,39,49.4,34.8,39.3,34,11.2,20.6,12.1,6.3,6.5,5.4,15.4,6.5,16.3,8.6,2.6,2.4,28.7,10.2,18.3,6.3,81.4,7.2,47,11.3,98.5,2.9,69.6,24.3,73.1,22.2,37.2,20.5,54.5,16.6,20.3,12.5,91.7,9.8,45.6,15.3,90.7,6.7,61.2,12.5,97.8,3.5,78.4,8.6,100,70.8,0,70.8,86.7,18.6,11.1,24.6,62,14.6,15,12.5,13.5,12.2,18.4,15.5,0,19.6,5.3,4.9,82,70,16,23,0,15,51,47,15,24,1275,148,155,59,86,61,212,78,251,110,27,29,302,84,242,86,1034,146,544,102,422,126,422,126,288,91,191,64,132,50,87,42,371,105,248,105,104,43,291,100,232,93,65,34,791,151,720,145,461,104,623,121,593,122,414,97,105,138,84,132,0,15,15,18,15,18,6,10,45,67,45,67,19,28,0,15,0,15,0,15,232,155,110,103,48,55,87,74,60,44,10,11,486,123,296,90,95,47,36856,9320,37039,14714,32222,13291,65417,22682,88558,49250,19.5,20.3,0,40.6,62.2,27.1,18.3,27.9,12.2,4.5,6.7,4.7,16.6,5.9,19.7,7.7,2.1,2.3,23.7,6.8,19,6.3,81.1,6.1,42.7,7.5,100,11.2,68.2,13.5,69.1,19.8,45.5,19.4,66.8,16.5,28,12.5,79.7,13.4,22.3,12.7,91,7,58.3,10.2,95.2,6.2,66.5,10.3,80,47.9,0,35.6,69,18.5,11.5,18.3,60.9,9,19.5,8.2,16.2,13.2,3.3,5.7,0,16.4,7,8.3
1400000US48439104400,Census Tract 1044; Tarrant County; Texas,582,289,81,95,251,167,79,62,171,237,3956,786,681,231,281,112,599,235,822,480,377,196,698,182,498,278,2994,720,1196,317,1061,505,930,489,271,112,809,287,672,281,279,111,1477,371,922,355,423,279,609,160,470,132,223,94,2849,461,2267,424,981,220,1615,267,1598,268,823,197,46,53,31,48,16,25,38,44,0,21,0,21,18,20,8,14,8,14,0,21,0,21,0,21,237,201,161,158,15,26,768,436,527,356,176,150,2009,538,1090,431,326,172,41977,8524,37027,3262,44375,19378,75156,14322,93693,41584,13.9,16.3,43.1,27.1,13.6,12.7,29.4,31.3,17.2,5.7,7.1,2.7,15.1,5,20.8,9.7,9.5,4.4,17.6,5.7,12.6,6.5,75.7,6.7,30.2,8.2,87.7,7.7,25.5,15.9,83.1,11.1,34.5,19.2,62.4,13.4,28.6,14.1,77.2,10.6,36.6,13.7,79.6,7.3,34.4,8.1,98.9,1.8,51,10.6,67.4,54.5,34.8,28.4,68.6,17.1,22.9,18.6,54.3,11.8,16.2,8.5,26.8,15.2,12,8.8,31.5,28.3,7.4,6.7,366,267,29,41,152,116,14,20,171,237,2048,618,340,140,151,82,252,136,499,449,287,200,316,104,203,143,1557,576,519,167,664,492,584,477,88,43,431,177,395,167,147,57,738,239,449,205,212,153,215,106,129,78,72,43,1329,321,1043,293,377,99,725,205,716,203,290,90,31,34,16,25,16,25,38,44,0,21,0,21,0,21,0,21,0,21,0,21,0,21,0,21,106,146,72,104,0,21,544,368,426,337,126,134,1055,375,599,308,199,142,46444,13766,33750,6218,37500,2367,53750,16055,85804,24731,148275,10769,7.9,12.8,41.5,35.9,3.8,6.5,46.7,41.5,16.6,7.6,7.4,3.9,12.3,6.2,24.4,17,14,8.5,15.4,6.5,9.9,6.9,76,8.4,25.3,9.4,88,12,13.3,13.5,91.6,12.2,34.1,19.1,60.8,15.8,28.7,15.7,60,22.1,33.5,18.1,78.5,8.7,28.4,8.1,98.8,2.1,40,14.5,51.6,51.6,51.6,51.6,78.3,18.2,23.2,25.7,56.8,13.9,18.9,12.1,22.2,14.8,7.1,13,42.6,38.3,0,9.2,216,92,52,65,99,76,65,61,0,21,1908,277,341,131,130,85,347,143,323,156,90,56,382,152,295,151,1437,239,677,198,397,128,346,125,183,96,378,138,277,132,132,74,739,175,473,175,211,140,394,102,341,87,151,78,1520,221,1224,212,604,181,890,163,882,166,533,161,15,23,15,23,0,21,0,21,0,21,0,21,18,20,8,14,8,14,0,21,0,21,0,21,131,80,89,69,15,26,224,127,101,77,50,57,954,236,491,181,127,101,32396,10492,29798,22119,32625,25931,72850,35840,53692,29679,24.1,27.5,45.8,32.5,30.1,26,0,20.5,17.9,6.2,6.8,4.2,18.2,7,16.9,7.5,4.7,3.1,20,8,15.5,7.4,75.3,7.4,35.5,9.6,87.2,11,46.1,17.4,73.3,14.9,34.9,22.7,64,15.4,28.6,15.8,86.5,13.2,38.3,17.4,80.5,8.2,39.7,10.8,99.1,1.7,59.9,11.7,100,95,0,95,45.1,20.9,22.3,19.1,51.5,13.1,13.3,10.5,31.6,18.9,15.6,16.2,10.4,9.6,13.1,11.5
1400000US48439105008,Census Tract 1050.08; Tarrant County; Texas,571,277,0,21,315,262,200,112,56,46,5995,832,308,186,259,141,1710,476,1221,404,409,192,1510,387,578,244,5428,841,2088,453,2007,650,1950,646,831,335,1701,417,1505,388,468,231,1609,497,1462,500,580,367,678,184,511,173,209,102,3621,828,3358,814,1414,455,3107,758,2980,764,1359,449,579,285,527,280,211,124,0,21,0,21,0,21,623,207,569,212,313,134,0,21,0,21,0,21,697,328,571,280,81,97,475,212,403,182,69,51,1494,335,1160,317,219,126,53963,8987,41573,3453,59908,18698,59827,12550,113279,13184,0,8.4,55.2,26.3,35,23.1,9.8,9.1,5.1,3.2,4.3,2.4,28.5,6.8,20.4,5.7,6.8,3.5,25.2,4.5,9.6,4,90.5,3.6,34.8,4.9,97.2,3.7,41.4,11.1,88.5,6.5,27.5,10.4,90.9,6.2,36,15.4,75.4,16.2,30.8,12.6,92.7,4,39,7.3,95.9,2.6,43.7,7.3,91,11.8,36.4,24.3,84.8,21.7,14.5,11.7,77.6,10.9,14.7,7.5,3,5.1,8.9,7.5,2.2,2.6,2,2.3,282,131,0,21,99,96,127,86,56,46,2835,446,203,114,101,84,721,329,517,313,362,189,595,234,336,200,2531,459,931,259,1083,408,1083,408,268,134,691,261,561,232,251,186,828,277,738,278,309,200,233,110,149,89,103,85,1793,435,1630,430,580,220,1468,359,1391,354,559,215,214,146,214,146,118,97,0,21,0,21,0,21,275,96,254,105,130,91,0,21,0,21,0,21,291,173,207,145,81,97,262,152,226,140,22,34,824,282,618,271,164,126,58856,16572,46645,9205,45492,7287,69643,5873,63274,35753,118365,59255,0,16.2,35.1,26.1,45,24,19.9,16.9,7.2,4.2,3.6,3,25.4,10.4,18.2,10.1,12.8,6.6,21,7.9,11.9,7.3,89.3,4.4,32.8,8.8,100,4.5,24.7,14.3,81.2,11.2,36.3,18.2,89.1,9.1,37.3,17.3,63.9,28.9,44.2,27.7,90.9,5.4,32.3,11.4,94.8,4.4,38.1,12.8,100,20.7,55.1,40,86.3,20.3,8.4,13.5,75,12.9,19.9,14.1,3,4.9,2.9,4.5,0,5.5,0,5.2,289,267,0,21,216,252,73,71,0,21,3160,511,105,86,158,80,989,273,704,216,47,38,915,345,242,108,2897,513,1157,341,924,319,867,323,563,296,1010,258,944,251,217,131,781,271,724,260,271,193,445,142,362,132,106,66,1828,520,1728,513,834,353,1639,503,1589,507,800,353,365,204,313,194,93,98,0,21,0,21,0,21,348,148,315,145,183,79,0,21,0,21,0,21,406,179,364,167,0,21,213,125,177,116,47,44,670,166,542,168,55,52,47443,10055,32045,23291,45909,10709,59729,9003,93333,26185,0,15.8,74.7,32.5,25.3,32.5,0,15.8,3.3,2.7,5,2.7,31.3,6.6,22.3,7,1.5,1.2,29,7.8,7.7,3.6,91.7,3.7,36.6,7.1,93.8,8.1,60.9,18.5,93.5,5.4,21.5,12.1,92.7,8.1,34.7,17,81.3,14.7,23.8,13.6,94.5,4.2,45.6,10.5,96.9,3.1,48.8,11.1,85.8,17.8,25.5,25.3,83.1,26,22.1,20.2,80.9,12.3,8.2,7.6,3,5.5,13.2,11.5,4.8,5.9,3.5,4.2
1400000US48439105512,Census Tract 1055.12; Tarrant County; Texas,404,213,58,59,154,122,126,96,66,59,3409,433,366,195,117,74,661,185,743,186,175,100,871,215,476,154,2926,322,1347,257,448,153,435,150,140,79,938,398,729,280,391,200,1107,143,948,163,424,124,916,121,814,98,392,104,1929,245,1735,243,841,179,1497,179,1449,176,720,155,678,204,654,204,175,93,0,21,0,21,0,21,275,193,210,140,138,124,0,21,0,21,0,21,84,85,32,31,0,21,443,379,295,201,193,171,907,403,566,258,280,188,66031,11762,36544,9584,63456,16314,80825,4934,101944,24045,14.4,15.8,38.1,16.3,31.2,14.1,16.3,14.6,10.7,4.8,3.4,2.1,19.4,5.1,21.8,5.6,5.1,2.9,25.6,5.1,14,4.5,85.8,5.2,39.5,5.9,97.1,4.4,31.3,12.4,77.7,13.1,41.7,12.6,85.6,7.7,38.3,10.3,88.9,6.6,42.8,9.5,89.9,4.1,43.6,7.8,96.8,2.6,48.1,9,96.5,5.4,25.8,13.1,66.6,22.2,43.6,16,62.4,11.7,30.9,10,3.1,4.8,6.5,5.3,2.9,4.2,5.9,4.3,181,77,9,15,86,65,50,38,36,33,1735,275,256,199,39,35,303,170,399,131,77,62,354,92,307,144,1440,221,661,154,247,100,247,100,51,44,501,232,336,134,169,87,564,99,468,110,195,71,423,93,389,98,246,85,917,161,821,160,409,95,688,120,688,120,360,82,376,149,376,149,83,65,0,21,0,21,0,21,174,137,145,122,120,121,0,21,0,21,0,21,37,35,6,10,0,21,231,215,92,68,49,38,468,234,207,120,74,50,72874,13386,57235,42864,34271,27718,74345,21589,100104,36388,113462,24716,5,8.2,47.5,26,27.6,18.7,19.9,17.9,14.8,10.2,2.2,2,17.5,8.9,23,7.6,4.4,3.6,20.4,6.3,17.7,8,83,10.1,38.1,9.5,100,18.2,20.6,16.6,67.1,26,33.7,20.4,83,10.1,34.6,12.2,92,10.6,58.2,14.5,89.5,4.9,44.6,10.6,100,7,52.3,10.7,100,12.4,22.1,14,39.8,40.7,21.2,29.8,44.2,23.3,15.8,12.6,3.7,7.1,5.3,7.9,5.7,8,5.6,5.1,223,201,49,58,68,102,76,91,30,36,1674,199,110,63,78,58,358,108,344,103,98,77,517,188,169,63,1486,210,686,201,201,86,188,84,89,67,437,179,393,194,222,168,543,78,480,82,229,85,493,87,425,76,146,57,1012,121,914,129,432,126,809,104,761,104,360,105,302,112,278,113,92,66,0,21,0,21,0,21,101,69,65,53,18,21,0,21,0,21,0,21,47,53,26,29,0,21,212,175,203,173,144,159,439,189,359,197,206,173,62865,24114,36801,7257,48500,26145,80328,18800,73571,25199,22,32.1,30.5,24.6,34.1,18.3,13.5,21.2,6.6,3.9,4.7,3.4,21.4,6.5,20.5,6.4,5.9,4.5,30.9,9,10.1,3.7,88.8,5.6,41,9.1,93.5,10,44.3,22.6,89.9,11.2,50.8,23.8,88.4,6.9,42.2,14.9,86.2,10.8,29.6,10.8,90.3,5.3,42.7,10.8,94.1,4.8,44.5,11.2,92.1,12.3,30.5,19.3,95.8,7.1,67.9,34.7,81.8,13.1,46.9,23.8,2.1,5.5,7.5,8,0,10.7,6.3,5.3
1400000US48439105600,Census Tract 1056; Tarrant County; Texas,611,360,47,60,296,280,268,138,0,21,3321,256,132,99,372,136,868,256,644,171,234,86,848,240,223,90,2817,280,1071,236,1068,304,1027,293,460,203,544,139,517,141,225,76,1124,205,846,193,246,111,585,108,427,88,140,73,2360,337,2101,282,976,230,1609,250,1566,247,905,213,179,158,179,158,18,25,41,69,41,69,0,21,0,21,0,21,0,21,0,21,0,21,0,21,323,200,189,120,13,21,418,172,307,137,64,57,1490,213,1029,223,144,86,46208,7839,37635,7782,42348,10020,63843,4930,60417,10152,7.7,9,48.4,25.4,43.9,24.4,0,7.9,4,2.9,11.2,4.2,26.1,7.1,19.4,5.1,7,2.5,25.5,6.8,6.7,2.9,84.8,5,32.2,6.8,96.2,4.2,43.1,12.7,95,6.3,41.4,14.9,75.3,9.3,21.9,9.8,73,13.1,23.9,12,89,5,41.4,8.7,97.3,2,56.2,10.3,100,24,10.1,16.9,73.4,14.7,15.3,12.6,69.1,10.7,9.7,5.6,6,7.8,11.1,10.2,8,5.8,2.3,2.7,433,320,47,60,243,265,143,111,0,21,1709,199,62,50,220,103,454,196,291,107,179,79,433,180,70,59,1427,216,503,172,633,212,622,212,286,169,178,75,178,75,62,42,636,173,475,177,97,65,262,83,152,66,58,43,1261,238,1129,217,468,173,893,226,862,225,429,163,75,77,75,77,18,25,22,37,22,37,0,21,0,21,0,21,0,21,0,21,0,21,0,21,190,112,89,59,0,21,161,87,112,69,17,26,724,117,473,126,56,53,51541,5830,44359,10055,43561,16480,52841,27439,64167,9048,39803,28560,10.9,14,56.1,34.3,33,27.4,0,10.9,3.6,2.9,12.9,6.2,26.6,10.4,17,6.3,10.5,4.5,25.3,9.8,4.1,3.6,83.5,6.3,29.4,9.5,98.3,3,45.2,17.1,100,24.1,34.8,22.8,74.7,12,15.3,10.6,58,23.2,22.1,15.7,89.5,4.4,37.1,11.8,96.5,2.8,48,15.4,100,42.5,24,37.8,69.6,29,10.6,15.9,65.3,13.5,7.7,7,0,16.2,11.7,12,12.8,10.6,1.6,2.6,178,101,0,21,53,59,125,92,0,21,1612,154,70,59,152,71,414,126,353,129,55,40,415,120,153,69,1390,166,568,131,435,136,405,133,174,80,366,89,339,87,163,62,488,92,371,87,149,79,323,69,275,65,82,45,1099,183,972,159,508,122,716,129,704,125,476,114,104,105,104,105,0,21,19,32,19,32,0,21,0,21,0,21,0,21,0,21,0,21,0,21,133,96,100,75,13,21,257,103,195,85,47,35,766,121,556,141,88,57,41779,5247,27500,20480,42180,6549,54821,20858,70109,16859,0,24.1,29.8,31.3,70.2,31.3,0,24.1,4.3,3.6,9.4,4.3,25.7,7.5,21.9,7.6,3.4,2.5,25.7,6.8,9.5,4.3,86.2,6.6,35.2,7.3,93.1,10.3,40,14.2,92.6,9,44.5,15.1,76,11.6,30.5,14.6,85.1,12.3,25.4,13.4,88.4,7.5,46.2,9.6,98.3,2.1,66.5,9.4,100,35.8,0,35.8,75.9,20.6,18.3,12.8,72.6,13.8,11.5,7.1,13.5,17,10.4,10.5,2.5,3.8,3,3.8
1400000US48439105701,Census Tract 1057.01; Tarrant County; Texas,454,255,53,63,229,231,127,84,45,48,3043,467,412,302,210,140,857,210,519,125,341,124,444,149,260,84,2421,334,704,161,680,182,635,179,192,134,680,168,634,175,178,112,985,286,521,165,87,51,698,166,631,135,247,74,2049,460,1659,377,581,153,1567,408,1334,365,519,152,377,152,377,152,47,47,14,17,14,17,0,15,80,78,80,78,30,35,0,15,0,15,0,15,121,115,101,87,11,17,402,323,190,128,35,41,987,350,598,185,108,64,42083,3957,36125,10401,40842,7405,56442,12007,73333,29310,11.7,15.4,50.4,30.5,28,17.4,9.9,10.6,13.5,8.9,6.9,4.3,28.2,6.2,17.1,4.3,11.2,3.8,14.6,4.3,8.5,3.2,79.6,8.9,23.1,5,93.4,7.8,28.2,16.2,93.2,7.7,26.2,13.5,52.9,17.7,8.8,5.8,90.4,8.4,35.4,13,81,7.7,28.4,6.6,85.1,8.8,33.1,8.3,100,12.4,12.5,13.7,47.3,35.6,8.7,13,60.6,19.3,10.9,7.5,0,7.7,12.8,9.6,1.5,2.2,0,6.9,234,195,15,26,173,190,34,40,12,22,1409,209,217,141,119,110,372,139,242,112,106,69,266,129,87,51,1073,186,353,130,409,144,364,144,147,125,283,94,283,94,53,48,479,148,217,85,26,27,238,54,209,41,127,41,907,195,662,152,286,122,687,190,553,154,259,122,175,96,175,96,16,22,14,17,14,17,0,15,50,48,50,48,27,35,0,15,0,15,0,15,101,87,101,87,11,17,162,127,71,51,13,19,474,148,272,132,51,35,46240,3399,43250,34797,44444,10358,41771,15953,50560,10106,99432,14329,6.4,12.2,73.9,32.6,14.5,19,5.1,11.9,15.4,9.5,8.4,7.4,26.4,10.2,17.2,7.6,7.5,4.9,18.9,8.5,6.2,3.6,76.2,10.8,25.1,8.3,89,13.2,35.9,23.3,100,16.1,18.7,15.4,45.3,20.2,5.4,6.2,87.8,14.1,53.4,15.1,73,11.6,31.5,12,80.5,13.8,37.7,14.8,100,24.5,9.1,14.1,43.8,37.8,8,14.3,57.4,23.2,10.8,7.6,0,13.8,9.1,9.1,0,13.4,0,13.2,220,135,38,58,56,68,93,73,33,44,1634,318,195,167,91,64,485,166,277,121,235,102,178,80,173,63,1348,246,351,106,271,106,271,106,45,37,397,99,351,109,125,104,506,170,304,121,61,44,460,147,422,131,120,49,1142,301,997,270,295,108,880,250,781,249,260,105,202,80,202,80,31,30,0,15,0,15,0,15,30,34,30,34,3,5,0,15,0,15,0,15,20,32,0,15,0,15,240,202,119,97,22,25,513,228,326,127,57,41,36985,9418,27946,11654,40246,16409,66512,1946,59821,30793,17.3,26.5,25.5,26.7,42.3,19.2,15,16.3,11.9,9.1,5.6,3.9,29.7,7.6,17,7.1,14.4,5.8,10.9,4.7,10.6,4.5,82.5,8.8,21.5,6.8,100,16.8,16.6,12.5,88.4,13.3,31.5,21.9,60.1,18.8,12.1,9.3,91.7,10.8,26.1,13.6,87.3,6.4,25.8,9.4,88.8,8.1,29.5,12.4,100,21.7,15.3,16,49.6,36.9,9.2,13.7,63.5,21,11.1,9.5,0,16,15.7,14.7,2.5,3.5,0,13.3
1400000US48439105706,Census Tract 1057.06; Tarrant County; Texas,395,434,0,15,49,80,185,180,161,288,2430,433,270,205,232,254,661,250,585,337,123,91,268,186,291,268,1928,536,559,373,870,323,677,371,183,147,342,139,285,123,82,96,899,153,784,188,198,159,319,191,182,159,96,116,1125,479,970,463,66,50,482,267,482,267,41,34,571,286,546,293,193,149,0,15,0,15,0,15,278,356,239,350,191,300,46,87,46,87,46,87,359,367,76,97,29,49,51,42,51,42,34,28,1023,335,585,300,66,61,35758,2691,31520,5179,37370,4694,46348,17380,81202,12817,0,11.9,12.4,28.7,46.8,23.9,40.8,35.6,11.1,8.4,9.5,10.5,27.2,10.3,24.1,12.6,5.1,4.1,11,7.5,12,9.8,79.3,14.9,23,13.3,77.8,29.4,21,15.3,83.3,20.1,24,25.7,87.2,10.5,22,16.2,57.1,30.7,30.1,25.5,86.2,13.7,5.9,5.3,100,9.8,8.5,8.6,95.6,8,33.8,18.9,100,51.5,66.7,24.3,57.2,29.5,6.5,5.9,49,33,12,11.2,0,6.8,0,8.6,170,159,0,15,49,80,121,161,0,15,1007,207,55,73,130,133,371,163,295,159,33,44,52,61,71,63,822,243,123,85,348,183,247,170,61,61,168,132,168,132,0,15,349,112,323,107,48,39,142,101,84,72,14,18,539,245,484,239,14,18,213,134,213,134,14,18,196,100,181,99,55,67,0,15,0,15,0,15,62,77,48,62,0,15,0,15,0,15,0,15,168,172,67,94,29,49,42,32,42,32,25,24,515,166,359,172,41,52,34886,4305,30928,14058,26767,6235,36621,2763,18984,9282,59250,26277,0,25.1,28.8,49,71.2,49,0,25.1,5.5,7.2,12.9,13.2,36.8,14.2,29.3,13.2,3.3,4.4,5.2,6.3,7.1,6.2,81.6,16.2,12.2,8.7,71,35.2,17.5,20.4,100,25.3,0,25.3,92.6,9.1,13.8,11.6,59.2,40.8,9.9,14.6,89.8,13.9,2.6,3.5,100,20.7,6.6,9.8,92.3,12.7,28.1,29,100,56.8,59.5,34.9,69.7,29.3,8,9.7,60.5,38.3,4,7.7,0,14.1,0,32.1,225,296,0,15,0,15,64,90,161,288,1423,362,215,174,102,122,290,130,290,193,90,79,216,175,220,260,1106,404,436,362,522,236,430,276,122,138,174,140,117,107,82,96,550,156,461,177,150,155,177,142,98,110,82,116,586,260,486,242,52,45,269,144,269,144,27,28,375,241,365,244,138,132,0,15,0,15,0,15,216,300,191,300,191,300,46,87,46,87,46,87,191,202,9,22,0,15,9,17,9,17,9,17,508,207,226,172,25,36,45210,11865,32853,8556,45709,10078,47363,7371,82308,6878,0,19.8,0,19.8,28.4,53.5,71.6,53.5,15.1,12.1,7.2,8.7,20.4,9.9,20.4,13.7,6.3,5.9,15.2,10.9,15.5,15.6,77.7,16.3,30.6,19.7,82.4,26.2,23.4,21.1,67.2,33,47.1,34.8,83.8,16.4,27.3,23.2,55.4,38.3,46.3,45,82.9,15.5,8.9,8.8,100,16.9,10,11.3,97.3,5.5,36.8,23.2,100,100,100,100,44.5,35.6,4.9,6.9,42.3,32.7,22.1,18,0,12.3,0,10.8
1400000US48439106004,Census Tract 1060.04; Tarrant County; Texas,563,223,131,92,137,83,186,135,109,168,4660,642,308,153,692,421,1393,300,1415,350,256,111,316,105,280,178,3660,409,596,207,1561,394,1136,256,166,114,1022,305,746,257,150,67,1614,318,1368,264,180,112,463,132,410,136,100,89,1936,365,1593,321,292,122,1036,282,964,252,228,110,1622,481,1270,325,46,48,25,40,25,40,0,21,74,120,74,120,74,120,34,50,34,50,34,50,619,462,314,239,74,65,350,242,350,242,76,94,1852,555,1276,420,211,120,39540,7084,44877,10036,42143,8740,42300,15969,40577,23217,23.3,17.7,24.3,14.8,33,21.5,19.4,25.8,6.6,3.1,14.8,7.7,29.9,6.2,30.4,6.7,5.5,2.6,6.8,2.4,6,3.9,78.5,7.8,12.8,4.7,72.8,12.5,10.6,7.7,73,16,14.7,7.1,84.8,8.2,11.2,7,88.6,14.8,21.6,18.6,82.3,7.9,15.1,6.7,93.1,5.4,22,10.5,78.3,17,2.8,2.9,100,13.3,21.7,21.8,68.9,10.7,11.4,6.7,16.8,11.8,6.6,5.1,3.8,4,0,8,232,141,59,61,108,79,65,89,0,21,2199,416,192,106,341,226,870,259,394,206,94,67,224,92,84,76,1666,319,308,115,773,241,582,214,64,52,573,236,358,195,98,55,656,194,557,160,81,64,197,51,169,52,65,59,978,211,792,185,191,90,583,189,541,164,127,69,681,261,474,193,46,48,25,40,25,40,0,21,39,63,39,63,39,63,0,21,0,21,0,21,277,229,137,114,32,46,199,197,199,197,0,21,896,325,612,256,96,59,44554,5001,32012,9902,48726,24362,46700,10652,40650,20216,53182,48448,25.4,22.9,46.6,28.1,28,33.3,0,19.3,8.7,4.6,15.5,8.9,39.6,9.1,17.9,8.6,4.3,3.4,10.2,4.5,3.8,3.5,75.8,9.8,14,5.7,75.3,17.4,8.3,6.9,62.5,24.5,17.1,11,84.9,9.6,12.3,10.2,85.8,18.1,33,27.9,81,8.8,19.5,9.8,92.8,7.7,21.8,13.2,69.6,22.3,6.8,6.7,100,22,0,22,68.3,13.3,10.7,7.5,13.3,12.8,2,3.5,0,9.7,0,14.9,331,191,72,67,29,26,121,106,109,168,2461,345,116,73,351,228,523,176,1021,267,162,114,92,53,196,125,1994,265,288,136,788,264,554,174,102,78,449,161,388,155,52,43,958,194,811,191,99,102,266,127,241,128,35,45,958,244,801,226,101,66,453,151,423,140,101,66,941,285,796,231,0,21,0,21,0,21,0,21,35,57,35,57,35,57,34,50,34,50,34,50,342,242,177,148,42,47,151,87,151,87,76,94,956,313,664,277,115,104,28105,4412,22014,14070,30104,11026,49028,26673,40000,19110,21.8,25.4,8.8,10,36.6,31.8,32.9,38.6,4.7,2.9,14.3,8.2,21.3,7.1,41.5,9,6.6,4.7,3.7,2.3,8,5.2,81,8,11.7,5.7,70.3,17.9,12.9,10,86.4,13.2,11.6,10.1,84.7,11.7,10.3,10.3,90.6,13,13.2,17.6,83.6,8.9,10.5,6.9,93.4,6.5,22.3,12.3,84.6,16,0,5.2,100,27.6,50.3,44.6,69.5,13.7,12,10.8,20.8,19.1,14.3,10.8,5.3,5.7,0,15.9
1400000US48439106512,Census Tract 1065.12; Tarrant County; Texas,478,213,94,108,176,135,118,86,90,136,3278,393,67,65,224,139,892,259,663,189,283,122,826,262,323,184,2987,377,1149,351,943,352,895,350,292,302,573,199,493,195,112,98,1215,314,1116,283,478,213,547,163,483,152,267,105,1113,245,1051,232,369,152,968,222,933,218,348,142,1401,257,1326,266,509,180,0,15,0,15,0,15,338,307,260,268,178,255,0,15,0,15,0,15,177,123,111,107,0,15,249,105,239,104,93,49,520,186,417,155,102,56,34430,4121,27997,6682,32782,6980,87679,35904,89119,36373,19.7,20.4,36.8,25,24.7,20,18.8,26.1,2,2,6.8,4.1,27.2,8.1,20.2,5.5,8.6,3.7,25.2,6.8,9.9,5.1,91.1,4.4,35.1,8.5,94.9,5,31,24.6,86,13.1,19.5,14,91.9,6,39.3,12.1,88.3,10.1,48.8,12.9,94.4,4.5,33.2,9.7,96.4,3.5,36,10.2,94.6,4.9,36.3,12.1,96,6.7,37.3,17.1,80.2,12.3,19.6,9.9,9.6,11.7,16.5,8.9,10.6,8,0,4.3,264,167,84,108,88,88,25,27,67,101,1478,283,31,38,105,70,383,168,264,110,131,91,408,158,156,144,1342,267,564,225,483,235,467,230,170,186,217,93,191,94,49,53,524,165,494,156,193,108,254,108,190,89,152,80,547,159,521,158,175,113,485,149,459,147,166,103,514,128,498,128,217,94,0,15,0,15,0,15,174,161,134,142,87,133,0,15,0,15,0,15,74,63,30,47,0,15,169,75,159,73,85,45,255,106,201,90,74,49,53277,19130,33393,20785,30833,7354,37583,16472,116293,15632,108391,29902,31.8,33.9,33.3,30.6,9.5,11.9,25.4,34,2.1,2.5,7.1,4.5,25.9,11.1,17.9,7.6,8.9,5.7,27.6,9.3,10.6,9,90.8,5.2,38.2,12.2,96.7,5.1,35.2,29.1,88,15.7,22.6,21.2,94.3,5.2,36.8,15.8,74.8,19.2,59.8,19.9,95.2,5.8,32,16.1,94.6,6.4,34.2,16.6,96.9,4.9,42.2,16.4,94.1,9.6,50.3,22.9,78.8,16.6,29,18.3,6.6,11,8.4,8.4,4.6,5.2,0,8.5,214,118,10,15,88,100,93,81,23,35,1800,237,36,35,119,95,509,198,399,143,152,97,418,168,167,123,1645,239,585,189,460,182,428,181,122,131,356,146,302,136,63,78,691,204,622,182,285,127,293,97,293,97,115,68,566,132,530,118,194,77,483,121,474,121,182,75,887,227,828,237,292,154,0,15,0,15,0,15,164,151,126,133,91,125,0,15,0,15,0,15,103,75,81,71,0,15,80,46,80,46,8,13,265,107,216,87,28,30,29698,6587,22566,9941,28962,5724,59855,28964,77132,31658,4.7,7.5,41.1,37,43.5,35.2,10.7,17.5,2,2,6.6,5.2,28.3,10.1,22.2,7.5,8.4,5.7,23.2,8.6,9.3,6.5,91.4,5.3,32.5,8.7,93,8.8,26.5,23.2,84.8,16.3,17.7,18.8,90,9.7,41.2,14.6,100,15.6,39.2,21,93.6,6.6,34.3,12.4,98.1,3.1,37.7,14.7,93.3,7.6,32.9,15.2,100,41.1,10,18.5,81.5,13,10.6,10.1,12.3,18.7,22.6,14.2,14.9,12.4,0,8.2
1400000US48439106515,Census Tract 1065.15; Tarrant County; Texas,492,194,72,63,108,109,312,115,0,15,3006,353,58,52,261,118,728,215,1043,255,256,121,500,118,160,54,2687,345,660,128,955,239,862,238,217,104,586,197,517,182,72,44,979,158,838,145,184,83,486,160,470,157,187,46,988,214,927,194,298,88,910,211,864,192,298,88,1560,362,1443,357,211,95,53,73,53,73,0,15,105,62,89,56,56,37,0,15,0,15,0,15,79,92,32,48,0,15,221,116,143,83,95,73,313,136,207,85,37,38,39219,4239,33259,13729,37477,4528,57454,20974,88250,33739,14.6,11.6,22,18,63.4,16.5,0,9.7,1.9,1.7,8.7,3.8,24.2,6.1,34.7,6.9,8.5,3.9,16.6,4.2,5.3,1.8,89.4,3.9,22,4.6,90.3,8.8,22.7,10.5,88.2,8.2,12.3,8.1,85.6,6.4,18.8,9.2,96.7,4.1,38.5,14.8,93.8,3.8,30.2,7.4,94.9,3.8,32.7,8.5,92.5,5,13.5,6.1,64.7,29,43,24.7,66.1,19,11.8,12.8,15.7,13.3,22.3,19,9.5,7.2,5,4.4,290,132,61,58,56,67,173,93,0,15,1475,277,41,44,101,61,498,199,465,206,73,55,217,61,80,41,1333,271,297,70,416,195,368,189,52,35,272,101,269,101,33,29,478,125,403,116,91,50,309,165,293,163,121,42,492,149,460,138,135,50,460,149,428,139,135,50,754,257,733,253,71,40,0,15,0,15,0,15,71,51,64,44,39,30,0,15,0,15,0,15,28,40,3,8,0,15,130,76,73,46,52,40,155,71,107,55,24,24,41985,9218,31958,2763,45524,30838,37219,6079,97955,34319,90921,36050,21,16.4,19.3,21.8,59.7,22.2,0,15.8,2.8,3,6.8,4.1,33.8,11.2,31.5,11.6,4.9,3.7,14.7,4.5,5.4,3,90.4,4.9,20.1,5.5,88.5,12.1,12.5,8.3,98.9,2.1,12.1,11.1,84.3,12,19,11.7,94.8,7,39.2,23.6,93.5,6.6,27.4,11.2,93,7.1,29.3,12.5,97.2,3.5,9.4,5.5,56.2,27.9,40,25.2,69,27.5,15.5,16.9,12,17.5,32.5,24.9,16.5,15.6,3,4.5,202,113,11,17,52,51,139,92,0,15,1531,193,17,25,160,86,230,95,578,178,183,108,283,102,80,36,1354,190,363,109,539,126,494,132,165,94,314,141,248,129,39,24,501,116,435,108,93,51,177,49,177,49,66,39,496,130,467,127,163,75,450,119,436,117,163,75,806,205,710,203,140,86,53,73,53,73,0,15,34,23,25,20,17,15,0,15,0,15,0,15,51,81,29,47,0,15,91,65,70,53,43,38,158,98,100,61,13,17,37582,4665,31184,17663,38109,4891,38778,17842,72321,66049,5.4,9.4,25.7,21.8,68.8,22.8,0,21.7,1.1,1.6,10.5,5.5,15,6.3,37.8,9.6,12,7,18.5,6.3,5.2,2.5,88.4,5.7,23.7,6.8,91.7,9.2,30.6,14.7,79,15.7,12.4,8.8,86.8,10.4,18.6,11.2,100,24.3,37.3,18.9,94.2,6.1,32.9,11.9,96.9,4.2,36.2,12.8,88.1,8.8,17.4,9.8,76.9,34,47.3,37.2,63.3,19.2,8.2,11.7,18.6,21.8,0,19.4,4.5,5.3,6.6,7
1400000US48439106522,Census Tract 1065.22; Tarrant County; Texas,462,225,0,15,108,102,227,171,127,176,2424,326,81,157,57,48,850,366,576,296,123,136,574,274,163,99,2286,319,737,261,762,251,759,253,236,195,566,217,537,215,158,95,922,240,816,276,317,201,174,84,174,84,26,30,880,274,774,190,355,183,655,155,632,154,295,137,1199,224,1196,222,335,267,5,7,5,7,0,15,57,56,57,56,24,34,0,15,0,15,0,15,101,93,85,86,7,12,182,141,169,138,16,22,534,285,422,190,117,121,44706,13100,28288,12550,34714,1918,70186,4868,59934,28976,0,10.2,23.4,25.7,49.1,29.2,27.5,33.7,3.3,6.5,2.4,2,35.1,14.9,23.8,12,5.1,5.6,23.7,10.7,6.7,4,94.3,6.8,30.4,9.8,99.6,0.9,31,25.5,94.9,6.1,27.9,14.6,88.5,18.5,34.4,18.3,100,24.6,14.9,15.9,88,16.9,40.3,15.9,96.5,4.2,45,20,99.7,0.5,27.9,19.5,92.9,13.9,8.8,13.7,79,26.2,21.9,19.3,9.4,25.7,49.8,19.7,10.4,10.4,2.8,6.3,337,190,0,15,39,68,171,145,127,176,1254,238,48,85,13,26,496,209,178,149,94,128,333,220,92,78,1193,231,425,215,335,131,335,131,102,111,300,149,298,149,106,71,482,172,423,193,210,154,137,82,137,82,7,11,436,199,388,152,190,138,276,91,264,93,137,92,623,165,623,165,210,185,0,15,0,15,0,15,20,23,20,23,9,15,0,15,0,15,0,15,62,65,62,65,0,15,113,127,100,129,16,22,335,168,286,148,82,77,57246,7692,53750,43163,45852,27657,33534,12364,83125,15106,59518,50510,0,13.8,11.6,25.9,50.7,35.1,37.7,43.9,3.8,6.7,1,2,39.6,16.5,14.2,10.9,7.5,10,26.6,16.7,7.3,6.5,95.1,7.4,33.9,16.5,100,13.8,30.4,35.5,99.3,1.3,35.3,25.5,87.8,19.8,43.6,25,100,29.7,5.1,8.5,89,17.7,43.6,25.8,95.7,7.6,49.6,27.2,100,7.7,33.7,28.1,88.5,26.9,14.2,23.9,85.4,26.3,24.5,21,3.3,39.1,46,22.3,0,16.7,0,11.1,125,97,0,15,69,72,56,66,0,15,1170,218,33,74,44,41,354,195,398,277,29,38,241,99,71,65,1093,217,312,93,427,159,424,160,134,97,266,144,239,141,52,42,440,177,393,180,107,91,37,33,37,33,19,27,444,131,386,116,165,105,379,131,368,127,158,88,576,186,573,185,125,91,5,7,5,7,0,15,37,39,37,39,15,29,0,15,0,15,0,15,39,41,23,29,7,12,69,62,69,62,0,15,199,171,136,119,35,62,34487,9488,14614,9194,36042,21635,43644,13894,67847,32690,0,31.7,55.2,37.3,44.8,37.3,0,31.7,2.8,6.4,3.8,3.4,30.3,16.5,34,21.7,2.5,3.3,20.6,9.3,6.1,5.2,93.4,6.9,26.7,8.1,99.3,1.6,31.4,21.7,89.8,12.6,19.5,16.4,89.3,18.1,24.3,18.4,100,60.5,51.4,37.9,86.9,17.4,37.2,21.5,97.1,4.8,41.7,26.4,99.5,1,21.7,14.3,100,44.3,0,44.3,68.3,27.5,17.6,32.2,14.3,30,55.2,24,17.1,16.1,6.7,14.4
1400000US48439110205,Census Tract 1102.05; Tarrant County; Texas,1019,310,140,142,381,193,277,168,221,222,3731,468,129,110,236,157,1347,327,700,199,506,199,594,271,219,170,3366,425,813,317,968,301,922,299,340,244,964,415,810,316,123,88,1396,266,1306,255,228,147,403,73,328,90,122,82,2474,612,2319,550,665,288,2195,573,2040,502,628,269,230,155,230,155,24,29,0,21,0,21,0,21,604,344,503,294,103,80,0,21,0,21,0,21,352,183,243,126,11,17,71,77,71,77,10,19,668,252,583,215,48,54,45495,7107,38125,7556,45750,8265,58565,38066,66190,17029,13.7,12.4,37.4,17.1,27.2,15.4,21.7,20.7,3.5,2.9,6.3,4,36.1,8.1,18.8,4.9,13.6,4.8,15.9,6.9,5.9,4.7,90.2,4.2,21.8,8.1,95.2,7.3,35.1,17.9,84,11.7,12.8,10.4,93.6,5.5,16.3,11.3,81.4,19.5,30.3,19.9,93.7,5.5,26.9,11.5,92.9,6.1,28.6,12.1,100,19.4,10.4,12.1,100,43.7,14.1,31.5,87.3,12,7.2,7.8,6.6,11.2,8,7,5.1,5.8,1.8,2.7,438,224,58,93,205,156,103,115,72,114,1858,246,63,72,160,145,718,224,371,156,143,103,285,125,118,90,1635,237,403,160,560,180,514,178,130,95,354,193,236,131,57,58,814,173,764,167,177,103,130,76,121,74,39,35,1169,301,1064,281,316,141,995,286,890,258,291,130,196,144,196,144,0,21,0,21,0,21,0,21,253,156,244,156,66,66,0,21,0,21,0,21,182,116,73,73,11,17,58,74,58,74,10,19,380,155,295,137,36,47,58563,5455,57620,24090,50702,15304,51975,22517,90563,48226,67465,43573,13.2,19.6,46.8,31.1,23.5,24.6,16.4,24.5,3.4,3.8,8.6,7.6,38.6,11.2,20,8.5,7.7,5.4,15.3,6.3,6.4,4.9,88,8.2,21.7,8.3,91.8,12.2,23.2,14.8,66.7,31.2,16.1,17.5,93.9,7.8,21.7,13.8,93.1,13,30,23,91,11.5,27,11.6,89.4,13.4,29.2,11.9,100,22.3,0,22.3,100,48.3,17.2,39.8,77.6,21.5,9.5,11.5,10.8,20.1,6.4,7.9,0,9.3,0,11.7,581,265,82,105,176,135,174,135,149,133,1873,331,66,76,76,75,629,211,329,168,363,176,309,235,101,91,1731,344,410,247,408,249,408,249,210,222,610,244,574,243,66,60,582,154,542,160,51,62,273,90,207,96,83,75,1305,375,1255,379,349,235,1200,351,1150,355,337,231,34,35,34,35,24,29,0,21,0,21,0,21,351,198,259,149,37,49,0,21,0,21,0,21,170,109,170,109,0,21,13,25,13,25,0,21,288,155,288,155,12,24,35536,7598,25083,16736,42898,12307,29210,10251,51424,17852,14.1,15.5,30.3,19.6,29.9,17.9,25.6,24.2,3.5,4.1,4.1,4.1,33.6,11,17.6,8,19.4,8.6,16.5,11.4,5.4,5,92.4,5,21.9,11.7,100,11.5,51.5,32.9,94.1,9.5,10.8,10.5,93.1,8.1,8.8,10.9,75.8,26.7,30.4,25.8,96.2,4.8,26.7,16,95.8,5.2,28.1,17.2,100,63.1,70.6,46.7,100,100,0,100,100,15.9,4.2,8.8,0,28.9,9.8,14.1,9,9.5,3.7,5.1
1400000US48439111026,Census Tract 1110.26; Tarrant County; Texas,544,210,22,38,212,114,298,131,12,21,3680,445,282,213,186,129,1289,295,975,291,226,151,435,222,287,151,3212,467,722,294,892,341,807,334,152,114,1085,346,1018,323,173,139,1329,422,1109,363,281,196,374,165,278,147,116,74,1049,374,902,323,203,138,523,241,523,241,192,138,1605,452,1566,449,300,210,0,21,0,21,0,21,147,97,118,102,45,65,22,35,22,35,0,21,87,91,53,66,0,21,770,419,551,304,174,137,1203,335,803,284,31,36,41065,2453,40769,2115,40110,20091,63491,18715,41217,1098,4,6.7,39,14.1,54.8,11.9,2.2,3.7,7.7,5.8,5.1,3.5,35,8.3,26.5,7.4,6.1,4,11.8,5.1,7.8,3.9,87.3,6.7,19.6,6.6,90.5,7.5,17,11.5,93.8,4.6,15.9,11.2,83.4,13.3,21.1,10.7,74.3,25.8,31,21,86,16.8,19.4,12.8,100,9.1,36.7,16.5,97.6,2.7,18.7,9.6,71.6,21.1,22.6,18.8,66.7,18,2.6,3,6,6.1,6.8,6.5,5.3,7.2,5.5,8,261,127,22,38,73,73,154,135,12,21,1818,254,223,140,119,112,716,218,470,213,135,112,73,62,82,65,1476,230,155,89,386,163,301,168,24,33,520,217,480,191,0,21,713,227,567,172,78,59,199,125,128,79,53,51,511,223,381,160,54,56,245,115,245,115,43,48,848,244,824,237,61,52,0,21,0,21,0,21,62,52,58,52,27,44,22,35,22,35,0,21,73,76,53,66,0,21,302,210,138,98,13,22,641,180,327,143,24,32,42799,5179,34746,18994,45436,5892,33932,7516,210402,205793,127266,31291,8.4,12.3,28,34.2,59,36.5,4.6,7.6,12.3,7.3,6.5,5.8,39.4,12.7,25.9,10.4,7.4,6.1,4,3.5,4.5,3.4,81.2,9.6,8.5,4.8,78,17.9,6.2,8,92.3,7.3,0,9.2,79.5,14.9,10.9,9,64.3,39.3,26.6,28.3,74.6,31.2,10.6,12.3,100,18.4,17.6,20,97.2,3.4,7.2,6.1,45.7,22.6,4.3,8.5,51,23.1,3.7,4.8,3.2,6.1,7.3,7.7,0.7,1.4,17.4,24.8,283,136,0,21,139,139,144,106,0,21,1862,301,59,90,67,56,573,215,505,194,91,91,362,226,205,129,1736,324,567,262,506,242,506,242,128,116,565,180,538,179,173,139,616,249,542,235,203,181,175,100,150,94,63,58,538,225,521,225,149,114,278,142,278,142,149,114,757,261,742,264,239,201,0,21,0,21,0,21,85,53,60,50,18,24,0,21,0,21,0,21,14,23,0,21,0,21,468,242,413,226,161,134,562,218,476,207,7,13,38158,9445,30409,9338,51659,21945,62759,34923,40603,38630,0,16.1,49.1,37.8,50.9,37.8,0,16.1,3.2,4.9,3.6,3,30.8,10.6,27.1,11.1,4.9,4.6,19.4,10.3,11,6.8,93.2,5.9,30.5,11.5,100,9.4,25.3,22.1,95.2,5.5,30.6,22,88,14.4,33,20.3,85.7,20.2,36,24.6,96.8,5.3,27.7,19.6,100,16.4,53.6,24,98,4,31.6,19.3,88.2,17.9,34.4,24.8,84.7,16.3,1.2,2.5,13.5,24.3,6.3,7.2,9.9,13.9,2.3,3.5
1400000US48439111306,Census Tract 1113.06; Tarrant County; Texas,574,216,186,150,167,96,170,129,51,61,3742,483,338,296,218,140,842,205,761,289,391,157,771,201,421,144,3186,428,1192,250,895,336,690,259,225,138,721,191,686,185,344,145,1416,231,1209,245,456,160,710,227,601,195,167,73,2333,394,2076,384,806,209,1867,306,1712,326,806,209,784,241,753,246,261,135,9,17,9,17,0,21,191,164,81,88,46,49,0,21,0,21,0,21,146,113,138,113,79,68,279,282,129,144,0,21,865,336,605,252,79,68,53323,8012,48597,6654,38587,7024,74826,26257,87146,3114,32.4,21.9,29.1,17.2,29.6,17.1,8.9,11.3,9,7.3,5.8,3.7,22.5,5,20.3,6.5,10.4,4.4,20.6,5.7,11.3,3.6,85.1,7.7,31.9,6.9,77.1,23.4,25.1,17.5,95.1,7.4,47.7,13.7,85.4,9.6,32.2,10,84.6,9.7,23.5,11.6,89,5.8,34.5,9.5,91.7,6.7,43.2,11.2,96,5.4,33.3,17.1,46.2,53.8,0,16.3,69.9,24.7,9.1,9.6,35.6,32.2,4,5.4,18.6,14.3,2.4,2.6,392,177,101,89,124,84,133,111,34,39,1522,290,146,145,101,94,201,111,377,139,201,121,324,116,172,74,1275,242,496,142,381,180,307,127,73,66,215,113,198,103,83,65,624,178,509,172,236,104,302,92,261,85,104,52,889,196,758,182,336,116,745,170,676,168,336,116,350,153,350,153,81,50,0,21,0,21,0,21,86,78,48,50,36,33,0,21,0,21,0,21,47,52,43,52,43,52,150,140,76,77,0,21,312,146,172,82,43,52,63750,10655,33549,13348,53802,17683,43551,28865,98333,51722,86402,3048,25.8,18.5,31.6,18.3,33.9,21.3,8.7,10.7,9.6,8.8,6.6,5.9,13.2,7.1,24.8,8.1,13.2,7.4,21.3,7.6,11.3,4.7,83.8,9.6,32.6,8.8,80.6,26.1,19.2,17.6,92.1,11.6,38.6,19.6,81.6,14.9,37.8,13.6,86.4,14.3,34.4,18.9,85.3,9.5,37.8,11.7,90.7,10.3,45.1,12.9,100,13.3,23.1,17,50.7,50.7,0,27.7,55.1,28.7,13.8,16.7,30,37,0,21.8,9.7,13.9,5.8,6.1,182,137,85,126,43,39,37,41,17,26,2220,344,192,157,117,100,641,172,384,248,190,104,447,144,249,102,1911,317,696,170,514,225,383,202,152,115,506,152,488,155,261,127,792,151,700,150,220,89,408,204,340,179,63,44,1444,328,1318,312,470,132,1122,229,1036,223,470,132,434,147,403,149,180,113,9,17,9,17,0,21,105,95,33,40,10,19,0,21,0,21,0,21,99,101,95,101,36,42,129,145,53,70,0,21,553,277,433,244,36,42,48718,9077,48056,14267,38028,5153,69074,18858,88272,6729,46.7,45.4,23.6,28.9,20.3,24.8,9.3,17.3,8.6,6.7,5.3,4.4,28.9,7.8,17.3,9.4,8.6,4.9,20.1,6.7,11.2,4.7,86.1,7.5,31.4,8.2,74.5,23.7,29.6,23.1,96.4,5.7,51.6,17.4,88.4,10.9,27.8,11.8,83.3,13.4,15.4,11.8,91.3,6.4,32.5,10.6,92.3,7.8,41.9,12.6,92.9,9.3,41.5,22.6,41.1,58.2,0,31,78.3,22.7,6.5,9,40.1,32.2,5.3,7,27.5,23.6,0,6.9
1400000US48439111406,Census Tract 1114.06; Tarrant County; Texas,304,105,70,42,135,63,81,81,18,21,2919,284,47,47,191,210,386,93,762,147,231,96,828,197,474,145,2681,223,1302,233,349,161,226,100,126,75,735,176,735,176,397,142,1278,168,1217,166,628,175,557,78,503,89,151,64,2092,283,1878,197,814,180,1884,255,1670,186,758,160,475,156,475,156,353,126,30,41,30,41,0,15,118,90,103,87,55,48,0,15,0,15,0,15,31,35,31,35,0,15,173,105,164,102,80,75,412,131,403,129,136,121,68438,7065,36591,3683,64209,18000,76000,10813,76333,12269,23,13.2,44.4,18.9,26.6,22.1,5.9,7.3,1.6,1.6,6.5,6.8,13.2,3.2,26.1,5.2,7.9,3.1,28.4,6.5,16.2,5,91.8,6.8,44.6,7.8,64.8,24.2,36.1,18.5,100,6.6,54,16.5,95.2,4.1,49.1,10.9,90.3,9.2,27.1,11.4,89.8,9.1,38.9,8.4,88.6,10.2,40.2,8.8,100,10,74.3,20.6,94.8,7.8,46.2,23.9,97.8,3.2,33,20.9,0,18.8,8.5,9.3,3.6,3.3,0.9,1.4,148,88,0,15,80,47,56,78,12,18,1480,173,9,13,103,104,220,80,362,87,106,65,444,122,236,96,1368,151,680,151,188,97,140,76,81,56,375,103,375,103,177,62,673,104,620,100,300,110,244,61,233,58,122,55,1033,145,937,126,443,109,955,138,859,130,420,102,207,82,207,82,147,66,25,35,25,35,0,15,86,83,79,83,41,44,0,15,0,15,0,15,26,32,26,32,0,15,103,80,94,78,49,65,207,93,198,92,72,78,70213,10856,44661,30256,35000,2671,67000,11056,80909,16936,100000,43775,0,28,54.1,34.9,37.8,37.7,8.1,12.9,0.6,0.9,7,6.6,14.9,5.8,24.5,5.8,7.2,4.2,30,7.2,15.9,6.3,92.4,6.6,45.9,8.5,74.5,25.3,43.1,22,100,12.5,47.2,17.6,92.1,7,44.6,12.4,95.5,6.7,50,17.1,90.7,9.4,42.9,9.3,89.9,10.3,44,9.9,100,21.3,71,23,91.3,14.4,47.6,41.1,95.7,6.5,34.8,25.9,0,34.2,15,15.5,1.5,2.6,1.8,2.7,156,74,70,42,55,46,25,28,6,11,1439,148,38,45,88,107,166,58,400,93,125,71,384,104,238,87,1313,119,622,118,161,89,86,47,45,35,360,106,360,106,220,97,605,96,597,97,328,86,313,62,270,56,29,24,1059,166,941,108,371,93,929,152,811,98,338,80,268,88,268,88,206,76,5,8,5,8,0,15,32,31,24,28,14,19,0,15,0,15,0,15,5,8,5,8,0,15,70,47,70,47,31,38,205,59,205,59,64,55,68164,13490,53333,21062,52083,37176,74628,17000,70536,11058,44.9,17.5,35.3,24.2,16,17.8,3.8,7.6,2.6,3,6.1,7.1,11.5,3.8,27.8,6.3,8.7,4.7,26.7,7.3,16.5,6.4,91.2,7.4,43.2,9,53.4,25.1,28,21,100,12.9,61.1,17.8,98.7,2.1,54.2,12.4,86.3,15.3,9.3,7.8,88.9,9.4,35,9,87.3,10.7,36.4,9.4,100,16.9,76.9,19.6,100,44,44.3,42.8,100,21.4,31.2,23.3,0,31.6,0,25.6,5.5,4.9,0,7.7
1400000US48439111540,Census Tract 1115.40; Tarrant County; Texas,657,251,83,84,169,104,276,130,129,110,4010,358,168,170,261,106,970,277,1294,312,230,162,719,228,368,204,3581,396,1087,298,987,279,937,257,303,158,1015,235,821,224,308,178,1586,249,1401,259,340,158,422,123,422,123,136,77,1883,370,1666,332,544,185,1003,267,995,265,409,162,1344,361,1344,361,365,189,76,120,76,120,6,9,429,140,346,153,142,126,0,21,0,21,0,21,218,154,117,102,0,21,60,71,32,59,30,49,1200,247,866,191,141,95,55858,7463,40962,5399,56566,16058,60643,19245,74700,14125,12.6,11.5,25.7,13.1,42,14.3,19.6,14.1,4.2,4.2,6.5,2.7,24.2,6.6,32.3,7.1,5.7,3.8,17.9,5.8,9.2,5.1,89.3,5.4,27.1,7.6,94.9,5,30.7,14.5,80.9,17.4,30.3,16.5,88.3,6.5,21.4,10.2,100,11.2,32.2,14.7,88.5,8.6,28.9,8.9,99.2,1.6,40.8,13.2,100,3.6,27.2,16.5,53.3,53.3,50,50,72.2,13.7,11.8,7.3,0,11,6.8,7.2,2.7,3.6,2.8,4.6,290,156,0,21,83,73,78,76,129,110,1699,253,54,85,131,102,344,131,548,189,152,149,326,149,144,109,1514,267,470,193,546,190,546,190,155,100,370,147,278,121,153,103,654,145,561,172,100,71,129,69,129,69,62,56,856,201,802,199,267,105,497,169,497,169,181,90,501,159,501,159,137,121,40,64,40,64,3,5,175,101,116,99,63,85,0,21,0,21,0,21,126,112,54,77,0,21,1,20,1,20,0,21,526,126,400,104,89,67,64500,15119,56631,15690,39900,15340,82470,17945,53000,25200,88769,17120,0,15.8,28.6,23.9,26.9,22.7,44.5,25.4,3.2,4.9,7.7,6.1,20.2,7.6,32.3,10.7,8.9,8.5,19.2,7.9,8.5,6.1,89.1,8,27.7,9.8,100,8.7,28.4,16.3,75.1,25.2,41.4,25,85.8,12.9,15.3,10.8,100,31,48.1,35.7,93.7,9.7,31.2,10.8,100,9.6,36.4,16.3,100,9.5,27.3,21.9,100,100,0,100,76,19.1,16.9,13.1,0,23.4,6.4,11,0,6.9,0,10.1,367,193,83,84,86,86,198,134,0,21,2311,280,114,98,130,71,626,236,746,308,78,64,393,140,224,121,2067,275,617,164,441,213,391,181,148,91,645,156,543,156,155,99,932,144,840,131,240,117,293,111,293,111,74,60,1027,231,864,199,277,113,506,150,498,146,228,104,843,270,843,270,228,116,36,57,36,57,3,5,254,88,230,100,79,79,0,21,0,21,0,21,92,80,63,69,0,21,59,63,31,51,30,49,674,177,466,138,52,53,42350,4674,41038,10605,31689,11512,67639,22727,73567,2145,22.6,22.5,23.4,17.9,54,23.5,0,12.7,4.9,4.2,5.6,2.9,27.1,9.6,32.3,11.6,3.4,2.7,17,6.3,9.7,5.5,89.4,5,26.7,7.9,88.7,9.9,33.6,20.8,84.2,15.2,24,15.4,90.1,7.6,25.8,13.5,100,15.6,25.3,15.6,84.1,8.7,27,10.4,98.4,3.1,45.1,17.7,100,5.8,27,16.6,52.5,52.5,50.8,50.8,69.1,12.2,7.7,7.3,0,18.4,7,8.5,5,6.7,4.9,7.8
1400000US48439111542,Census Tract 1115.42; Tarrant County; Texas,559,179,17,22,211,106,286,179,45,40,3700,384,345,192,206,97,721,204,988,203,405,151,739,206,296,138,3149,315,1035,273,803,235,746,222,291,134,702,180,631,171,217,106,1727,188,1480,180,455,131,468,105,292,81,72,48,1482,315,1344,296,481,185,1228,290,1185,287,458,183,912,241,854,233,318,143,0,21,0,21,0,21,569,238,353,178,112,81,0,21,0,21,0,21,525,217,406,160,49,56,212,121,192,112,75,72,926,274,692,204,131,95,46938,7072,44358,20956,45844,2864,76250,20876,67951,14282,3,4.1,37.7,19.6,51.2,22.2,8.1,7,9.3,4.7,5.6,2.5,19.5,5.3,26.7,6.1,10.9,3.8,20,4.7,8,3.6,85.1,5.2,28,6.2,92.9,5.3,36.2,10.9,89.9,6.2,30.9,12.7,85.7,6.2,26.3,7.2,62.4,21.5,15.4,11.2,90.7,5.8,32.5,9.6,96.5,3,37.3,11.1,93.6,5.5,34.9,10.7,90.6,11.8,35.4,24.1,74.7,10.6,14.1,9.4,1.5,1,1.4,2.2,2.7,2.4,6.2,5.4,205,97,10,19,125,84,70,45,0,21,1674,195,133,94,73,54,443,143,446,138,122,67,387,120,70,35,1468,180,457,128,307,133,266,121,99,75,362,119,351,115,124,79,816,97,720,100,208,77,189,56,131,44,26,25,695,157,641,151,226,106,584,147,565,144,215,103,342,113,325,113,119,64,0,21,0,21,0,21,286,123,196,99,67,48,0,21,0,21,0,21,269,154,229,131,31,46,82,48,77,47,14,19,439,175,359,145,51,53,51875,12570,33143,8270,58583,25082,49625,10180,78457,19272,113929,36301,4.9,9.1,61,22.9,34.1,21.1,0,21.4,7.9,5.3,4.4,3.1,26.5,7.9,26.6,7.9,7.3,3.9,23.1,6.8,4.2,2,87.7,6.1,27.3,7.1,86.6,12,32.2,18.4,97,4.7,34.3,19.1,88.2,7.5,25.5,9.3,69.3,22.1,13.8,13,92.2,6.7,32.5,12.2,96.7,3.8,36.8,14.1,95,8.1,34.8,12.8,93.9,16.7,17.1,20.9,81.8,15,11.6,11.3,0,21.3,0,10.7,3.3,3.6,9.6,10.8,354,145,7,12,86,62,216,153,45,40,2026,242,212,107,133,78,278,94,542,126,283,132,352,129,226,120,1681,208,578,175,496,183,480,181,192,104,340,92,280,91,93,61,911,134,760,133,247,103,279,76,161,63,46,38,787,202,703,195,255,120,644,188,620,186,243,119,570,153,529,151,199,94,0,21,0,21,0,21,283,126,157,92,45,41,0,21,0,21,0,21,256,104,177,87,18,33,130,87,115,79,61,66,487,148,333,125,80,81,46157,1668,38772,5562,45137,4418,70250,48848,63523,15223,2,3.9,24.3,20.2,61,25.6,12.7,11.9,10.5,4.8,6.6,3.7,13.7,4.8,26.8,6.9,14,6,17.4,5.4,11.2,5.7,83,6.1,28.5,7.1,96.8,4.6,38.7,11.9,82.4,12.8,27.4,14.8,83.4,8.2,27.1,9.6,57.7,23.4,16.5,14.5,89.3,6.3,32.4,11.9,96.3,3.3,37.7,13.8,92.8,7.4,34.9,13,88.5,16.2,46.9,31.4,68.4,13.8,16.4,15.1,2.3,1.7,3.6,5.6,2.3,3.2,3.5,4.4
1400000US48439111544,Census Tract 1115.44; Tarrant County; Texas,494,255,23,34,141,108,301,187,29,49,5611,986,388,256,242,136,1609,663,1150,457,328,168,1355,299,539,352,4981,945,1894,483,1756,515,1640,501,632,258,1017,382,884,377,521,341,2055,360,1881,358,651,255,783,298,576,268,90,92,2810,864,2748,865,1022,313,2315,865,2302,863,840,287,866,417,809,414,424,333,158,218,112,154,0,21,324,224,197,182,119,163,0,21,0,21,0,21,1260,638,922,491,213,137,193,149,193,149,116,126,1980,637,1547,503,496,204,43849,14317,34615,6763,59688,23622,51354,21761,58905,19762,4.7,6,28.5,17.7,60.9,22.7,5.9,8.8,6.9,4.3,4.3,2.7,28.7,8.1,20.5,6,5.8,3.1,24.1,7.5,9.6,6.1,88.8,4.8,33.8,10.3,93.4,6.5,36,16.3,86.9,13,51.2,22.4,91.5,5.4,31.7,12.8,73.6,21.3,11.5,12.7,97.8,2.7,36.4,13.9,99.4,1.6,36.3,15.9,93.4,7.7,49,22.3,100,22.6,60.1,39.2,78.1,8.3,25.1,12.4,45.8,26.8,6.3,6.2,3.4,3.1,3.5,4.2,277,181,0,21,107,94,141,119,29,49,2822,636,141,124,79,81,1053,597,598,244,94,74,549,234,308,250,2602,634,857,301,923,424,907,425,226,130,591,249,525,256,299,248,803,160,722,186,268,139,505,237,448,247,64,60,1499,565,1470,567,448,171,1190,574,1177,575,334,182,397,223,353,222,157,158,49,67,49,67,0,21,141,116,75,93,75,93,0,21,0,21,0,21,615,351,534,312,92,89,121,120,121,120,85,115,1006,320,909,281,291,219,54805,14399,37100,22753,33776,11409,70083,29739,70184,18702,78006,29811,0,16.4,38.6,24.5,50.9,30.9,10.5,15.2,5,4.3,2.8,3.1,37.3,14.8,21.2,9.1,3.3,2.7,19.5,9.6,10.9,8.5,92.2,5.2,30.4,11.5,98.3,3.4,24.5,16.8,88.8,13.9,50.6,27.3,89.9,10.5,33.4,15.4,88.7,17.8,12.7,13.6,98.1,3.4,29.9,15.1,98.9,3.3,28.1,18.6,88.9,18,39.5,27.9,100,32.5,70.2,42.1,90.4,7.6,28.9,21.4,7.7,14.7,4.5,5.6,2,3.6,3.2,5.3,217,162,23,34,34,55,160,123,0,21,2789,424,247,199,163,125,556,236,552,363,234,135,806,232,231,140,2379,360,1037,277,833,276,733,242,406,206,426,193,359,160,222,151,1252,316,1159,321,383,183,278,174,128,72,26,40,1311,351,1278,352,574,197,1125,341,1125,341,506,196,469,222,456,223,267,210,109,150,63,87,0,21,183,116,122,98,44,76,0,21,0,21,0,21,645,315,388,208,121,117,72,60,72,60,31,37,974,389,638,273,205,143,37637,11369,37871,8631,53309,31883,27347,20785,57909,42605,10.6,13.5,15.7,22,73.7,28,0,20.4,8.9,6.8,5.8,4.4,19.9,7.6,19.8,11.4,8.4,4.9,28.9,9.8,8.3,5.2,85.3,7.1,37.2,11.8,88,12.4,48.7,20.4,84.3,22,52.1,30.4,92.6,6.3,30.6,15.5,46,31.5,9.4,16.6,97.5,3.1,43.8,14.6,100,4.3,45,16.3,97.2,5.6,56.9,25.3,100,43.3,43.1,41.3,65.5,15.4,21,14,66.1,28.3,9.8,12.3,4.6,5.9,3.9,6.3
1400000US48439113108,Census Tract 1131.08; Tarrant County; Texas,315,120,37,33,81,74,177,84,20,39,3438,292,32,24,98,60,354,118,685,205,150,77,1360,274,759,152,3308,298,2119,278,310,120,300,115,149,85,494,158,494,158,286,139,1661,217,1592,213,982,173,973,136,922,144,702,156,2790,283,2703,288,1751,258,2609,278,2538,286,1652,252,198,107,198,107,55,53,0,15,0,15,0,15,148,63,148,63,132,59,0,15,0,15,0,15,71,69,38,36,0,15,231,139,221,139,181,132,447,163,398,155,261,157,68704,9861,31806,17499,66695,3029,69129,27019,96210,21055,11.7,9.8,25.7,18.1,56.2,19.9,6.3,12.8,0.9,0.7,2.9,1.8,10.3,3.3,19.9,5.3,4.4,2.3,39.6,7.4,22.1,4.1,96.2,1.9,61.6,6.6,96.8,4.8,48.1,23.9,100,9.6,57.9,15.1,95.8,2.8,59.1,8.4,94.8,4.6,72.1,10.4,96.9,2,62.8,7.3,97.3,2.1,63.3,7.3,100,22.1,27.8,26.8,95.7,7.6,78.4,19.5,89,8.9,58.4,22,4.6,7.5,6.8,9.5,3.7,4.1,3.5,2.3,134,75,8,15,4,10,102,67,20,39,1654,147,7,11,53,44,82,47,360,110,112,68,705,145,335,100,1594,149,1040,135,185,80,175,74,61,44,186,78,186,78,99,64,860,134,810,127,515,112,423,76,423,76,365,78,1360,160,1307,161,862,134,1280,164,1237,161,801,131,107,57,107,57,31,28,0,15,0,15,0,15,78,41,78,41,70,40,0,15,0,15,0,15,21,24,14,22,0,15,88,70,88,70,77,67,188,85,171,86,137,80,100200,15628,142917,81803,46382,43337,91250,43940,92344,46538,122292,94706,6,11.1,3,6.9,76.1,28.4,14.9,25.8,0.4,0.7,3.2,2.6,5,2.9,21.8,5.9,6.8,4.2,42.6,8.3,20.3,5.7,96.4,2.7,62.9,6.5,94.6,7.8,33,24.6,100,23.3,53.2,24.7,94.2,5,59.9,9.7,100,11.1,86.3,8.8,96.1,3.4,63.4,7.5,96.6,3.6,62.6,7.7,100,35.2,29,26.1,100,39.2,87.5,19.3,91,10.6,72.9,17.8,0,47.5,13.4,18.4,2.5,3.7,3.4,2.7,181,108,29,29,77,73,75,62,0,15,1784,177,25,21,45,44,272,108,325,138,38,37,655,167,424,103,1714,177,1079,168,125,56,125,56,88,47,308,112,308,112,187,99,801,109,782,103,467,99,550,90,499,93,337,90,1430,173,1396,174,889,154,1329,170,1301,173,851,151,91,74,91,74,24,27,0,15,0,15,0,15,70,37,70,37,62,35,0,15,0,15,0,15,50,67,24,30,0,15,143,83,133,83,104,78,259,110,227,93,124,90,59229,7368,27656,20074,62303,9764,58929,18353,69659,33743,16,15.2,42.5,29.3,41.4,25.2,0,23.8,1.4,1.2,2.5,2.4,15.2,5.9,18.2,7,2.1,2.1,36.7,9.3,23.8,5.6,96.1,2.5,60.5,9,100,31.7,70.4,24.8,100,14.9,60.7,23.6,97.6,2.9,58.3,10.6,90.7,7.8,61.3,13.7,97.6,1.9,62.2,10.1,97.9,2,64,10.5,100,38.6,26.4,33.5,93,11.7,72.7,22.2,87.6,13.4,47.9,27.5,8.6,14.8,4.8,7.1,5.2,5.4,3.6,2.9
1400000US48439113217,Census Tract 1132.17; Tarrant County; Texas,265,157,40,45,88,61,137,120,0,15,3246,535,217,181,216,110,876,263,829,229,192,85,665,199,251,158,2813,504,916,266,824,284,766,283,280,136,667,206,609,196,341,172,958,274,731,208,111,69,797,379,707,370,184,156,2411,523,2232,522,681,261,2149,538,2037,532,612,252,346,230,290,193,51,50,3,5,3,5,0,15,134,97,95,72,65,57,0,15,0,15,0,15,178,162,49,73,49,73,174,135,144,141,70,70,587,175,367,162,177,100,46991,16741,44035,6870,42403,3829,67931,14402,85864,12634,15.1,15.6,33.2,21.8,51.7,24.6,0,17.1,6.7,5.4,6.7,3.4,27,6.8,25.5,6.3,5.9,2.8,20.5,5,7.7,4.3,86.7,6,28.2,5.6,93,8.1,34,12,91.3,8.1,51.1,16.4,76.3,15.2,11.6,7.6,88.7,9.7,23.1,11,92.6,4.7,28.2,7.2,94.8,4.1,28.5,7.4,83.8,9.7,14.7,12.1,82.8,34.6,40.2,19.4,62.5,23.4,30.2,14.7,9.7,9.3,3.1,2.9,13.6,13.7,5.8,7.8,136,88,31,40,48,40,57,69,0,15,1801,397,167,137,103,73,370,119,570,199,87,48,349,183,155,134,1531,373,504,237,542,242,509,246,136,101,378,154,320,153,162,143,565,239,421,193,61,43,316,172,281,168,145,152,1295,376,1174,389,393,226,1157,375,1078,377,364,210,243,166,197,128,38,45,0,15,0,15,0,15,91,67,75,62,52,56,0,15,0,15,0,15,108,103,21,37,21,37,64,67,64,67,0,15,310,110,181,96,50,62,45764,11095,41350,30015,43889,8919,43105,10750,68707,19674,86305,13401,22.8,26.1,35.3,28.8,41.9,37.5,0,29.8,9.3,7.3,5.7,4.2,20.5,6.8,31.6,8.7,4.8,2.9,19.4,9.1,8.6,6.1,85,7.9,28,9.5,93.9,10.8,25.1,12.3,84.7,14.8,42.9,26.8,74.5,17.9,10.8,8.5,88.9,11.2,45.9,30,90.7,7.6,30.3,11.7,93.2,6.3,31.5,11.7,81.1,13.8,15.6,16.1,100,46,0,46,58.4,30.6,16.1,18.9,15.6,15.6,0,12.6,17.5,20.1,4.2,7.3,129,100,9,15,40,51,80,81,0,15,1445,251,50,61,113,78,506,215,259,99,105,69,316,100,96,71,1282,253,412,118,282,114,257,107,144,85,289,105,289,105,179,84,393,111,310,92,50,36,481,224,426,217,39,36,1116,257,1058,251,288,106,992,257,959,251,248,100,103,72,93,73,13,21,3,5,3,5,0,15,43,43,20,25,13,20,0,15,0,15,0,15,70,68,28,37,28,37,110,77,80,75,70,70,277,91,186,100,127,76,63750,30161,44397,25494,41742,35183,65625,52148,76689,17859,7,12.8,31,32.5,62,34.4,0,31,3.5,4.2,7.8,5.4,35,11.2,17.9,6.6,7.3,4.7,21.9,7.3,6.6,4.9,88.7,6.3,28.5,8.4,91.1,13.3,51.1,20.4,100,15.8,61.9,22.3,78.9,15.4,12.7,9.7,88.6,12.3,8.1,8.1,94.8,4.7,25.8,10.1,96.7,3.6,25,10.6,90.3,17.4,12.6,18.9,72.7,42.2,63.6,44.3,67.1,25.9,45.8,24.5,0,25.9,5.3,5.3,6.6,7,7.8,9.6
1400000US48439113511,Census Tract 1135.11; Tarrant County; Texas,442,123,71,74,203,75,126,95,42,37,2700,435,48,37,359,228,612,199,591,181,258,107,541,135,291,109,2293,349,832,166,583,267,440,175,146,83,518,157,490,160,254,121,1226,223,1031,210,291,90,373,97,332,90,141,64,1323,260,1168,229,403,136,1233,254,1096,224,384,139,555,267,465,241,174,99,0,15,0,15,0,15,541,192,421,149,204,98,76,142,76,142,0,15,139,131,97,89,41,50,66,43,66,43,10,13,201,116,160,85,70,55,45287,4688,40733,8445,37841,14786,50000,24584,71161,27058,16.1,14.1,45.9,15.7,28.5,18.5,9.5,9.1,1.8,1.3,13.3,7.4,22.7,6.1,21.9,5.9,9.6,3.5,20,5.5,10.8,4.1,84.9,7.5,30.8,7,75.5,27.3,25,16.2,94.6,8.6,49,17.8,84.1,8.2,23.7,8,89,12.7,37.8,16.9,88.3,7.5,30.5,9.8,88.9,8.1,31.1,10.6,83.8,19.1,31.4,18.1,100,45.3,15.2,20.4,79.6,15.2,34.8,17.9,16,17.3,4.6,6.3,1.5,1.6,0,5.8,228,85,61,70,70,59,55,42,42,37,1201,237,34,31,166,134,281,136,281,125,116,67,243,77,80,48,1001,184,323,78,270,152,204,110,4,8,203,63,203,63,149,66,562,129,455,119,121,45,166,67,139,53,49,31,623,139,577,136,190,64,587,134,541,130,190,64,224,159,162,122,26,27,0,15,0,15,0,15,245,92,172,69,107,57,43,77,43,77,0,15,56,74,37,44,0,15,10,17,10,17,0,15,52,41,52,41,0,15,47422,15928,45625,7799,40776,20502,58295,25807,76458,35532,71071,34123,26.8,25.3,30.7,24.5,24.1,18.2,18.4,16.6,2.8,2.5,13.8,9.7,23.4,9.3,23.4,9.4,9.7,5.8,20.2,6.9,6.7,4.1,83.3,9.2,26.9,7.5,75.6,32.5,1.5,3,100,21.6,73.4,21.5,81,10.8,21.5,9.2,83.7,24,29.5,19.3,92.6,7.6,30.5,9,92.2,8,32.4,9.4,72.3,39,11.6,13.9,100,100,0,100,100,51,0,51,4,5.4,0.7,1.5,0,11.8,0,14.3,214,106,10,19,133,73,71,88,0,15,1499,242,14,23,193,116,331,121,310,119,142,93,298,107,211,100,1292,214,509,131,313,145,236,110,142,84,315,126,287,128,105,85,664,132,576,135,170,81,207,66,193,62,92,47,700,176,591,133,213,85,646,176,555,135,194,89,331,155,303,152,148,97,0,15,0,15,0,15,296,115,249,91,97,60,33,67,33,67,0,15,83,88,60,57,41,50,56,39,56,39,10,13,149,95,108,62,70,55,39462,6060,37426,20389,24565,22475,43401,15787,71250,45559,4.7,8.3,62.1,30.4,33.2,32.1,0,20.7,0.9,1.5,12.9,7.2,22.1,7.4,20.7,7.1,9.5,6,19.9,7.4,14.1,6.4,86.2,7.2,34,8.5,75.4,24.7,45.4,23.8,91.1,14.3,33.3,22.8,86.7,8.3,25.6,12.1,93.2,9.8,44.4,20.9,84.4,12,30.4,13,85.9,13.1,30,14.5,91.5,13.9,44.7,22.3,100,49.2,17.9,24.8,72.5,18.5,47,20.1,27.5,35.8,7.9,11.8,2.9,3.1,0,9.3
1400000US48439113611,Census Tract 1136.11; Tarrant County; Texas,358,252,19,23,128,138,171,125,40,42,3243,403,22,24,91,45,472,149,717,150,509,146,1026,328,406,113,3130,399,1432,352,345,159,330,155,176,86,541,140,541,140,294,100,1343,338,1312,337,590,319,1014,196,947,202,372,107,2677,402,2589,396,1162,311,2520,386,2455,382,1084,305,158,116,158,116,18,21,10,17,10,17,10,17,186,112,167,107,135,94,0,15,0,15,0,15,80,56,74,51,38,43,132,66,132,66,69,54,275,100,246,93,104,65,71250,8215,36800,20316,69118,26522,74756,14386,95729,35925,5.3,7.7,35.8,17.8,47.8,14.6,11.2,13.9,0.7,0.7,2.8,1.4,14.6,4.6,22.1,4.2,15.7,4.8,31.6,7.5,12.5,3.5,96.5,1.7,44.2,7.2,95.7,6.4,51,15.7,100,8.8,54.3,17,97.7,2.2,43.9,15,93.4,4.4,36.7,8.8,96.7,1.7,43.4,7.7,97.4,1.9,43,8.1,100,26.6,11.4,13.4,100,30.5,52.3,30.5,89.5,10.3,37.8,19.9,0,36.9,4.5,5.3,0.8,1.4,5.9,3.9,185,154,19,23,91,139,75,58,0,15,1554,235,10,14,31,39,158,99,396,102,300,116,448,188,211,74,1513,231,659,204,170,92,155,91,97,61,234,84,234,84,100,53,647,184,637,183,252,174,503,115,487,112,210,63,1281,232,1256,230,545,181,1170,216,1160,213,476,174,74,70,74,70,0,15,0,15,0,15,0,15,96,64,86,62,75,57,0,15,0,15,0,15,55,53,49,47,13,20,48,34,48,34,26,26,188,102,167,91,82,64,86860,19796,59375,33297,64750,17756,86570,8864,97083,56262,139063,58156,10.3,15.5,49.2,42.6,40.5,37.2,0,23.4,0.6,0.9,2,2.5,10.2,6.1,25.5,6.4,19.3,7.8,28.8,9.2,13.6,4.9,97.4,2.6,42.4,9.1,91.2,13.6,57.1,18.4,100,19.1,42.7,20.3,98.5,2.7,38.9,18.9,96.8,4.3,41.7,12.1,98,2.2,42.5,9.8,99.1,1.4,40.7,10.7,100,42.8,0,42.8,100,53.1,54.2,38,88.8,16.1,43.6,25.9,0,62.2,13.7,15.8,1.5,2.3,3.2,3.6,173,119,0,15,37,33,96,110,40,42,1689,208,12,19,60,44,314,96,321,99,209,91,578,168,195,69,1617,211,773,173,175,93,175,93,79,47,307,76,307,76,194,64,696,167,675,167,338,155,511,111,460,121,162,70,1396,201,1333,204,617,157,1350,203,1295,206,608,158,84,58,84,58,18,21,10,17,10,17,10,17,90,55,81,53,60,43,0,15,0,15,0,15,25,27,25,27,25,27,84,55,84,55,43,36,87,50,79,44,22,19,51096,4591,30250,11597,51296,5017,62917,23610,68580,26342,0,24.7,21.4,22.9,55.5,36.6,23.1,25.3,0.7,1.1,3.6,2.6,18.6,5.7,19,5.4,12.4,5.3,34.2,8.1,11.5,4,95.7,2.9,45.8,7.5,100,24.5,45.1,21,100,15,63.2,21,97,3.5,48.6,13.6,90,8.7,31.7,11.2,95.5,3.4,44.2,8.3,95.9,3.3,45,8.6,100,40.1,21.4,25.1,100,40.1,51.2,38.7,90.8,16.6,25.3,23.2,0,46,0,16.9,0,9.5,8.2,4.9
1400000US48439113613,Census Tract 1136.13; Tarrant County; Texas,263,95,16,26,15,20,161,86,71,68,3316,443,56,58,43,24,664,271,737,212,291,115,1054,195,471,153,3217,428,1525,175,592,262,582,262,156,80,648,231,618,230,362,84,1161,143,1109,131,617,116,915,173,908,173,390,84,2446,416,2408,409,1176,203,2330,391,2292,386,1118,181,205,159,203,159,102,89,148,63,120,51,77,33,160,128,129,110,65,55,0,15,0,15,0,15,35,38,35,38,12,21,322,180,322,180,93,62,387,204,384,205,136,69,57652,14369,45973,4521,50843,4827,68786,14192,83600,30360,6.1,10.3,5.7,7.7,61.2,24.5,27,23.8,1.7,1.7,1.3,0.7,20,6.8,22.2,5.4,8.8,2.9,31.8,6,14.2,5,97,2,46,6.6,98.3,2.8,26.4,16,95.4,2.9,55.9,17.9,95.5,5,53.1,8.5,99.2,1.3,42.6,9.5,98.4,1.2,48.1,8.4,98.4,1.3,48,8.3,99,2.5,49.8,39.5,100,14.3,28.9,20.8,99.2,2.5,35.1,21.5,4.2,6.1,2.3,3.5,1.7,2.7,4.1,3.6,145,68,0,15,15,20,73,67,57,66,1657,314,36,34,36,22,356,233,365,104,153,91,540,114,171,70,1585,305,711,103,223,112,213,111,8,13,440,218,412,216,224,60,572,71,538,65,278,82,422,115,422,115,201,53,1168,271,1139,267,527,103,1151,274,1122,270,510,104,121,102,119,102,68,62,126,53,98,41,77,33,65,57,52,54,3,7,0,15,0,15,0,15,35,38,35,38,12,21,142,87,142,87,24,22,148,88,145,90,38,38,65740,11917,25769,21453,46670,23891,57396,23488,80429,27975,83155,22076,0,28.4,10.3,15.9,50.3,40.5,39.3,42.8,2.2,2,2.2,1.2,21.5,11,22,6.9,9.2,4.8,32.6,7.8,10.3,4.9,95.7,2.7,42.9,8.8,95.5,7.1,3.6,6.2,93.6,4.5,50.9,24.9,94.1,5.9,48.6,13.5,100,11.2,47.6,11.5,97.5,2.4,45.1,11.2,97.5,2.4,44.3,11.2,98.3,4.2,56.2,43.8,100,28.9,16.9,17.3,98,6.4,25.7,21.6,2.9,5.9,0.6,1.8,3.4,5.3,2.4,3.3,118,73,16,26,0,15,88,76,14,24,1659,239,20,30,7,11,308,128,372,180,138,77,514,149,300,117,1632,234,814,148,369,197,369,197,148,78,208,68,206,68,138,64,589,94,571,91,339,105,493,106,486,105,189,71,1278,240,1269,239,649,158,1179,217,1170,217,608,150,84,67,84,67,34,36,22,11,22,11,0,15,95,74,77,59,62,54,0,15,0,15,0,15,0,15,0,15,0,15,180,115,180,115,69,54,239,153,239,153,98,63,51685,7180,36094,16169,50546,7060,66563,15874,92841,60047,13.6,24.3,0,33,74.6,32.4,11.9,20,1.2,1.8,0.4,0.7,18.6,7.6,22.4,9,8.3,4.3,31,8.6,18.1,7.4,98.4,1.9,49.1,9.1,100,12.7,40.1,27.6,99,2,66.3,20.7,96.9,5,57.6,15.1,98.6,2.3,38.3,12.7,99.3,1,50.8,10.9,99.2,1.1,51.6,11,100,40.1,40.5,38.5,100,23.9,38.3,29,100,18.8,41,30.7,7.4,21.1,4.2,6.9,0,9.4,5.7,6.3
1400000US48439113624,Census Tract 1136.24; Tarrant County; Texas,461,138,47,24,87,54,272,129,55,41,3061,293,52,38,80,34,627,214,824,204,316,144,696,166,466,121,2929,298,1162,191,533,181,533,181,190,84,729,154,674,160,284,89,1172,158,1138,155,536,134,627,128,584,125,152,59,2366,316,2320,314,866,177,2329,316,2283,314,847,176,95,73,95,73,38,41,34,35,34,35,13,18,209,97,194,92,146,82,0,15,0,15,0,15,152,96,105,88,0,15,205,113,181,106,99,57,330,115,283,127,93,61,56768,5357,50296,13318,52994,7875,67772,19716,94028,22091,10.2,5.7,18.9,11.3,59,16.9,11.9,8.9,1.7,1.2,2.6,1.1,20.5,6,26.9,6.6,10.3,4.5,22.7,5,15.2,4.3,95.7,1.8,38,6.1,100,8.9,35.6,15.5,92.5,4.9,39,12.6,97.1,1.6,45.7,10.5,93.1,6.7,24.2,10.8,98.1,1.3,36.6,7,98,1.3,36.4,7.1,100,37.7,40,39.7,88.3,16.5,48.3,26.3,85.8,10.6,28.2,16.5,0,30.5,8.5,9.5,4.3,4.6,1,1.5,214,114,12,19,52,44,125,82,25,25,1624,196,27,15,24,23,360,148,473,146,190,115,271,79,279,85,1573,201,550,114,317,129,317,129,98,51,494,132,477,136,142,64,581,81,547,81,225,65,232,65,232,65,85,40,1241,217,1224,215,401,104,1229,218,1212,216,389,102,38,37,38,37,20,22,29,33,29,33,8,17,88,53,81,48,65,46,0,15,0,15,0,15,121,82,94,78,0,15,107,73,107,73,56,43,202,88,175,93,34,35,63590,10160,38056,7951,55781,18942,52049,26202,78173,19849,106550,30442,5.6,9.6,24.3,16.2,58.4,21.5,11.7,9.9,1.7,1,1.5,1.4,22.2,8.1,29.1,8.6,11.7,6.6,16.7,4.9,17.2,5.4,96.9,1.7,33.9,7.3,100,14.6,30.9,16.5,96.6,4.1,28.7,14.1,94.1,3.3,38.7,12.5,100,19.3,36.6,17.8,98.6,1.6,32.3,8.1,98.6,1.6,31.7,8,100,59.7,52.6,51.1,100,35.2,52.3,36.4,86.6,10.7,16.8,18.1,0,51.5,14.7,15.3,6.8,7.6,2.2,3.1,247,146,35,16,35,32,147,141,30,27,1437,154,25,37,56,36,267,98,351,100,126,84,425,108,187,64,1356,150,612,109,216,86,216,86,92,48,235,66,197,66,142,56,591,111,591,111,311,92,395,95,352,88,67,39,1125,144,1096,145,465,105,1100,145,1071,145,458,104,57,57,57,57,18,20,5,8,5,8,5,8,121,54,113,50,81,45,0,15,0,15,0,15,31,21,11,17,0,15,98,58,74,46,43,35,128,50,108,55,59,41,53491,2560,34906,24375,53194,8214,53750,20914,82500,19729,14.2,11.2,14.2,15.2,59.5,28.6,12.1,12.5,1.7,2.5,3.9,2.5,18.6,5.6,24.4,7.1,8.8,5.7,29.6,7.2,13,4.6,94.4,3.2,42.6,7.2,100,20.5,42.6,24,83.8,12.4,60.4,18,100,8.1,52.6,13.6,89.1,10.2,17,11,97.4,2.7,41.3,8.9,97.4,2.7,41.6,9.1,100,48.7,31.6,51.1,75.5,30.4,43.9,30.8,84.4,12.5,46.1,21.1,0,40.9,0,17,0.8,1.5,0,7.8
1400000US48439113803,Census Tract 1138.03; Tarrant County; Texas,505,153,53,47,205,93,206,115,41,34,4163,535,197,113,226,138,953,246,1022,229,451,147,944,232,370,138,3740,406,1314,251,1034,241,922,212,369,145,636,160,627,159,269,123,1658,306,1459,244,427,136,835,213,732,155,249,70,3324,406,3083,363,1071,201,2790,398,2591,338,882,171,188,193,129,117,26,34,33,39,25,26,14,23,80,62,70,59,62,58,0,21,0,21,0,21,235,152,205,126,103,96,303,215,228,151,38,34,1014,270,859,215,306,158,49510,4324,48550,7884,39967,11059,63555,11391,59625,10820,10.5,8.7,40.6,16.4,40.8,17.5,8.1,6.4,4.7,2.4,5.4,2.8,22.9,4.9,24.5,5.8,10.8,2.7,22.7,5.4,8.9,3.4,89.8,4.3,31.6,5.9,89.2,7.5,35.7,11,98.6,2.1,42.3,14.6,88,6.5,25.8,8.3,87.7,8.6,29.8,11.3,92.7,3.6,32.2,6.1,92.9,4.1,31.6,6.5,68.6,22.6,13.8,26.1,75.2,14,12.5,13.7,84.7,7.5,30.2,13.6,9.5,9.9,0,5.4,3.5,3.6,1.3,1.4,296,128,42,42,112,82,112,80,30,31,1996,296,99,96,104,87,482,177,532,163,204,86,454,159,121,61,1793,227,575,160,538,170,445,138,94,79,312,101,312,101,69,52,818,169,772,175,292,113,328,101,264,58,120,52,1620,219,1527,208,481,141,1319,202,1259,190,394,125,90,93,31,37,20,32,7,11,7,11,7,11,24,23,24,23,16,19,0,21,0,21,0,21,90,51,90,51,40,40,165,141,114,81,11,18,527,172,443,125,134,84,54983,6955,30980,21744,52842,8398,48845,8506,90422,4573,82159,30621,14.2,12.7,37.8,22.1,37.8,23.7,10.1,11.1,5,4.5,5.2,4.2,24.1,7.4,26.7,8,10.2,4.2,22.7,8.1,6.1,3.1,89.8,5,28.8,8.3,82.7,13.3,17.5,14.7,100,14.8,22.1,16.1,94.4,5.5,35.7,12.9,80.5,22.1,36.6,18.6,94.3,3.5,29.7,9,95.5,4,29.9,9.6,34.4,49,22.2,38.3,69.1,27.4,6.7,12,84.1,12.7,25.4,15.9,0,22.6,0,9.8,0,6.6,0,8.4,209,105,11,18,93,66,94,75,11,17,2167,273,98,61,122,114,471,138,490,143,247,123,490,144,249,115,1947,210,739,147,496,122,477,119,275,97,324,107,315,106,200,96,840,157,687,120,135,59,507,135,468,136,129,41,1704,221,1556,205,590,119,1471,222,1332,191,488,110,98,105,98,105,6,12,26,29,18,17,7,12,56,45,46,42,46,42,0,21,0,21,0,21,145,107,115,83,63,61,138,88,114,83,27,27,487,146,416,128,172,91,39563,13374,38313,22127,27026,7088,50909,7575,57750,20969,5.3,8.9,44.5,25.3,45,24.8,5.3,8,4.5,2.8,5.6,4.8,21.7,6.4,22.6,6.8,11.4,4.7,22.6,6.5,11.5,5.2,89.8,5.2,34.1,6.5,96.2,5.6,55.4,14.3,97.2,4.2,61.7,16.9,81.8,12.9,16.1,7.6,92.3,5.4,25.4,10.3,91.3,6.5,34.6,6.8,90.6,7.4,33.2,7.5,100,37.1,6.1,18,82.6,18.3,19.6,19.1,85.4,8.8,35.3,13.9,18.7,19.9,0,11.1,7,7.1,2.3,2.6
1400000US48439113917,Census Tract 1139.17; Tarrant County; Texas,811,302,44,47,273,128,434,275,60,87,4453,612,117,143,262,254,1010,303,1234,439,417,240,980,264,433,189,4074,485,1413,331,1014,383,970,377,247,166,1000,243,889,242,351,164,1862,547,1638,343,536,200,577,140,577,140,279,104,3022,563,2817,423,930,250,2789,528,2584,379,875,235,553,272,530,265,150,129,69,54,69,54,0,21,229,157,229,157,163,136,0,21,0,21,0,21,406,191,275,157,111,120,174,101,154,105,59,58,722,162,591,161,139,95,52644,9654,39427,20270,54013,15626,62059,8526,66667,19954,5.4,6.5,33.7,17.3,53.5,20.9,7.4,10.1,2.6,3.2,5.9,5.2,22.7,7.1,27.7,7.9,9.4,5.4,22,5.9,9.7,4.5,91.5,5.7,31.7,8,95.7,5.3,24.4,11.6,88.9,14.6,35.1,16.5,88,10.5,28.8,12.5,100,8.3,48.4,17.4,93.2,7.4,30.8,9.3,92.6,8,31.4,9.7,95.8,7.1,27.1,22.6,88.5,21.8,33.9,27.2,81.9,17.7,19.3,13.2,1.8,4.6,15.6,15.5,1.6,2,2.1,3.4,227,156,21,36,88,53,109,148,9,17,2115,320,50,78,93,77,470,176,605,298,165,98,490,163,242,116,1972,330,732,205,392,171,348,168,123,108,556,171,499,166,156,96,945,286,903,288,328,138,222,85,222,85,125,75,1292,284,1263,284,452,150,1216,283,1187,283,428,142,323,168,300,162,76,77,16,24,16,24,0,21,132,111,132,111,125,112,0,21,0,21,0,21,196,97,125,77,38,57,156,96,136,101,41,52,362,125,291,121,74,71,64105,8869,29620,19437,68607,18993,85563,31402,56541,9349,64966,21617,9.3,18.2,38.8,34.5,48,41.9,4,8.5,2.4,3.7,4.4,3.7,22.2,8,28.6,11.8,7.8,4.8,23.2,7.3,11.4,5.6,93.2,4.7,34.6,9.4,88.8,13.8,31.4,21.4,89.7,13.9,28.1,18,95.6,5.7,34.7,15.5,100,20,56.3,24.2,97.8,3.2,35,12.1,97.6,3.4,35.2,12.5,92.9,12.3,23.5,21.8,87.2,24.9,26.3,29.3,80.4,18.3,20.4,17.8,0,28.7,11.7,15.5,2.2,3.5,4,6.4,584,214,23,31,185,102,325,180,51,85,2338,356,67,68,169,247,540,184,629,260,252,189,490,158,191,95,2102,276,681,196,622,278,622,278,124,86,444,139,390,144,195,102,917,285,735,122,208,105,355,115,355,115,154,78,1730,358,1554,294,478,162,1573,329,1397,260,447,154,230,118,230,118,74,64,53,51,53,51,0,21,97,85,97,85,38,40,0,21,0,21,0,21,210,97,150,82,73,70,18,27,18,27,18,27,360,99,300,103,65,63,37181,2651,18750,16476,38868,11886,68203,10609,71346,58169,3.9,5.9,31.7,17.6,55.7,20.7,8.7,13.3,2.9,2.9,7.2,9.9,23.1,8.3,26.9,10.4,10.8,7.7,21,7.1,8.2,4.4,89.9,9.9,29.1,9.3,100,7.7,19.9,12.7,87.8,16.3,43.9,19.1,80.2,21.9,22.7,12.9,100,13.1,43.4,24.1,89.8,13.3,27.6,10.1,88.8,14.5,28.4,10.6,100,19.4,32.2,27.3,100,86.7,100,86.7,83.3,18.2,18.1,18.5,3,9.4,19.1,16.2,1,1.9,0,7.1
1400000US48439113918,Census Tract 1139.18; Tarrant County; Texas,311,130,45,53,129,89,126,67,11,18,3374,349,123,76,146,90,867,229,1003,244,360,133,678,236,197,86,3105,347,875,227,1186,233,1145,242,248,98,698,296,646,294,200,123,1135,179,1012,183,314,154,355,62,302,81,113,62,2004,241,1873,228,552,156,1586,259,1509,267,437,153,492,221,492,221,111,105,29,44,0,15,0,15,341,112,275,120,118,93,0,15,0,15,0,15,152,148,123,123,32,40,356,174,342,174,62,49,924,359,798,321,203,113,51497,8556,41408,11906,57173,12111,47986,12830,72708,15562,14.5,14.8,41.5,19.5,40.5,19.2,3.5,5.7,3.6,2.2,4.3,2.6,25.7,6,29.7,5.7,10.7,3.9,20.1,6.9,5.8,2.6,92,3.4,25.9,6.8,96.5,3.8,20.9,8,92.6,8.2,28.7,17.5,89.2,7.5,27.7,12.2,85.1,13.8,31.8,15.9,93.5,3.6,27.5,7.2,95.1,3.6,27.6,7.8,100,9.7,22.6,17.5,96.1,6,17.4,16.1,86.4,8.7,22,9.7,10.8,15.2,9.1,9.7,0,3.6,9.7,10.1,106,53,20,30,12,19,63,38,11,18,1718,210,55,51,80,55,513,179,534,162,160,72,313,154,63,39,1583,216,376,152,602,128,561,140,88,52,396,159,383,159,124,111,536,129,468,136,101,68,184,65,171,66,63,40,1124,177,1018,175,235,124,910,190,846,189,186,120,310,172,310,172,37,50,0,15,0,15,0,15,128,65,115,66,42,59,0,15,0,15,0,15,34,56,18,30,18,30,122,68,122,68,44,38,345,154,287,120,111,71,50843,8253,52344,10499,52575,23616,53542,13429,46884,3799,98173,32204,18.9,26.8,11.3,17,59.4,25.6,10.4,16.8,3.2,2.9,4.7,3.2,29.9,9.5,31.1,8.5,9.3,4.5,18.2,8.1,3.7,2.3,92.1,4.5,21.9,7.9,93.2,7.5,14.6,8.9,96.7,5.5,31.3,23.2,87.3,11.1,18.8,11.6,92.9,11,34.2,21.1,90.6,5.8,20.9,9.5,93,5.3,20.4,10.9,100,14.9,11.9,13.5,100,32.3,36.1,26.8,83.2,11.8,32.2,16.7,0,30,0,9.3,0,6.9,14.9,15.8,205,111,25,38,117,93,63,51,0,15,1656,247,68,58,66,52,354,133,469,199,200,99,365,132,134,66,1522,228,499,126,584,198,584,198,160,79,302,172,263,169,76,44,599,111,544,106,213,105,171,47,131,54,50,39,880,144,855,142,317,84,676,138,663,139,251,77,182,97,182,97,74,60,29,44,0,15,0,15,213,93,160,84,76,49,0,15,0,15,0,15,118,122,105,117,14,26,234,149,220,147,18,20,579,253,511,241,92,75,52237,19597,34176,12326,61016,23778,65469,30511,70938,14634,12.2,17.6,57.1,26.8,30.7,22.2,0,21.4,4.1,3.4,4,3.1,21.4,7.3,28.3,9.7,12.1,5.7,22,8.6,8.1,4.1,91.9,4,30.1,8.8,100,8.2,27.4,13.9,87.1,14.4,25.2,18.2,90.8,8.7,35.6,15.1,76.6,20.2,29.2,20.1,97.2,3.5,36,9.5,98.1,3.3,37.1,10.3,100,23.7,40.7,34.8,94,9.2,7.7,11.1,88.3,10.3,15.9,11.4,21.6,27.8,22.3,20.9,0,7.2,5.8,6.6
1400000US48439113923,Census Tract 1139.23; Tarrant County; Texas,414,131,6,12,100,72,231,138,77,64,3324,677,150,166,7,13,510,232,710,185,196,93,1247,427,504,248,3167,611,1751,545,1117,397,1117,397,605,355,933,297,933,297,632,250,998,270,868,219,354,188,276,173,249,170,160,156,1946,602,1919,593,1113,456,1782,590,1769,589,1048,454,574,342,554,342,387,324,0,15,0,15,0,15,484,328,374,189,171,128,0,15,0,15,0,15,168,110,168,110,21,26,152,161,152,161,59,58,377,143,363,143,95,78,63424,10142,26129,6792,66939,10274,65060,12653,92159,41165,1.4,3,24.2,16.5,55.8,22.7,18.6,17.6,4.5,4.5,0.2,0.4,15.3,6.3,21.4,6.5,5.9,3.1,37.5,8.3,15.2,6.6,95.3,4.5,52.7,9.5,100,4.4,54.2,16.1,100,5.2,67.7,18.1,87,14.6,35.5,15.5,90.2,11.3,58,28.9,98.6,1.3,57.2,12.5,99.3,1,58.8,13,96.5,7.3,67.4,21.6,100,27.4,38.8,20.7,96.3,5.8,25.2,18.5,0,26.7,0,9.3,6.6,5.4,0,2.8,222,126,0,15,21,26,184,134,17,26,1742,412,58,75,0,15,343,234,363,127,162,89,675,292,141,90,1684,387,816,300,537,248,537,248,267,207,523,226,523,226,270,127,566,219,508,202,218,175,116,51,116,51,61,43,1069,353,1069,353,589,242,989,345,989,345,549,243,208,188,198,188,130,184,0,15,0,15,0,15,248,160,200,105,66,58,0,15,0,15,0,15,152,107,152,107,21,26,65,55,65,55,10,16,256,116,256,116,61,49,66357,6693,40852,9795,25060,8646,72833,5068,70455,16624,110213,60178,0,20,9.5,13,82.9,18.5,7.7,14.3,3.3,4,0,2.8,19.7,11.6,20.8,7.3,9.3,5.9,38.7,12.1,8.1,5.5,96.7,4,46.8,12.1,100,8.9,49.7,21.5,100,9.1,51.6,23.4,89.8,12.1,38.5,21.7,100,33.4,52.6,31,100,4.6,55.1,16.4,100,4.9,55.5,17.4,95.2,12.3,62.5,43.6,100,45.6,15.4,30.7,100,17.7,23.8,19.4,0,48.3,0,13.5,2.3,3.8,0,5.9,192,86,6,12,79,72,47,45,60,59,1582,358,92,94,7,13,167,92,347,134,34,28,572,210,363,222,1483,324,935,295,580,203,580,203,338,173,410,206,410,206,362,210,432,126,360,108,136,61,160,152,133,148,99,148,877,309,850,299,524,267,793,303,780,302,499,265,366,204,356,204,257,169,0,15,0,15,0,15,236,182,174,104,105,96,0,15,0,15,0,15,16,20,16,20,0,15,87,111,87,111,49,53,121,59,107,60,34,36,55598,15380,29393,6337,45682,30772,63407,18157,88214,54483,3.1,6.3,41.1,30.7,24.5,24.2,31.3,27.6,5.8,5.4,0.4,0.8,10.6,5.5,21.9,8.6,2.1,1.8,36.2,12.3,22.9,11.7,93.7,5.4,59.1,10.9,100,8.3,58.3,19.4,100,11.5,88.3,12.4,83.3,19,31.5,15.5,83.1,24.6,61.9,49.6,96.9,2.8,59.7,17.3,98.4,2.2,62.9,18.2,97.3,5.4,70.2,17.1,100,39.4,56.3,25.5,88.4,18.2,28.1,26.8,0,36.9,0,25.4,12.6,12.2,0,5.2
1400000US48439113925,Census Tract 1139.25; Tarrant County; Texas,299,148,0,15,240,144,52,36,7,12,2914,703,156,108,157,93,981,613,712,218,292,130,439,148,177,88,2601,662,616,171,536,236,528,235,153,92,326,141,280,129,115,98,1538,601,1359,585,254,87,514,84,434,98,94,48,2037,644,1947,636,455,143,1501,244,1441,241,426,138,97,67,97,67,25,31,99,67,99,67,51,48,295,253,148,110,20,22,0,15,0,15,0,15,176,116,114,76,26,31,210,95,196,100,39,36,861,612,759,606,70,55,46585,8673,29199,7806,55560,4419,60256,11064,86917,37276,0,15.4,80.3,16.2,17.4,14,2.3,4.4,5.4,3.6,5.4,3.1,33.7,15.2,24.4,7,10,4.6,15.1,6.3,6.1,3.5,89.3,5.8,21.1,8,98.5,2.5,28.5,15,85.9,16.1,35.3,23.3,88.4,10.8,16.5,9.8,84.4,10.4,18.3,10.3,95.6,3.5,22.3,10.5,96,3.3,28.4,9,100,37.3,25.8,29.8,93.3,8.9,18.6,14.7,88.2,12,8.1,9.4,9.6,15.6,0,5,0,4.9,2.8,4.2,189,122,0,15,148,115,41,28,0,15,1448,368,27,23,113,91,489,297,433,167,93,48,208,93,85,63,1308,336,293,102,245,145,237,145,51,49,170,87,124,69,74,59,764,289,712,284,128,69,269,57,235,61,40,29,979,305,979,305,235,93,723,149,723,149,206,87,65,47,65,47,13,17,48,66,48,66,0,15,160,173,86,101,9,14,0,15,0,15,0,15,109,105,57,55,17,27,87,56,73,59,19,28,472,310,410,295,61,52,58033,8145,59049,10549,46074,1287,59167,15096,74023,15325,108824,92012,0,23,78.3,18.9,21.7,18.9,0,23,1.9,1.6,7.8,5.7,33.8,15.3,29.9,10.2,6.4,3.8,14.4,7,5.9,4.6,90.3,5.9,20.2,8.1,96.7,5.6,20.8,17.9,72.9,28.3,43.5,30.2,93.2,9.6,16.8,10.9,87.4,10.5,14.9,11.3,100,5,24,11.2,100,6.7,28.5,11.2,100,45.6,20,26.5,83.9,21,21.8,29,86.9,13.4,12.9,14.9,0,29.2,0,9.7,0,9.1,0,15.6,110,72,0,15,92,69,11,18,7,12,1466,372,129,103,44,36,492,331,279,114,199,103,231,92,92,59,1293,356,323,104,291,135,291,135,102,70,156,78,156,78,41,46,774,333,647,322,126,56,245,64,199,65,54,32,1058,372,968,362,220,85,778,163,718,158,220,85,32,27,32,27,12,15,51,48,51,48,51,48,135,88,62,42,11,17,0,15,0,15,0,15,67,55,57,49,9,15,123,70,123,70,20,23,389,338,349,334,9,15,27491,19450,23778,808,45060,5564,46202,7894,83472,82834,0,34.6,83.6,21.3,10,16.9,6.4,11.7,8.8,6.9,3,2.4,33.6,16.1,19,7.5,13.6,6.9,15.8,7.9,6.3,4.6,88.2,7.5,22,10,100,15.7,35.1,20.8,100,26.9,26.3,24.2,83.6,13.3,16.3,12,81.2,15,22,13.8,91.5,6.7,20.8,11.9,92.3,6.2,28.3,10.4,100,65,37.5,41.5,100,32.1,16.3,18,89.7,15.6,2.3,5.4,17.3,25,0,9.7,0,9.9,5.3,7.7
1400000US48439113930,Census Tract 1139.30; Tarrant County; Texas,959,379,276,224,225,160,439,257,19,32,7539,1403,148,139,258,189,1923,797,1117,352,884,462,2101,617,1108,507,7133,1444,3209,967,2400,1095,2400,1095,1141,882,1767,337,1674,359,893,319,2769,678,2509,701,954,300,603,296,550,286,221,148,3943,987,3861,1004,2037,930,3349,999,3308,1000,1819,907,1037,492,1037,492,474,277,38,58,38,58,38,58,1121,399,860,367,449,287,85,159,85,159,0,23,95,97,95,97,28,35,1220,653,1157,657,183,110,1449,734,1345,746,300,192,66749,12180,58704,27856,62415,15822,75864,11094,81068,15710,28.8,21.3,23.5,13.3,45.8,19.2,2,3.7,2,1.9,3.4,2.7,25.5,8.6,14.8,5.4,11.7,5.1,27.9,7,14.7,5.8,94.6,3.7,42.6,10.2,100,2.1,47.5,25.8,94.7,5,50.5,14.5,90.6,6.7,34.5,13.2,91.2,12.4,36.7,18.3,97.9,2.3,51.7,14,98.8,1.6,54.3,15.4,100,4.7,45.7,24.3,94.8,9.2,15,11.5,92.8,9.5,20.7,16.3,0,11.6,7,6.3,2,3.2,0.8,1.4,389,253,116,131,167,144,106,146,0,23,3845,656,74,113,102,103,1002,556,600,266,350,230,1276,492,441,169,3669,690,1717,510,1091,516,1091,516,499,442,793,231,793,231,366,171,1594,435,1471,435,699,294,367,188,314,173,153,114,2016,486,1956,503,952,453,1779,499,1760,502,902,449,399,242,399,242,242,219,38,58,38,58,38,58,591,207,538,228,309,187,19,38,19,38,0,23,51,57,51,57,28,35,731,409,668,407,148,102,776,433,672,438,119,78,73498,7172,51607,21250,65987,32950,71373,10354,77013,10213,91890,32767,29.8,29.7,42.9,30.6,27.2,31.1,0,12,1.9,3,2.7,2.9,26.1,12.4,15.6,7.9,9.1,6,33.2,10.2,11.5,4.8,95.4,4.1,44.7,10.4,100,4.5,45.7,28.5,100,6.1,46.2,18.4,92.3,7.7,43.9,17.8,85.6,19.1,41.7,24.3,97,4,47.2,15.5,98.9,2,50.7,16.6,100,11.8,60.7,33.8,91.4,14.9,20.2,17.1,86.6,17,15.3,12.1,0,24.4,0.8,1.8,0,5.1,0.7,1.3,570,274,160,187,58,68,333,191,19,32,3694,833,74,68,156,115,921,367,517,260,534,439,825,262,667,469,3464,841,1492,535,1309,628,1309,628,642,458,974,230,881,250,527,259,1175,396,1038,390,255,150,236,150,236,150,68,86,1927,549,1905,549,1085,519,1570,544,1548,543,917,497,638,401,638,401,232,184,0,23,0,23,0,23,530,212,322,162,140,117,66,124,66,124,0,23,44,52,44,52,0,23,489,302,489,302,35,43,673,355,673,355,181,160,61646,5533,28009,8034,55944,27523,64959,17450,80316,32680,28.1,27.8,10.2,11.1,58.4,25.8,3.3,6.1,2,1.9,4.2,3.3,24.9,9.6,14,7,14.5,9.9,22.3,7.9,18.1,11.4,93.8,4.5,40.4,12.2,100,3.7,49,26.9,90.5,9.1,54.1,19.6,88.3,9,21.7,12,100,19,28.8,31.9,98.9,2,56.3,14.9,98.6,2.4,58.4,16.5,100,7.5,36.4,29.7,100,9.7,7.2,9.4,100,7.2,26.9,26.2,0,19.4,13.7,11.4,3.8,6.4,0.9,1.6
1400000US48439113950,Census Tract 1139.50; Tarrant County; Texas,789,439,210,162,185,221,361,326,33,43,4414,762,0,21,386,277,788,389,1108,486,387,198,1141,488,604,357,4028,841,1745,639,949,543,928,547,219,220,962,312,919,309,542,270,2266,627,1954,632,959,426,237,201,227,211,25,39,3270,804,3174,806,1256,572,3064,763,2968,770,1203,579,510,158,510,158,244,232,0,21,0,21,0,21,257,95,213,129,162,100,0,21,0,21,0,21,0,21,0,21,0,21,377,278,131,122,83,98,496,249,271,327,118,136,79628,11520,86534,47415,71130,21861,98719,30852,174779,60960,26.6,22.7,23.4,24.4,45.8,28.5,4.2,7.3,0,1.1,8.7,6.6,17.9,9.4,25.1,8.4,8.8,4.6,25.8,10,13.7,7,91.3,6.6,39.5,11.2,97.8,3.4,23.1,18.7,95.5,5.2,56.3,17.9,86.2,11.7,42.3,12.4,95.8,16.3,10.5,19,97.1,2.9,38.4,12.8,96.9,3.1,39.3,13.5,100,9.3,47.8,40.2,34.7,38.2,22,33.1,54.6,52.6,23.8,21.9,10.9,19.9,5.2,6.7,0,3.3,1.2,2.2,540,337,210,162,56,91,274,307,0,21,2328,474,0,21,195,137,425,278,509,261,125,95,783,394,291,278,2133,493,1074,450,506,343,506,343,78,85,658,249,615,245,368,241,1032,386,890,378,628,326,132,106,122,113,0,21,1838,492,1784,490,834,435,1785,487,1731,488,781,441,166,48,166,48,76,106,0,21,0,21,0,21,122,54,99,68,99,68,0,21,0,21,0,21,0,21,0,21,0,21,202,146,84,96,65,76,236,121,118,136,118,136,91804,30555,60540,32774,90842,36445,79903,19467,114469,19874,"250,000+",***,38.9,35.3,10.4,17.9,50.7,39.9,0,8.8,0,2.1,8.4,6.1,18.3,12.1,21.9,10,5.4,4.1,33.6,15.6,12.5,10.9,91.6,6.1,46.1,14.6,100,9.4,15.4,16.7,93.5,7.5,55.9,23.7,86.2,12.8,60.9,18.3,92.4,27,0,30.5,97.1,3.1,45.4,17.6,97,3.2,43.8,18.6,100,25.6,45.8,50.5,41.6,46.5,32.2,41.8,50,50,50,50,0,22.4,3.3,6.4,0,7.6,0,4.5,249,225,0,21,129,141,87,141,33,43,2086,379,0,21,191,156,363,191,599,329,262,156,358,203,313,200,1895,438,671,320,443,272,422,275,141,157,304,160,304,160,174,119,1234,339,1064,356,331,220,105,107,105,107,25,39,1432,391,1390,397,422,251,1279,350,1237,358,422,251,344,162,344,162,168,167,0,21,0,21,0,21,135,48,114,66,63,56,0,21,0,21,0,21,0,21,0,21,0,21,175,140,47,51,18,30,260,156,153,206,0,21,58276,20578,45163,28455,58772,35251,62460,53430,173217,110284,0,18.1,51.8,35.3,34.9,40,13.3,27.3,0,2.4,9.2,7.9,17.4,9.5,28.7,12.9,12.6,7.5,17.2,8.9,15,9,90.8,7.9,32.2,13.6,95.3,7.1,31.8,26.5,100,15.1,57.2,36.8,86.2,12.5,26.8,16.5,100,35.6,23.8,45,97.1,5,29.5,16.2,96.7,5.6,33,17.8,100,13.5,48.8,38.5,26.9,34.1,10.3,21.1,58.8,54.2,0,17.4,22,35.7,7.4,11.7,0,5.6,3.1,5.5
1400000US48439114003,Census Tract 1140.03; Tarrant County; Texas,828,263,175,99,240,124,327,149,86,121,5890,542,311,119,501,159,1396,274,1315,307,560,257,1322,296,485,196,5078,518,1807,349,1121,310,1043,305,407,175,1217,290,1038,273,429,185,2353,336,2078,327,761,224,1199,292,919,285,210,140,3894,483,3412,458,1013,267,3076,425,2800,389,972,270,892,224,880,222,483,181,16,25,16,25,16,25,181,99,165,90,108,60,0,21,0,21,0,21,519,238,313,191,89,123,388,154,292,128,98,59,1706,383,1189,347,197,140,57342,4801,44212,9304,63922,4910,60938,30308,70030,18120,21.1,10.2,29,11.9,39.5,15.4,10.4,13.6,5.3,2,8.5,2.6,23.7,4.3,22.3,4.8,9.5,4.1,22.4,4.7,8.2,3.3,86.2,3.1,30.7,5.4,93,5.1,36.3,13.5,85.3,6,35.3,10.8,88.3,3.9,32.3,8,76.6,11,17.5,10.6,87.6,4.1,26,6.4,91,4.2,31.6,7.9,98.7,2.1,54.1,19.5,75.3,14,25.3,12.2,69.7,8.1,11.5,7.3,11.8,9.5,1.1,0.8,2.6,2.1,1.9,2,440,154,41,30,187,119,169,99,43,61,2618,327,145,96,224,92,666,186,633,220,165,103,585,192,200,98,2249,317,785,215,506,174,486,172,126,95,553,189,449,179,168,125,1165,187,1027,179,402,157,394,134,287,111,89,74,1878,293,1637,281,500,170,1439,233,1345,213,492,173,297,133,297,133,171,97,0,21,0,21,0,21,60,32,60,32,41,30,0,21,0,21,0,21,230,126,140,97,57,72,153,67,115,59,16,14,827,209,555,189,77,74,63673,5097,51875,11554,50313,14677,72417,15242,71500,44738,66316,26944,9.3,6.6,42.5,21.5,38.4,19.7,9.8,12.9,5.5,3.6,8.6,3.5,25.4,6.4,24.2,7.8,6.3,3.9,22.3,6.3,7.6,3.7,85.9,4.3,30,6.9,96,5,24.9,16.6,81.2,9.7,30.4,17.8,88.2,4.3,34.5,12.4,72.8,19.2,22.6,17.4,87.2,5.6,26.6,8.3,93.5,4.4,34.2,11,100,15.4,57.6,27,75.2,17.9,10.5,10.3,67.1,11.1,9.3,8.3,3.8,5,0.9,1.1,2.3,3.4,0.5,0.9,388,168,134,96,53,34,158,111,43,60,3272,310,166,72,277,122,730,182,682,183,395,223,737,201,285,139,2829,293,1022,229,615,190,557,183,281,157,664,147,589,135,261,130,1188,196,1051,196,359,139,805,230,632,237,121,80,2016,274,1775,262,513,166,1637,276,1455,256,480,164,595,159,583,157,312,156,16,25,16,25,16,25,121,71,105,64,67,49,0,21,0,21,0,21,289,134,173,107,32,52,235,103,177,81,82,55,879,201,634,193,120,80,55339,16000,39896,4864,58601,4300,47062,30813,70565,24416,34.5,20.4,13.7,9.9,40.7,20.2,11.1,15,5.1,2.2,8.5,3.5,22.3,5.8,20.8,5.4,12.1,6.2,22.5,6.1,8.7,4.2,86.5,3.9,31.2,6.9,90.6,7.7,45.7,18.8,88.7,6.2,39.3,16.5,88.5,6.2,30.2,9.5,78.5,12.7,15,10,88,5.2,25.4,8,88.9,5.8,29.3,9.6,98,3.1,52.4,22.6,75.3,16.1,34.9,15,72.1,9.5,13.7,8.2,18.5,15.9,1.2,1.1,2.9,2.7,2.9,3.3
1400000US48439114206,Census Tract 1142.06; Tarrant County; Texas,623,546,372,528,118,85,133,89,0,15,2985,360,99,90,92,57,1014,236,656,211,341,108,467,163,316,115,2794,341,783,221,284,134,248,110,104,74,469,149,468,152,136,74,1572,296,1449,287,383,148,660,89,629,82,160,69,2607,306,2473,300,764,215,2418,305,2317,299,724,221,49,50,49,50,0,15,0,15,0,15,0,15,0,15,0,15,0,15,0,15,0,15,0,15,64,76,64,76,0,15,265,157,208,136,19,28,471,134,381,138,59,42,66875,7392,39051,22932,68750,21996,83237,19736,99167,33773,59.7,45.9,18.9,22.5,21.3,27.5,0,7.7,3.3,2.9,3.1,1.9,34,6.9,22,5.9,11.4,3.9,15.6,5.3,10.6,3.6,93.6,3.4,26.2,6.9,87.3,16.9,36.6,26.5,99.8,2.1,29,14.7,92.2,4.9,24.4,9.2,95.3,4.3,24.2,10.7,94.9,2.9,29.3,7.5,95.8,2.5,29.9,8.3,100,52.5,0,52.5,78.5,22.5,7.2,11.1,80.9,18.2,12.5,9.6,9.4,12.1,7.2,4.6,2.5,2.4,1.3,2.1,324,263,154,237,110,85,60,53,0,15,1465,189,99,90,45,37,456,149,383,126,169,78,216,93,97,66,1321,184,313,115,147,94,111,64,17,25,238,82,237,85,63,55,749,156,663,153,143,70,331,64,310,58,90,44,1284,160,1197,150,313,115,1176,147,1122,147,313,115,25,24,25,24,0,15,0,15,0,15,0,15,0,15,0,15,0,15,0,15,0,15,0,15,50,75,50,75,0,15,106,79,49,72,0,15,264,101,174,109,0,15,79363,31677,41629,21452,54038,20649,111548,42483,133000,67871,160294,115364,47.5,47.4,34,34.6,18.5,21.5,0,14.3,6.8,5.9,3.1,2.5,31.1,9.2,26.1,7.3,11.5,5.8,14.7,6.2,6.6,4.4,90.2,6.5,21.4,7.4,75.5,29.2,11.6,18.1,99.6,4.2,26.5,22.4,88.5,8.9,19.1,9.4,93.7,7.1,27.2,13.5,93.2,4.8,24.4,8.2,95.4,3.4,26.6,9.1,100,73.6,0,73.6,46.2,53.8,0,35.4,65.9,32.4,0,17.2,0,28.6,10.1,8,4.5,4.4,0,14.7,299,299,218,293,8,12,73,74,0,15,1520,198,0,15,47,40,558,152,273,121,172,67,251,105,219,96,1473,195,470,135,137,77,137,77,87,66,231,87,231,87,73,45,823,157,786,156,240,102,329,62,319,62,70,41,1323,192,1276,191,451,133,1242,193,1195,192,411,138,24,26,24,26,0,15,0,15,0,15,0,15,0,15,0,15,0,15,0,15,0,15,0,15,14,21,14,21,0,15,159,87,159,87,19,28,207,61,207,61,59,42,57837,12526,37175,25091,53667,27139,63029,19782,86406,32556,72.9,44.2,2.7,5.2,24.4,41.8,0,15.4,0,3.2,3.1,2.6,36.7,8.9,18,7,11.3,4.7,16.5,6.8,14.4,6,96.9,2.6,30.9,8.3,100,29.7,63.5,32.6,100,19.3,31.6,17.4,95.5,4.4,29.2,11.9,97,4.7,21.3,12,96.4,3,34.1,9.1,96.2,3.2,33.1,10,100,75.1,0,75.1,100,26.5,11.9,17.2,100,21.3,28.5,20.7,38.3,40.3,4.8,4.6,0,10.6,2.1,3.5
1400000US48439114207,Census Tract 1142.07; Tarrant County; Texas,381,184,70,62,96,82,193,140,22,35,4287,462,125,92,93,64,1033,259,1112,273,418,174,863,177,643,178,4069,453,1506,261,671,220,661,219,140,89,1020,229,1020,229,566,210,1721,227,1601,231,544,128,875,107,787,131,256,85,3530,370,3387,369,1321,266,3050,315,2921,302,1250,246,188,131,188,131,36,39,9,14,9,14,0,21,140,100,94,66,75,56,0,21,0,21,0,21,258,197,229,192,50,55,162,115,162,115,24,25,848,391,805,379,127,89,66087,10653,41641,8113,62883,42112,77379,29533,103846,29582,18.4,13.6,25.2,19.4,50.7,28,5.8,8.6,2.9,2.1,2.2,1.5,24.1,4.8,25.9,5.4,9.8,3.7,20.1,4.3,15,4.3,94.9,2.3,35.1,6.6,98.5,1.9,20.9,12,100,4.8,55.5,14.6,93,4.5,31.6,8.4,89.9,7.3,29.3,9.3,95.9,2.3,37.4,7.8,95.8,2.5,41,7.9,100,23.1,19.1,16.6,100,26.1,14.8,17.7,94.9,4.7,15,11,0,20.3,7.3,5.4,2.5,2,1.2,2,217,139,20,27,52,72,123,128,22,35,2006,236,2,4,84,62,465,161,518,172,278,147,365,131,294,106,1920,243,659,160,212,110,202,108,43,35,561,118,561,118,273,112,835,119,790,129,240,83,398,74,367,78,103,48,1666,159,1580,165,596,159,1422,162,1343,155,568,155,90,70,90,70,10,15,0,21,0,21,0,21,0,21,0,21,0,21,0,21,0,21,0,21,135,122,135,122,50,55,115,97,115,97,3,6,465,194,458,193,81,73,85107,18008,107708,84880,44792,27325,73176,4956,149688,60727,165875,74543,9.2,13,24,33.2,56.7,39.8,10.1,16.9,0.1,0.2,4.2,3.1,23.2,6.7,25.8,8.1,13.9,7,18.2,6.7,14.7,5.1,95.7,3.2,32.9,7.9,95.3,6.2,20.3,16.3,100,8.5,48.7,15,94.6,6,28.7,11.2,92.2,8.2,25.9,12.5,94.8,3.7,35.8,9.3,94.4,4.2,39.9,10.4,100,38.8,11.1,21.4,100,33.6,2.6,5.1,98.5,2.5,17.4,15.6,0,39.7,9.2,8.1,1.1,1.4,0,7.3,164,98,50,56,44,48,70,58,0,21,2281,289,123,92,9,12,568,158,594,207,140,77,498,120,349,124,2149,265,847,149,459,171,459,171,97,67,459,128,459,128,293,107,886,149,811,143,304,87,477,90,420,98,153,79,1864,267,1807,255,725,150,1628,191,1578,190,682,142,98,89,98,89,26,31,9,14,9,14,0,21,140,100,94,66,75,56,0,21,0,21,0,21,123,97,94,87,0,21,47,42,47,42,21,25,383,247,347,237,46,46,43423,6716,37337,8865,27600,9378,46684,29714,85458,8129,30.5,28.5,26.8,24.3,42.7,30,0,25.8,5.4,3.8,0.4,0.5,24.9,5.4,26,8,6.1,3.2,21.8,5.3,15.3,5.8,94.2,3.8,37.1,7.3,100,10.3,21.1,14.5,100,10.3,63.8,16.7,91.5,7.4,34.3,10.4,88.1,11.8,32.1,14.3,96.9,3.2,38.9,8.7,96.9,3.8,41.9,8.1,100,37.1,26.5,19.6,100,53.7,44.7,47.9,90.6,9.3,12,11.7,0,30.5,5.6,7,4,4.1,2.1,3.5
1400000US48439123302,Census Tract 1233.02; Tarrant County; Texas,877,329,352,182,342,187,116,83,67,63,5184,413,406,122,750,219,1400,258,936,223,339,140,665,199,688,185,4028,420,1353,251,1700,270,1196,232,344,141,1128,261,841,187,185,83,1844,304,1548,343,623,225,512,173,443,137,201,127,3706,659,3001,560,1147,242,2964,373,2530,395,1117,239,865,214,592,257,59,81,61,60,39,49,0,21,114,87,104,84,82,74,0,21,0,21,0,21,147,95,104,77,55,69,291,224,188,145,10,17,1141,270,732,203,95,86,48916,14000,10714,5494,36700,10699,97386,18541,93580,22212,40.1,13.8,39,13.3,13.2,9.1,7.6,6.7,7.8,2.4,14.5,4,27,4,18.1,4.3,6.5,2.7,12.8,3.6,13.3,3.5,77.7,4.8,26.1,4.3,70.4,7.5,20.2,7,74.6,10.2,16.4,6.8,83.9,10.4,33.8,9.9,86.5,10.5,39.3,16.9,81,4.9,30.9,6.9,85.4,5.7,37.7,7.1,68.4,16.5,6.8,8.4,64.6,20.3,3.4,6.6,64.2,10.2,8.3,7,16.4,50.1,1.6,6.5,6.3,5.5,6.9,9.4,671,307,254,172,300,182,96,80,21,32,3306,393,269,131,586,212,942,211,587,200,188,124,368,123,366,129,2451,321,734,159,1067,295,727,206,191,107,770,170,537,181,138,73,1139,222,915,166,287,117,330,111,272,97,118,61,2210,248,1738,198,593,143,1806,262,1467,194,583,144,601,209,380,211,9,21,61,60,39,49,0,21,99,82,89,80,67,68,0,21,0,21,0,21,117,92,85,75,55,69,218,187,120,110,10,17,709,198,454,144,75,79,42350,17856,16689,13291,10283,5861,38488,20159,104355,52416,118396,32161,37.9,17.7,44.7,16.3,14.3,11.2,3.1,4.8,8.1,3.7,17.7,5.8,28.5,5.2,17.8,5.8,5.7,3.7,11.1,3.8,11.1,4,74.1,6.4,22.2,5,68.1,8.7,17.9,9.2,69.7,13.9,17.9,8.5,80.3,15.9,25.2,10.3,82.4,17.5,35.8,17.7,78.6,6.9,26.8,6,81.2,7.9,32.3,8.1,63.2,18.8,1.5,3.4,55,24.2,4.6,9.2,64,14.1,10.6,10.6,21.7,72.6,1,4.3,4.4,7.2,0,6.8,206,91,98,57,42,54,20,22,46,42,1878,589,137,137,164,132,458,253,349,141,151,87,297,177,322,128,1577,399,619,200,633,222,469,157,153,90,358,237,304,191,47,46,705,311,633,268,336,167,182,101,171,99,83,90,1496,620,1263,461,554,187,1158,446,1063,393,534,187,264,103,212,118,50,78,0,21,0,21,0,21,15,25,15,25,15,25,0,21,0,21,0,21,30,33,19,29,0,21,73,80,68,76,0,21,432,215,278,152,20,31,51575,7103,12763,11849,35850,12040,78696,28612,77394,11248,47.6,24.7,20.4,23.5,9.7,9.9,22.3,17.1,7.3,6,8.7,5.2,24.4,7.3,18.6,6.5,8,4,15.8,10.9,17.1,8.5,84,10.1,33,14.8,74.1,19.9,24.2,15.1,84.9,17.9,13.1,13,89.8,7,47.7,22.9,94,9.2,45.6,33.2,84.4,8.6,37,17.5,91.8,5.8,46.1,18.9,80.3,29.6,18.9,29.3,93.2,33.6,0,43.1,64.4,20.2,4.6,6.3,13.2,44,2.4,11.9,9.3,9.9,15.3,19.4
1400000US48439123700,Census Tract 1237; Tarrant County; Texas,358,211,0,15,39,47,101,69,218,168,2930,326,119,69,108,69,443,133,510,154,174,93,894,243,682,159,2703,328,1576,278,912,173,861,174,637,157,412,109,376,103,291,99,908,213,827,222,403,180,698,161,639,163,245,92,2242,272,2122,269,1316,248,1997,249,1959,253,1203,232,148,81,107,60,32,28,15,23,15,23,0,15,177,167,177,167,41,36,0,15,0,15,0,15,86,70,40,36,0,15,262,124,242,121,187,109,564,220,416,194,237,175,67843,7098,38620,8782,60739,19365,90714,25152,71972,18523,0,13,10.9,11.8,28.2,17.3,60.9,25.8,4.1,2.4,3.7,2.4,15.1,4,17.4,4.7,5.9,3.2,30.5,6.7,23.3,5.4,92.3,3.6,53.8,7.1,94.4,4.8,69.8,10.9,91.3,8,70.6,14.2,91.1,6.2,44.4,13.1,91.5,7.3,35.1,12.4,94.6,3.3,58.7,7,98.1,2.3,60.2,7.5,72.3,18,21.6,16.1,92.4,7.2,71.4,18.2,73.8,14,42,19.1,51.4,25.1,4.6,5.4,3.6,4.3,6.4,4.8,189,185,0,15,39,47,30,45,120,160,1320,159,47,43,66,55,199,73,273,90,35,33,396,115,304,96,1207,156,700,140,342,83,316,83,210,70,213,81,191,76,153,73,436,97,402,95,180,91,329,101,298,97,157,65,1102,152,1038,153,611,134,948,128,920,130,525,116,56,44,32,29,13,16,0,15,0,15,0,15,48,40,48,40,26,27,0,15,0,15,0,15,32,35,16,24,0,15,82,34,73,35,50,28,273,103,212,95,122,82,69857,12127,19500,19251,46429,11902,67910,12427,117692,33019,92500,35358,0,23,20.6,26.5,15.9,24,63.5,49.9,3.6,3.2,5,4,15.1,5.6,20.7,6.6,2.7,2.5,30,7.5,23,6.5,91.4,5.2,53,7.4,92.4,7.8,61.4,14.6,89.7,12.7,71.8,18.8,92.2,8,41.3,14.2,90.6,11.6,47.7,18.7,94.2,4.6,55.4,8.2,97,3.8,55.4,9.3,57.1,32.7,23.2,24,89,13.3,61,26.1,77.7,16.5,44.7,21.2,20.9,27.2,2.2,5.5,5.2,8.2,2.4,3.7,169,88,0,15,0,15,71,53,98,56,1610,259,72,43,42,40,244,145,237,122,139,96,498,177,378,104,1496,263,876,206,570,157,545,152,427,145,199,62,185,58,138,56,472,147,425,152,223,101,369,118,341,116,88,55,1140,205,1084,201,705,190,1049,191,1039,191,678,174,92,55,75,46,19,23,15,23,15,23,0,15,129,161,129,161,15,18,0,15,0,15,0,15,54,50,24,29,0,15,180,118,169,115,137,110,291,145,204,123,115,109,55385,16923,37604,22313,45833,14540,72931,24107,70361,12360,0,25.2,0,25.2,42,19.5,58,19.5,4.5,2.7,2.6,2.5,15.2,7.9,14.7,6.7,8.6,6.3,30.9,8.9,23.5,6.4,92.9,4.3,54.4,9.5,95.6,5.7,74.9,12.3,93,10.3,69.3,18.2,90,9.9,47.2,17.2,92.4,8.2,23.8,14.4,95.1,3.6,61.8,10.1,99,2.2,64.6,10.4,81.5,28,20.7,23.1,93.9,9.2,76.1,25.7,70.1,20.2,39.5,24.8,80.9,27,5.8,8.1,2.2,3,9.7,6.6
1400000US48497150403,Census Tract 1504.03; Wise County; Texas,197,94,11,14,152,80,34,34,0,15,3405,632,147,101,279,141,1491,382,622,224,246,121,479,182,141,74,2979,542,620,199,557,167,499,154,213,132,500,200,453,180,83,57,1469,330,1288,260,192,83,879,246,739,231,132,73,3171,629,2780,547,531,178,2830,612,2579,535,478,151,34,38,34,38,34,38,54,63,19,25,0,15,4,9,4,9,0,15,0,15,0,15,0,15,46,61,46,61,0,15,96,70,96,70,55,59,472,199,297,128,90,88,51319,5091,35058,7859,54132,18418,75893,14164,66853,5889,5.6,7.3,77.2,16.3,17.3,14.7,0,22.2,4.3,2.9,8.2,3.4,43.8,6.4,18.3,4.8,7.2,3.7,14.1,5.7,4.1,2.2,87.5,3.6,18.2,6.3,89.6,9.5,38.2,18.3,90.6,8.4,16.6,11.6,87.7,6.8,13.1,6.1,84.1,8.6,15,8.4,87.7,3.7,16.7,6.1,91.1,3.7,16.9,6.1,100,63.1,100,63.1,100,37.5,57.3,38.5,62.9,13.3,19.1,17.5,13.6,13.8,3.4,3.4,2,3.6,1.8,2.4,99,56,1,2,83,52,15,23,0,15,1887,354,120,81,187,124,815,246,290,111,93,56,292,144,90,59,1580,295,382,155,368,122,355,122,141,111,216,95,178,78,40,41,863,292,705,211,87,45,440,149,342,130,114,69,1702,342,1421,284,298,124,1494,318,1286,252,245,83,29,37,29,37,29,37,32,43,6,8,0,15,0,15,0,15,0,15,0,15,0,15,0,15,46,61,46,61,0,15,78,63,78,63,55,59,328,152,229,125,90,88,60575,13286,50957,10355,55703,36748,86026,21451,62219,23812,66853,27390,1,2.5,83.8,22.1,15.2,21.8,0,36.9,6.4,4.3,9.9,5.8,43.2,8,15.4,6.3,4.9,3.1,15.5,7.5,4.8,3.1,83.7,6.3,20.2,7.9,96.5,5.5,38.3,22.5,82.4,19.9,18.5,16.8,81.7,10,10.1,6.5,77.7,15.2,25.9,14.4,83.5,6.8,17.5,7.2,86.1,7,16.4,5.9,100,68.3,100,68.3,100,41.6,70.5,33.1,69.8,20.6,27.4,23.9,17.6,19.1,1.8,2,3.4,5.3,2.6,3.9,98,63,10,14,69,58,19,25,0,15,1518,320,27,27,92,65,676,191,332,199,153,81,187,89,51,31,1399,320,238,87,189,80,144,68,72,59,284,144,275,142,43,38,606,124,583,121,105,49,439,203,397,203,18,19,1469,316,1359,316,233,86,1336,319,1293,319,233,86,5,10,5,10,5,10,22,26,13,19,0,15,4,9,4,9,0,15,0,15,0,15,0,15,0,15,0,15,0,15,18,24,18,24,0,15,144,77,68,54,0,15,34956,5093,28792,804,53254,5410,81303,5466,68750,16875,10.2,14.9,70.4,30.6,19.4,26,0,37.1,1.8,1.8,6.1,4.4,44.5,8.8,21.9,9.9,10.1,5.5,12.3,6.2,3.4,2.2,92.2,4.6,15.7,6.3,76.2,24,38.1,26.4,96.8,5.3,15.1,13.8,96.2,4.1,17.3,7.8,90.4,8.3,4.1,4.5,92.5,4.5,15.9,6.4,96.8,2.6,17.4,7.2,100,100,100,100,100,86.7,0,86.7,47.2,30.6,0,28.6,3.4,7.9,5.2,5.7,0.8,3.4,0.4,1.3
1400000US48497150603,Census Tract 1506.03; Wise County; Texas,488,170,106,72,227,101,115,67,40,40,3230,362,113,52,335,115,1245,266,668,155,379,134,353,86,137,71,2782,322,490,108,642,222,549,222,107,58,745,191,623,183,123,60,1348,221,1176,189,167,71,495,127,434,116,93,40,2851,334,2487,307,411,100,2702,328,2383,305,411,100,51,48,51,48,40,43,31,30,26,25,0,21,24,24,24,24,5,7,0,21,0,21,0,21,85,56,56,44,12,13,188,93,138,76,22,21,390,142,273,109,22,23,50828,3006,46464,11452,48616,10373,61989,13131,61964,26030,21.7,12.9,46.5,14.4,23.6,11.1,8.2,7.1,3.5,1.5,10.4,3.3,38.5,5.9,20.7,4.4,11.7,4,10.9,2.7,4.2,2.3,86.1,3.5,15.2,3.6,85.5,10,16.7,10.3,83.6,8.4,16.5,7.1,87.2,5,12.4,5.2,87.7,8.7,18.8,6.8,87.2,3.8,14.4,3.8,88.2,3.8,15.2,4,100,51.5,78.4,32.3,73.4,18.5,11.7,10.8,70,11.4,5.6,4.9,33.5,16.6,19,7.7,5.7,3.1,2.4,3.4,299,119,78,70,176,95,45,29,0,21,1585,200,91,46,151,80,738,168,303,95,148,67,129,46,25,26,1343,180,154,53,305,122,265,119,17,17,374,115,327,110,20,18,635,137,514,128,41,29,271,76,237,69,76,33,1400,177,1216,159,133,48,1343,173,1182,159,133,48,11,17,11,17,0,21,12,12,7,9,0,21,0,21,0,21,0,21,0,21,0,21,0,21,53,38,28,26,6,9,109,68,81,61,15,20,206,88,137,78,16,21,55750,13834,44010,10278,47679,20318,62386,34647,74375,28676,78472,61877,26.1,20.6,58.9,21.6,15.1,9.1,0,15.4,5.7,2.8,9.5,4.8,46.6,7.7,19.1,5.6,9.3,4.4,8.1,2.8,1.6,1.6,84.7,5.4,9.7,3.2,86.9,11.7,5.6,6.2,87.4,10.3,5.3,4.7,80.9,11,6.5,4.5,87.5,8,28,10.3,86.9,5.6,9.5,3.4,88,5.8,9.9,3.6,100,100,0,100,74.3,24.7,13.8,18.4,66.5,17.9,7.8,9.1,16.5,12.5,15.3,9.8,3.8,3.4,5.8,9.6,189,86,28,24,51,32,70,63,40,40,1645,207,22,21,184,91,507,147,365,94,231,124,224,72,112,62,1439,197,336,88,337,130,284,124,90,48,371,119,296,116,103,56,713,126,662,131,126,60,224,79,197,74,17,16,1451,200,1271,194,278,78,1359,198,1201,197,278,78,40,43,40,43,40,43,19,22,19,22,0,21,24,24,24,24,5,7,0,21,0,21,0,21,32,27,28,25,6,9,79,45,57,40,7,11,184,74,136,60,6,9,50211,9545,40938,31831,40857,6654,60238,11575,61652,28421,14.8,11.9,27,17,37,25.9,21.2,18.4,1.3,1.3,11.2,5.3,30.8,7.1,22.2,5.5,14,7,13.6,4.5,6.8,3.9,87.5,5.3,20.4,5.9,84.3,14.1,26.7,16,79.8,13.9,27.8,12.5,92.8,7,17.7,8.5,87.9,12.1,7.6,6.9,87.6,5.9,19.2,5.9,88.4,6,20.5,6.4,100,58.2,100,58.2,72.2,26.8,8.9,14.7,73.9,14.6,3.3,4.8,53.4,23.6,24.3,14.2,7.2,5.2,0.9,2.2
1400000US48497150607,Census Tract 1506.07; Wise County; Texas,226,84,5,7,137,57,63,37,21,23,2742,347,82,52,135,66,1106,248,783,176,199,80,291,84,146,63,2525,336,437,109,571,219,540,217,59,40,480,105,418,96,137,50,1069,195,968,186,171,69,622,115,599,115,70,37,2268,259,2139,265,375,102,2139,226,2032,230,363,97,13,13,13,13,8,9,6,8,6,8,2,5,22,23,22,23,16,17,7,13,6,11,0,15,211,185,167,162,4,7,215,111,172,99,32,23,496,244,394,224,33,38,47396,6314,47438,6101,43462,11646,59531,23179,99375,37369,2.2,3.2,60.6,13.9,27.9,11.6,9.3,8.9,3,1.8,4.9,2.3,40.3,6.5,28.6,5.3,7.3,2.9,10.6,2.8,5.3,2.3,92.1,3.1,15.9,3.7,94.6,4.8,10.3,7.1,87.1,8.2,28.5,8.3,90.6,4.8,16,6.1,96.3,2.7,11.3,5.1,94.3,2.9,16.5,4.2,95,2.3,17,4.2,100,100,61.5,30.2,80,18,14.9,10.1,79.4,10.9,6.7,6.7,24,15.4,7.1,5,7.1,6.4,3.4,3.4,117,51,5,7,80,41,29,22,3,6,1301,210,38,26,31,20,558,176,377,92,111,59,94,40,92,40,1232,205,186,58,294,164,294,164,11,11,216,60,197,57,44,23,505,100,463,93,76,45,286,61,278,61,55,31,1027,129,982,128,168,53,1002,127,957,125,156,47,5,6,5,6,0,15,0,15,0,15,0,15,1,4,1,4,1,4,5,8,5,8,0,15,140,142,129,138,4,7,123,62,110,60,13,14,259,160,237,157,21,32,60694,7224,50750,36119,57857,9515,53935,8283,108958,30099,143000,52794,4.3,6.2,68.4,16,24.8,15.4,2.6,4.9,2.9,2,2.4,1.5,42.9,8.7,29,6.8,8.5,4.4,7.2,3,7.1,3.2,94.7,2.4,14.3,4.5,100,15.6,3.7,4.6,91.2,9.1,20.4,9.2,91.7,5,15,8.4,97.2,3.1,19.2,9.8,95.6,2.3,16.4,5,95.5,2.3,15.6,4.7,100,100,0,100,89.4,13.7,10.6,11.8,91.5,8.7,8.1,12.1,18.8,24.6,1.6,3,3.3,2.6,4.8,6.4,109,53,0,15,57,42,34,28,18,22,1441,188,44,30,104,57,548,110,406,129,88,50,197,66,54,29,1293,190,251,74,277,94,246,94,48,37,264,60,221,54,93,43,564,125,505,126,95,42,336,89,321,88,15,11,1241,164,1157,171,207,68,1137,144,1075,148,207,68,8,9,8,9,8,9,6,8,6,8,2,5,21,22,21,22,15,15,2,6,1,4,0,15,71,61,38,36,0,15,92,65,62,55,19,16,237,133,157,125,12,16,30204,3866,24688,14536,28750,6890,45521,17241,73438,36911,0,34.8,52.3,23.9,31.2,23.4,16.5,18.2,3.1,2.1,7.2,3.9,38,6.9,28.2,7.2,6.1,3.3,13.7,4,3.7,2,89.7,4.7,17.4,4.4,88.8,9.6,17.3,11.6,83.7,10.9,35.2,13.7,89.5,6.5,16.8,6.8,95.5,4.2,4.5,3.3,93.2,4.4,16.7,4.8,94.5,3.1,18.2,5.3,100,100,100,100,67.4,27,20.7,15.2,66.2,21.1,5.1,5.2,26.4,24.2,12.6,7.8,10.9,11.7,2.4,3